provincia,anio,ciiu,total_vab_miles_usd
AZUAY,2018,ACTIVIDADES FINANCIERAS,295567360.0
AZUAY,2018,ACTIVIDADES PROFESIONALES E INMOBILIARIAS,628198720.0
AZUAY,2018,ADMINISTRACIÓN PÚBLICA,410542860.0
AZUAY,2018,"AGRICULTURA, GANADERÍA, SILVICULTURA Y PESCA",100010630.0
AZUAY,2018,ALOJAMIENTO Y SERVICIOS DE COMIDA,70504430.0
AZUAY,2018,COMERCIO,783554540.0
AZUAY,2018,CONSTRUCCIÓN,377162970.0
AZUAY,2018,ECONOMÍA TOTAL,4651016760.0
AZUAY,2018,ENSEÑANZA,289596970.0
AZUAY,2018,EXPLOTACIÓN DE MINAS Y CANTERAS,112635740.0
AZUAY,2018,MANUFACTURA,792271510.0
AZUAY,2018,OTROS SERVICIOS,86411430.0
AZUAY,2018,SALUD,235865930.0
AZUAY,2018,SUMINISTRO DE ELECTRICIDAD Y DE AGUA,204369230.0
AZUAY,2018,"TRANSPORTE, INFORMACIÓN Y COMUNICACIONES",264324440.0
AZUAY,2019,ACTIVIDADES FINANCIERAS,308381710.0
AZUAY,2019,ACTIVIDADES PROFESIONALES E INMOBILIARIAS,630613710.0
AZUAY,2019,ADMINISTRACIÓN PÚBLICA,409383070.0
AZUAY,2019,"AGRICULTURA, GANADERÍA, SILVICULTURA Y PESCA",103500280.0
AZUAY,2019,ALOJAMIENTO Y SERVICIOS DE COMIDA,76087210.0
AZUAY,2019,COMERCIO,745522340.0
AZUAY,2019,CONSTRUCCIÓN,338960890.0
AZUAY,2019,ECONOMÍA TOTAL,4655331710.0
AZUAY,2019,ENSEÑANZA,292604450.0
AZUAY,2019,EXPLOTACIÓN DE MINAS Y CANTERAS,128167210.0
AZUAY,2019,MANUFACTURA,778018890.0
AZUAY,2019,OTROS SERVICIOS,101641180.0
AZUAY,2019,SALUD,239444410.0
AZUAY,2019,SUMINISTRO DE ELECTRICIDAD Y DE AGUA,239846590.0
AZUAY,2019,"TRANSPORTE, INFORMACIÓN Y COMUNICACIONES",263159770.0
AZUAY,2020,ACTIVIDADES FINANCIERAS,297501420.0
AZUAY,2020,ACTIVIDADES PROFESIONALES E INMOBILIARIAS,593604240.0
AZUAY,2020,ADMINISTRACIÓN PÚBLICA,414462940.0
AZUAY,2020,"AGRICULTURA, GANADERÍA, SILVICULTURA Y PESCA",97257090.0
AZUAY,2020,ALOJAMIENTO Y SERVICIOS DE COMIDA,50176040.0
AZUAY,2020,COMERCIO,648007970.0
AZUAY,2020,CONSTRUCCIÓN,222873550.0
AZUAY,2020,ECONOMÍA TOTAL,4190463720.0
AZUAY,2020,ENSEÑANZA,271474770.0
AZUAY,2020,EXPLOTACIÓN DE MINAS Y CANTERAS,132695300.0
AZUAY,2020,MANUFACTURA,690472500.0
AZUAY,2020,OTROS SERVICIOS,87104380.0
AZUAY,2020,SALUD,257007450.0
AZUAY,2020,SUMINISTRO DE ELECTRICIDAD Y DE AGUA,216770820.0
AZUAY,2020,"TRANSPORTE, INFORMACIÓN Y COMUNICACIONES",211055250.0
AZUAY,2021,ACTIVIDADES FINANCIERAS,344331570.0
AZUAY,2021,ACTIVIDADES PROFESIONALES E INMOBILIARIAS,507950180.0
AZUAY,2021,ADMINISTRACIÓN PÚBLICA,415497480.0
AZUAY,2021,"AGRICULTURA, GANADERÍA, SILVICULTURA Y PESCA",107531370.0
AZUAY,2021,ALOJAMIENTO Y SERVICIOS DE COMIDA,67271400.0
AZUAY,2021,COMERCIO,853292960.0
AZUAY,2021,CONSTRUCCIÓN,295365640.0
AZUAY,2021,ECONOMÍA TOTAL,4514245090.0
AZUAY,2021,ENSEÑANZA,277844100.0
AZUAY,2021,EXPLOTACIÓN DE MINAS Y CANTERAS,110523450.0
AZUAY,2021,MANUFACTURA,783954940.0
AZUAY,2021,OTROS SERVICIOS,98335640.0
AZUAY,2021,SALUD,211443130.0
AZUAY,2021,SUMINISTRO DE ELECTRICIDAD Y DE AGUA,226891550.0
AZUAY,2021,"TRANSPORTE, INFORMACIÓN Y COMUNICACIONES",214011680.0
AZUAY,2022,ACTIVIDADES FINANCIERAS,421398780.0
AZUAY,2022,ACTIVIDADES PROFESIONALES E INMOBILIARIAS,566973550.0
AZUAY,2022,ADMINISTRACIÓN PÚBLICA,438264700.0
AZUAY,2022,"AGRICULTURA, GANADERÍA, SILVICULTURA Y PESCA",88021550.0
AZUAY,2022,ALOJAMIENTO Y SERVICIOS DE COMIDA,78457880.0
AZUAY,2022,COMERCIO,985635670.0
AZUAY,2022,CONSTRUCCIÓN,319686310.0
AZUAY,2022,ECONOMÍA TOTAL,4883904120.0
AZUAY,2022,ENSEÑANZA,249569820.0
AZUAY,2022,EXPLOTACIÓN DE MINAS Y CANTERAS,114751350.0
AZUAY,2022,MANUFACTURA,784191510.0
AZUAY,2022,OTROS SERVICIOS,99326540.0
AZUAY,2022,SALUD,279135350.0
AZUAY,2022,SUMINISTRO DE ELECTRICIDAD Y DE AGUA,234867850.0
AZUAY,2022,"TRANSPORTE, INFORMACIÓN Y COMUNICACIONES",223623260.0
AZUAY,2023,ACTIVIDADES FINANCIERAS,430522630.0
AZUAY,2023,ACTIVIDADES PROFESIONALES E INMOBILIARIAS,548944580.0
AZUAY,2023,ADMINISTRACIÓN PÚBLICA,284862080.0
AZUAY,2023,"AGRICULTURA, GANADERÍA, SILVICULTURA Y PESCA",99337590.0
AZUAY,2023,ALOJAMIENTO Y SERVICIOS DE COMIDA,84959280.0
AZUAY,2023,COMERCIO,898272180.0
AZUAY,2023,CONSTRUCCIÓN,349684810.0
AZUAY,2023,ECONOMÍA TOTAL,5003714790.0
AZUAY,2023,ENSEÑANZA,255859930.0
AZUAY,2023,EXPLOTACIÓN DE MINAS Y CANTERAS,295611940.0
AZUAY,2023,MANUFACTURA,885927800.0
AZUAY,2023,OTROS SERVICIOS,96351710.0
AZUAY,2023,SALUD,288861250.0
AZUAY,2023,SUMINISTRO DE ELECTRICIDAD Y DE AGUA,245924010.0
AZUAY,2023,"TRANSPORTE, INFORMACIÓN Y COMUNICACIONES",238595000.0
AZUAY,2024,ACTIVIDADES FINANCIERAS,466394390.0
AZUAY,2024,ACTIVIDADES PROFESIONALES E INMOBILIARIAS,637421290.0
AZUAY,2024,ADMINISTRACIÓN PÚBLICA,472578640.0
AZUAY,2024,"AGRICULTURA, GANADERÍA, SILVICULTURA Y PESCA",112363660.0
AZUAY,2024,ALOJAMIENTO Y SERVICIOS DE COMIDA,104556080.0
AZUAY,2024,COMERCIO,898841060.0
AZUAY,2024,CONSTRUCCIÓN,332907170.0
AZUAY,2024,ECONOMÍA TOTAL,5331094910.0
AZUAY,2024,ENSEÑANZA,304241330.0
AZUAY,2024,EXPLOTACIÓN DE MINAS Y CANTERAS,254856120.0
AZUAY,2024,MANUFACTURA,824931500.0
AZUAY,2024,OTROS SERVICIOS,102064490.0
AZUAY,2024,SALUD,278940960.0
AZUAY,2024,SUMINISTRO DE ELECTRICIDAD Y DE AGUA,297932650.0
AZUAY,2024,"TRANSPORTE, INFORMACIÓN Y COMUNICACIONES",243065570.0
BOLÍVAR,2018,ACTIVIDADES FINANCIERAS,23014970.0
BOLÍVAR,2018,ACTIVIDADES PROFESIONALES E INMOBILIARIAS,22956480.0
BOLÍVAR,2018,ADMINISTRACIÓN PÚBLICA,83436680.0
BOLÍVAR,2018,"AGRICULTURA, GANADERÍA, SILVICULTURA Y PESCA",112613790.0
BOLÍVAR,2018,ALOJAMIENTO Y SERVICIOS DE COMIDA,2570780.0
BOLÍVAR,2018,COMERCIO,37456630.0
BOLÍVAR,2018,CONSTRUCCIÓN,21320610.0
BOLÍVAR,2018,ECONOMÍA TOTAL,416237960.0
BOLÍVAR,2018,ENSEÑANZA,61201740.0
BOLÍVAR,2018,EXPLOTACIÓN DE MINAS Y CANTERAS,145660.0
BOLÍVAR,2018,MANUFACTURA,5970400.0
BOLÍVAR,2018,OTROS SERVICIOS,7131910.0
BOLÍVAR,2018,SALUD,16427730.0
BOLÍVAR,2018,SUMINISTRO DE ELECTRICIDAD Y DE AGUA,5549200.0
BOLÍVAR,2018,"TRANSPORTE, INFORMACIÓN Y COMUNICACIONES",16441380.0
BOLÍVAR,2019,ACTIVIDADES FINANCIERAS,23659160.0
BOLÍVAR,2019,ACTIVIDADES PROFESIONALES E INMOBILIARIAS,17564360.0
BOLÍVAR,2019,ADMINISTRACIÓN PÚBLICA,78081350.0
BOLÍVAR,2019,"AGRICULTURA, GANADERÍA, SILVICULTURA Y PESCA",118650670.0
BOLÍVAR,2019,ALOJAMIENTO Y SERVICIOS DE COMIDA,2852940.0
BOLÍVAR,2019,COMERCIO,38550950.0
BOLÍVAR,2019,CONSTRUCCIÓN,21470980.0
BOLÍVAR,2019,ECONOMÍA TOTAL,413973610.0
BOLÍVAR,2019,ENSEÑANZA,59835290.0
BOLÍVAR,2019,EXPLOTACIÓN DE MINAS Y CANTERAS,359200.0
BOLÍVAR,2019,MANUFACTURA,5547000.0
BOLÍVAR,2019,OTROS SERVICIOS,8202510.0
BOLÍVAR,2019,SALUD,15220970.0
BOLÍVAR,2019,SUMINISTRO DE ELECTRICIDAD Y DE AGUA,6312440.0
BOLÍVAR,2019,"TRANSPORTE, INFORMACIÓN Y COMUNICACIONES",17665790.0
BOLÍVAR,2020,ACTIVIDADES FINANCIERAS,22108920.0
BOLÍVAR,2020,ACTIVIDADES PROFESIONALES E INMOBILIARIAS,16881280.0
BOLÍVAR,2020,ADMINISTRACIÓN PÚBLICA,82983590.0
BOLÍVAR,2020,"AGRICULTURA, GANADERÍA, SILVICULTURA Y PESCA",137595150.0
BOLÍVAR,2020,ALOJAMIENTO Y SERVICIOS DE COMIDA,1607190.0
BOLÍVAR,2020,COMERCIO,29959440.0
BOLÍVAR,2020,CONSTRUCCIÓN,16701080.0
BOLÍVAR,2020,ECONOMÍA TOTAL,407562660.0
BOLÍVAR,2020,ENSEÑANZA,52292610.0
BOLÍVAR,2020,EXPLOTACIÓN DE MINAS Y CANTERAS,679470.0
BOLÍVAR,2020,MANUFACTURA,4962420.0
BOLÍVAR,2020,OTROS SERVICIOS,5605930.0
BOLÍVAR,2020,SALUD,17294080.0
BOLÍVAR,2020,SUMINISTRO DE ELECTRICIDAD Y DE AGUA,5822950.0
BOLÍVAR,2020,"TRANSPORTE, INFORMACIÓN Y COMUNICACIONES",13068550.0
BOLÍVAR,2021,ACTIVIDADES FINANCIERAS,25551570.0
BOLÍVAR,2021,ACTIVIDADES PROFESIONALES E INMOBILIARIAS,19209550.0
BOLÍVAR,2021,ADMINISTRACIÓN PÚBLICA,78489930.0
BOLÍVAR,2021,"AGRICULTURA, GANADERÍA, SILVICULTURA Y PESCA",135180080.0
BOLÍVAR,2021,ALOJAMIENTO Y SERVICIOS DE COMIDA,1951070.0
BOLÍVAR,2021,COMERCIO,38706060.0
BOLÍVAR,2021,CONSTRUCCIÓN,19414740.0
BOLÍVAR,2021,ECONOMÍA TOTAL,415758410.0
BOLÍVAR,2021,ENSEÑANZA,52768780.0
BOLÍVAR,2021,EXPLOTACIÓN DE MINAS Y CANTERAS,1464950.0
BOLÍVAR,2021,MANUFACTURA,4583640.0
BOLÍVAR,2021,OTROS SERVICIOS,6722970.0
BOLÍVAR,2021,SALUD,13042570.0
BOLÍVAR,2021,SUMINISTRO DE ELECTRICIDAD Y DE AGUA,6022150.0
BOLÍVAR,2021,"TRANSPORTE, INFORMACIÓN Y COMUNICACIONES",12650350.0
BOLÍVAR,2022,ACTIVIDADES FINANCIERAS,31941400.0
BOLÍVAR,2022,ACTIVIDADES PROFESIONALES E INMOBILIARIAS,19669740.0
BOLÍVAR,2022,ADMINISTRACIÓN PÚBLICA,87214400.0
BOLÍVAR,2022,"AGRICULTURA, GANADERÍA, SILVICULTURA Y PESCA",148456540.0
BOLÍVAR,2022,ALOJAMIENTO Y SERVICIOS DE COMIDA,2197420.0
BOLÍVAR,2022,COMERCIO,39376000.0
BOLÍVAR,2022,CONSTRUCCIÓN,23956810.0
BOLÍVAR,2022,ECONOMÍA TOTAL,465260220.0
BOLÍVAR,2022,ENSEÑANZA,63149630.0
BOLÍVAR,2022,EXPLOTACIÓN DE MINAS Y CANTERAS,1738420.0
BOLÍVAR,2022,MANUFACTURA,4172270.0
BOLÍVAR,2022,OTROS SERVICIOS,6914200.0
BOLÍVAR,2022,SALUD,15402520.0
BOLÍVAR,2022,SUMINISTRO DE ELECTRICIDAD Y DE AGUA,5734820.0
BOLÍVAR,2022,"TRANSPORTE, INFORMACIÓN Y COMUNICACIONES",15336050.0
BOLÍVAR,2023,ACTIVIDADES FINANCIERAS,35297820.0
BOLÍVAR,2023,ACTIVIDADES PROFESIONALES E INMOBILIARIAS,16955480.0
BOLÍVAR,2023,ADMINISTRACIÓN PÚBLICA,35058890.0
BOLÍVAR,2023,"AGRICULTURA, GANADERÍA, SILVICULTURA Y PESCA",188245080.0
BOLÍVAR,2023,ALOJAMIENTO Y SERVICIOS DE COMIDA,893980.0
BOLÍVAR,2023,COMERCIO,43228370.0
BOLÍVAR,2023,CONSTRUCCIÓN,31083100.0
BOLÍVAR,2023,ECONOMÍA TOTAL,474611750.0
BOLÍVAR,2023,ENSEÑANZA,68562760.0
BOLÍVAR,2023,EXPLOTACIÓN DE MINAS Y CANTERAS,1102050.0
BOLÍVAR,2023,MANUFACTURA,6116820.0
BOLÍVAR,2023,OTROS SERVICIOS,9985910.0
BOLÍVAR,2023,SALUD,17233850.0
BOLÍVAR,2023,SUMINISTRO DE ELECTRICIDAD Y DE AGUA,5247410.0
BOLÍVAR,2023,"TRANSPORTE, INFORMACIÓN Y COMUNICACIONES",15600230.0
BOLÍVAR,2024,ACTIVIDADES FINANCIERAS,32696080.0
BOLÍVAR,2024,ACTIVIDADES PROFESIONALES E INMOBILIARIAS,18444070.0
BOLÍVAR,2024,ADMINISTRACIÓN PÚBLICA,39454620.0
BOLÍVAR,2024,"AGRICULTURA, GANADERÍA, SILVICULTURA Y PESCA",339155430.0
BOLÍVAR,2024,ALOJAMIENTO Y SERVICIOS DE COMIDA,955900.0
BOLÍVAR,2024,COMERCIO,53203960.0
BOLÍVAR,2024,CONSTRUCCIÓN,24700620.0
BOLÍVAR,2024,ECONOMÍA TOTAL,626360880.0
BOLÍVAR,2024,ENSEÑANZA,65940620.0
BOLÍVAR,2024,EXPLOTACIÓN DE MINAS Y CANTERAS,1011100.0
BOLÍVAR,2024,MANUFACTURA,4839430.0
BOLÍVAR,2024,OTROS SERVICIOS,8446440.0
BOLÍVAR,2024,SALUD,16698820.0
BOLÍVAR,2024,SUMINISTRO DE ELECTRICIDAD Y DE AGUA,4442200.0
BOLÍVAR,2024,"TRANSPORTE, INFORMACIÓN Y COMUNICACIONES",16371590.0
CARCHI,2018,ACTIVIDADES FINANCIERAS,29502160.0
CARCHI,2018,ACTIVIDADES PROFESIONALES E INMOBILIARIAS,23305080.0
CARCHI,2018,ADMINISTRACIÓN PÚBLICA,96045710.0
CARCHI,2018,"AGRICULTURA, GANADERÍA, SILVICULTURA Y PESCA",182024660.0
CARCHI,2018,ALOJAMIENTO Y SERVICIOS DE COMIDA,4311790.0
CARCHI,2018,COMERCIO,64140970.0
CARCHI,2018,CONSTRUCCIÓN,24708380.0
CARCHI,2018,ECONOMÍA TOTAL,599036590.0
CARCHI,2018,ENSEÑANZA,45716850.0
CARCHI,2018,EXPLOTACIÓN DE MINAS Y CANTERAS,94360.0
CARCHI,2018,MANUFACTURA,33560090.0
CARCHI,2018,OTROS SERVICIOS,9084960.0
CARCHI,2018,SALUD,11958360.0
CARCHI,2018,SUMINISTRO DE ELECTRICIDAD Y DE AGUA,6965960.0
CARCHI,2018,"TRANSPORTE, INFORMACIÓN Y COMUNICACIONES",67617260.0
CARCHI,2019,ACTIVIDADES FINANCIERAS,28536410.0
CARCHI,2019,ACTIVIDADES PROFESIONALES E INMOBILIARIAS,27090860.0
CARCHI,2019,ADMINISTRACIÓN PÚBLICA,87548730.0
CARCHI,2019,"AGRICULTURA, GANADERÍA, SILVICULTURA Y PESCA",199573520.0
CARCHI,2019,ALOJAMIENTO Y SERVICIOS DE COMIDA,4801340.0
CARCHI,2019,COMERCIO,65259470.0
CARCHI,2019,CONSTRUCCIÓN,22767110.0
CARCHI,2019,ECONOMÍA TOTAL,604673190.0
CARCHI,2019,ENSEÑANZA,44817260.0
CARCHI,2019,EXPLOTACIÓN DE MINAS Y CANTERAS,134770.0
CARCHI,2019,MANUFACTURA,22935480.0
CARCHI,2019,OTROS SERVICIOS,11451080.0
CARCHI,2019,SALUD,11773430.0
CARCHI,2019,SUMINISTRO DE ELECTRICIDAD Y DE AGUA,8198080.0
CARCHI,2019,"TRANSPORTE, INFORMACIÓN Y COMUNICACIONES",69785650.0
CARCHI,2020,ACTIVIDADES FINANCIERAS,25699320.0
CARCHI,2020,ACTIVIDADES PROFESIONALES E INMOBILIARIAS,20706010.0
CARCHI,2020,ADMINISTRACIÓN PÚBLICA,90238970.0
CARCHI,2020,"AGRICULTURA, GANADERÍA, SILVICULTURA Y PESCA",178366800.0
CARCHI,2020,ALOJAMIENTO Y SERVICIOS DE COMIDA,3314010.0
CARCHI,2020,COMERCIO,50433880.0
CARCHI,2020,CONSTRUCCIÓN,14100510.0
CARCHI,2020,ECONOMÍA TOTAL,532325520.0
CARCHI,2020,ENSEÑANZA,40029040.0
CARCHI,2020,EXPLOTACIÓN DE MINAS Y CANTERAS,50900.0
CARCHI,2020,MANUFACTURA,20186200.0
CARCHI,2020,OTROS SERVICIOS,9040820.0
CARCHI,2020,SALUD,12111170.0
CARCHI,2020,SUMINISTRO DE ELECTRICIDAD Y DE AGUA,7785580.0
CARCHI,2020,"TRANSPORTE, INFORMACIÓN Y COMUNICACIONES",60262310.0
CARCHI,2021,ACTIVIDADES FINANCIERAS,32542940.0
CARCHI,2021,ACTIVIDADES PROFESIONALES E INMOBILIARIAS,20706540.0
CARCHI,2021,ADMINISTRACIÓN PÚBLICA,96047410.0
CARCHI,2021,"AGRICULTURA, GANADERÍA, SILVICULTURA Y PESCA",177640740.0
CARCHI,2021,ALOJAMIENTO Y SERVICIOS DE COMIDA,4023570.0
CARCHI,2021,COMERCIO,62411950.0
CARCHI,2021,CONSTRUCCIÓN,18484080.0
CARCHI,2021,ECONOMÍA TOTAL,569486420.0
CARCHI,2021,ENSEÑANZA,40872190.0
CARCHI,2021,EXPLOTACIÓN DE MINAS Y CANTERAS,45020.0
CARCHI,2021,MANUFACTURA,19190470.0
CARCHI,2021,OTROS SERVICIOS,10872540.0
CARCHI,2021,SALUD,10677570.0
CARCHI,2021,SUMINISTRO DE ELECTRICIDAD Y DE AGUA,9545710.0
CARCHI,2021,"TRANSPORTE, INFORMACIÓN Y COMUNICACIONES",66425690.0
CARCHI,2022,ACTIVIDADES FINANCIERAS,33219000.0
CARCHI,2022,ACTIVIDADES PROFESIONALES E INMOBILIARIAS,27724930.0
CARCHI,2022,ADMINISTRACIÓN PÚBLICA,102905540.0
CARCHI,2022,"AGRICULTURA, GANADERÍA, SILVICULTURA Y PESCA",162330620.0
CARCHI,2022,ALOJAMIENTO Y SERVICIOS DE COMIDA,3721870.0
CARCHI,2022,COMERCIO,72340650.0
CARCHI,2022,CONSTRUCCIÓN,20166150.0
CARCHI,2022,ECONOMÍA TOTAL,595048780.0
CARCHI,2022,ENSEÑANZA,45448160.0
CARCHI,2022,EXPLOTACIÓN DE MINAS Y CANTERAS,224650.0
CARCHI,2022,MANUFACTURA,18065480.0
CARCHI,2022,OTROS SERVICIOS,12408240.0
CARCHI,2022,SALUD,12102850.0
CARCHI,2022,SUMINISTRO DE ELECTRICIDAD Y DE AGUA,8352000.0
CARCHI,2022,"TRANSPORTE, INFORMACIÓN Y COMUNICACIONES",76038640.0
CARCHI,2023,ACTIVIDADES FINANCIERAS,37177750.0
CARCHI,2023,ACTIVIDADES PROFESIONALES E INMOBILIARIAS,23677080.0
CARCHI,2023,ADMINISTRACIÓN PÚBLICA,58641310.0
CARCHI,2023,"AGRICULTURA, GANADERÍA, SILVICULTURA Y PESCA",207467720.0
CARCHI,2023,ALOJAMIENTO Y SERVICIOS DE COMIDA,1742330.0
CARCHI,2023,COMERCIO,66919350.0
CARCHI,2023,CONSTRUCCIÓN,24923900.0
CARCHI,2023,ECONOMÍA TOTAL,592439460.0
CARCHI,2023,ENSEÑANZA,51080610.0
CARCHI,2023,EXPLOTACIÓN DE MINAS Y CANTERAS,89710.0
CARCHI,2023,MANUFACTURA,19106320.0
CARCHI,2023,OTROS SERVICIOS,9703490.0
CARCHI,2023,SALUD,12076150.0
CARCHI,2023,SUMINISTRO DE ELECTRICIDAD Y DE AGUA,6180700.0
CARCHI,2023,"TRANSPORTE, INFORMACIÓN Y COMUNICACIONES",73653040.0
CARCHI,2024,ACTIVIDADES FINANCIERAS,40037740.0
CARCHI,2024,ACTIVIDADES PROFESIONALES E INMOBILIARIAS,26713990.0
CARCHI,2024,ADMINISTRACIÓN PÚBLICA,91734850.0
CARCHI,2024,"AGRICULTURA, GANADERÍA, SILVICULTURA Y PESCA",163598280.0
CARCHI,2024,ALOJAMIENTO Y SERVICIOS DE COMIDA,1764360.0
CARCHI,2024,COMERCIO,67245400.0
CARCHI,2024,CONSTRUCCIÓN,26122060.0
CARCHI,2024,ECONOMÍA TOTAL,580654100.0
CARCHI,2024,ENSEÑANZA,48367750.0
CARCHI,2024,EXPLOTACIÓN DE MINAS Y CANTERAS,1028550.0
CARCHI,2024,MANUFACTURA,15496290.0
CARCHI,2024,OTROS SERVICIOS,9032820.0
CARCHI,2024,SALUD,13307470.0
CARCHI,2024,SUMINISTRO DE ELECTRICIDAD Y DE AGUA,6567130.0
CARCHI,2024,"TRANSPORTE, INFORMACIÓN Y COMUNICACIONES",69637410.0
CAÑAR,2018,ACTIVIDADES FINANCIERAS,57792350.0
CAÑAR,2018,ACTIVIDADES PROFESIONALES E INMOBILIARIAS,47883960.0
CAÑAR,2018,ADMINISTRACIÓN PÚBLICA,124301890.0
CAÑAR,2018,"AGRICULTURA, GANADERÍA, SILVICULTURA Y PESCA",144482750.0
CAÑAR,2018,ALOJAMIENTO Y SERVICIOS DE COMIDA,4506400.0
CAÑAR,2018,COMERCIO,79749580.0
CAÑAR,2018,CONSTRUCCIÓN,56219330.0
CAÑAR,2018,ECONOMÍA TOTAL,802704970.0
CAÑAR,2018,ENSEÑANZA,77845660.0
CAÑAR,2018,EXPLOTACIÓN DE MINAS Y CANTERAS,668750.0
CAÑAR,2018,MANUFACTURA,94002260.0
CAÑAR,2018,OTROS SERVICIOS,11326580.0
CAÑAR,2018,SALUD,25371130.0
CAÑAR,2018,SUMINISTRO DE ELECTRICIDAD Y DE AGUA,17763430.0
CAÑAR,2018,"TRANSPORTE, INFORMACIÓN Y COMUNICACIONES",60790900.0
CAÑAR,2019,ACTIVIDADES FINANCIERAS,58097360.0
CAÑAR,2019,ACTIVIDADES PROFESIONALES E INMOBILIARIAS,47568680.0
CAÑAR,2019,ADMINISTRACIÓN PÚBLICA,119965930.0
CAÑAR,2019,"AGRICULTURA, GANADERÍA, SILVICULTURA Y PESCA",124858420.0
CAÑAR,2019,ALOJAMIENTO Y SERVICIOS DE COMIDA,5174040.0
CAÑAR,2019,COMERCIO,78197850.0
CAÑAR,2019,CONSTRUCCIÓN,52581150.0
CAÑAR,2019,ECONOMÍA TOTAL,788834700.0
CAÑAR,2019,ENSEÑANZA,82065650.0
CAÑAR,2019,EXPLOTACIÓN DE MINAS Y CANTERAS,599860.0
CAÑAR,2019,MANUFACTURA,96571230.0
CAÑAR,2019,OTROS SERVICIOS,11970170.0
CAÑAR,2019,SALUD,26924860.0
CAÑAR,2019,SUMINISTRO DE ELECTRICIDAD Y DE AGUA,20133970.0
CAÑAR,2019,"TRANSPORTE, INFORMACIÓN Y COMUNICACIONES",64125530.0
CAÑAR,2020,ACTIVIDADES FINANCIERAS,53894850.0
CAÑAR,2020,ACTIVIDADES PROFESIONALES E INMOBILIARIAS,36789640.0
CAÑAR,2020,ADMINISTRACIÓN PÚBLICA,128809980.0
CAÑAR,2020,"AGRICULTURA, GANADERÍA, SILVICULTURA Y PESCA",113029980.0
CAÑAR,2020,ALOJAMIENTO Y SERVICIOS DE COMIDA,3040430.0
CAÑAR,2020,COMERCIO,62825190.0
CAÑAR,2020,CONSTRUCCIÓN,36364570.0
CAÑAR,2020,ECONOMÍA TOTAL,705026240.0
CAÑAR,2020,ENSEÑANZA,76130750.0
CAÑAR,2020,EXPLOTACIÓN DE MINAS Y CANTERAS,384480.0
CAÑAR,2020,MANUFACTURA,81730510.0
CAÑAR,2020,OTROS SERVICIOS,9425730.0
CAÑAR,2020,SALUD,28606950.0
CAÑAR,2020,SUMINISTRO DE ELECTRICIDAD Y DE AGUA,19069830.0
CAÑAR,2020,"TRANSPORTE, INFORMACIÓN Y COMUNICACIONES",54923350.0
CAÑAR,2021,ACTIVIDADES FINANCIERAS,62206810.0
CAÑAR,2021,ACTIVIDADES PROFESIONALES E INMOBILIARIAS,38606530.0
CAÑAR,2021,ADMINISTRACIÓN PÚBLICA,129845560.0
CAÑAR,2021,"AGRICULTURA, GANADERÍA, SILVICULTURA Y PESCA",102541450.0
CAÑAR,2021,ALOJAMIENTO Y SERVICIOS DE COMIDA,3879550.0
CAÑAR,2021,COMERCIO,73482250.0
CAÑAR,2021,CONSTRUCCIÓN,46459590.0
CAÑAR,2021,ECONOMÍA TOTAL,764813190.0
CAÑAR,2021,ENSEÑANZA,78209400.0
CAÑAR,2021,EXPLOTACIÓN DE MINAS Y CANTERAS,423270.0
CAÑAR,2021,MANUFACTURA,114193200.0
CAÑAR,2021,OTROS SERVICIOS,11128960.0
CAÑAR,2021,SALUD,24466210.0
CAÑAR,2021,SUMINISTRO DE ELECTRICIDAD Y DE AGUA,20334580.0
CAÑAR,2021,"TRANSPORTE, INFORMACIÓN Y COMUNICACIONES",59035830.0
CAÑAR,2022,ACTIVIDADES FINANCIERAS,73386710.0
CAÑAR,2022,ACTIVIDADES PROFESIONALES E INMOBILIARIAS,44538860.0
CAÑAR,2022,ADMINISTRACIÓN PÚBLICA,149028020.0
CAÑAR,2022,"AGRICULTURA, GANADERÍA, SILVICULTURA Y PESCA",77672950.0
CAÑAR,2022,ALOJAMIENTO Y SERVICIOS DE COMIDA,3690480.0
CAÑAR,2022,COMERCIO,92064670.0
CAÑAR,2022,CONSTRUCCIÓN,46961130.0
CAÑAR,2022,ECONOMÍA TOTAL,809849270.0
CAÑAR,2022,ENSEÑANZA,92209840.0
CAÑAR,2022,EXPLOTACIÓN DE MINAS Y CANTERAS,648160.0
CAÑAR,2022,MANUFACTURA,115240010.0
CAÑAR,2022,OTROS SERVICIOS,12216350.0
CAÑAR,2022,SALUD,28885640.0
CAÑAR,2022,SUMINISTRO DE ELECTRICIDAD Y DE AGUA,18459620.0
CAÑAR,2022,"TRANSPORTE, INFORMACIÓN Y COMUNICACIONES",54846830.0
CAÑAR,2023,ACTIVIDADES FINANCIERAS,73713470.0
CAÑAR,2023,ACTIVIDADES PROFESIONALES E INMOBILIARIAS,46996610.0
CAÑAR,2023,ADMINISTRACIÓN PÚBLICA,71564330.0
CAÑAR,2023,"AGRICULTURA, GANADERÍA, SILVICULTURA Y PESCA",113363460.0
CAÑAR,2023,ALOJAMIENTO Y SERVICIOS DE COMIDA,2306980.0
CAÑAR,2023,COMERCIO,99976690.0
CAÑAR,2023,CONSTRUCCIÓN,50062540.0
CAÑAR,2023,ECONOMÍA TOTAL,807578920.0
CAÑAR,2023,ENSEÑANZA,106475330.0
CAÑAR,2023,EXPLOTACIÓN DE MINAS Y CANTERAS,762350.0
CAÑAR,2023,MANUFACTURA,110181120.0
CAÑAR,2023,OTROS SERVICIOS,12024120.0
CAÑAR,2023,SALUD,29588240.0
CAÑAR,2023,SUMINISTRO DE ELECTRICIDAD Y DE AGUA,17664800.0
CAÑAR,2023,"TRANSPORTE, INFORMACIÓN Y COMUNICACIONES",72898880.0
CAÑAR,2024,ACTIVIDADES FINANCIERAS,73300300.0
CAÑAR,2024,ACTIVIDADES PROFESIONALES E INMOBILIARIAS,47769470.0
CAÑAR,2024,ADMINISTRACIÓN PÚBLICA,134699700.0
CAÑAR,2024,"AGRICULTURA, GANADERÍA, SILVICULTURA Y PESCA",94685020.0
CAÑAR,2024,ALOJAMIENTO Y SERVICIOS DE COMIDA,3586300.0
CAÑAR,2024,COMERCIO,110114500.0
CAÑAR,2024,CONSTRUCCIÓN,48937700.0
CAÑAR,2024,ECONOMÍA TOTAL,857451490.0
CAÑAR,2024,ENSEÑANZA,94722650.0
CAÑAR,2024,EXPLOTACIÓN DE MINAS Y CANTERAS,833270.0
CAÑAR,2024,MANUFACTURA,129291950.0
CAÑAR,2024,OTROS SERVICIOS,9641580.0
CAÑAR,2024,SALUD,32757130.0
CAÑAR,2024,SUMINISTRO DE ELECTRICIDAD Y DE AGUA,17428200.0
CAÑAR,2024,"TRANSPORTE, INFORMACIÓN Y COMUNICACIONES",59683720.0
CHIMBORAZO,2018,ACTIVIDADES FINANCIERAS,56806910.0
CHIMBORAZO,2018,ACTIVIDADES PROFESIONALES E INMOBILIARIAS,117644790.0
CHIMBORAZO,2018,ADMINISTRACIÓN PÚBLICA,249108570.0
CHIMBORAZO,2018,"AGRICULTURA, GANADERÍA, SILVICULTURA Y PESCA",141306410.0
CHIMBORAZO,2018,ALOJAMIENTO Y SERVICIOS DE COMIDA,19919210.0
CHIMBORAZO,2018,COMERCIO,178814660.0
CHIMBORAZO,2018,CONSTRUCCIÓN,104891320.0
CHIMBORAZO,2018,ECONOMÍA TOTAL,1339980770.0
CHIMBORAZO,2018,ENSEÑANZA,183371520.0
CHIMBORAZO,2018,EXPLOTACIÓN DE MINAS Y CANTERAS,2897480.0
CHIMBORAZO,2018,MANUFACTURA,119880450.0
CHIMBORAZO,2018,OTROS SERVICIOS,17200380.0
CHIMBORAZO,2018,SALUD,68337870.0
CHIMBORAZO,2018,SUMINISTRO DE ELECTRICIDAD Y DE AGUA,19190160.0
CHIMBORAZO,2018,"TRANSPORTE, INFORMACIÓN Y COMUNICACIONES",60611040.0
CHIMBORAZO,2019,ACTIVIDADES FINANCIERAS,59701890.0
CHIMBORAZO,2019,ACTIVIDADES PROFESIONALES E INMOBILIARIAS,126622340.0
CHIMBORAZO,2019,ADMINISTRACIÓN PÚBLICA,247651430.0
CHIMBORAZO,2019,"AGRICULTURA, GANADERÍA, SILVICULTURA Y PESCA",157570380.0
CHIMBORAZO,2019,ALOJAMIENTO Y SERVICIOS DE COMIDA,20390250.0
CHIMBORAZO,2019,COMERCIO,190863890.0
CHIMBORAZO,2019,CONSTRUCCIÓN,99261280.0
CHIMBORAZO,2019,ECONOMÍA TOTAL,1378326400.0
CHIMBORAZO,2019,ENSEÑANZA,178703080.0
CHIMBORAZO,2019,EXPLOTACIÓN DE MINAS Y CANTERAS,2269900.0
CHIMBORAZO,2019,MANUFACTURA,122107090.0
CHIMBORAZO,2019,OTROS SERVICIOS,21199290.0
CHIMBORAZO,2019,SALUD,65276980.0
CHIMBORAZO,2019,SUMINISTRO DE ELECTRICIDAD Y DE AGUA,20552320.0
CHIMBORAZO,2019,"TRANSPORTE, INFORMACIÓN Y COMUNICACIONES",66156280.0
CHIMBORAZO,2020,ACTIVIDADES FINANCIERAS,54501230.0
CHIMBORAZO,2020,ACTIVIDADES PROFESIONALES E INMOBILIARIAS,95280000.0
CHIMBORAZO,2020,ADMINISTRACIÓN PÚBLICA,248980180.0
CHIMBORAZO,2020,"AGRICULTURA, GANADERÍA, SILVICULTURA Y PESCA",134481760.0
CHIMBORAZO,2020,ALOJAMIENTO Y SERVICIOS DE COMIDA,11746300.0
CHIMBORAZO,2020,COMERCIO,136063340.0
CHIMBORAZO,2020,CONSTRUCCIÓN,67616180.0
CHIMBORAZO,2020,ECONOMÍA TOTAL,1179658100.0
CHIMBORAZO,2020,ENSEÑANZA,165426860.0
CHIMBORAZO,2020,EXPLOTACIÓN DE MINAS Y CANTERAS,1713290.0
CHIMBORAZO,2020,MANUFACTURA,103491250.0
CHIMBORAZO,2020,OTROS SERVICIOS,19213990.0
CHIMBORAZO,2020,SALUD,74730350.0
CHIMBORAZO,2020,SUMINISTRO DE ELECTRICIDAD Y DE AGUA,18698080.0
CHIMBORAZO,2020,"TRANSPORTE, INFORMACIÓN Y COMUNICACIONES",47715290.0
CHIMBORAZO,2021,ACTIVIDADES FINANCIERAS,75716520.0
CHIMBORAZO,2021,ACTIVIDADES PROFESIONALES E INMOBILIARIAS,89078650.0
CHIMBORAZO,2021,ADMINISTRACIÓN PÚBLICA,197121300.0
CHIMBORAZO,2021,"AGRICULTURA, GANADERÍA, SILVICULTURA Y PESCA",173613830.0
CHIMBORAZO,2021,ALOJAMIENTO Y SERVICIOS DE COMIDA,15206560.0
CHIMBORAZO,2021,COMERCIO,163641490.0
CHIMBORAZO,2021,CONSTRUCCIÓN,80578600.0
CHIMBORAZO,2021,ECONOMÍA TOTAL,1234219920.0
CHIMBORAZO,2021,ENSEÑANZA,166629870.0
CHIMBORAZO,2021,EXPLOTACIÓN DE MINAS Y CANTERAS,2455290.0
CHIMBORAZO,2021,MANUFACTURA,103802030.0
CHIMBORAZO,2021,OTROS SERVICIOS,20590460.0
CHIMBORAZO,2021,SALUD,67160010.0
CHIMBORAZO,2021,SUMINISTRO DE ELECTRICIDAD Y DE AGUA,24107430.0
CHIMBORAZO,2021,"TRANSPORTE, INFORMACIÓN Y COMUNICACIONES",54517880.0
CHIMBORAZO,2022,ACTIVIDADES FINANCIERAS,104495570.0
CHIMBORAZO,2022,ACTIVIDADES PROFESIONALES E INMOBILIARIAS,94598990.0
CHIMBORAZO,2022,ADMINISTRACIÓN PÚBLICA,101554060.0
CHIMBORAZO,2022,"AGRICULTURA, GANADERÍA, SILVICULTURA Y PESCA",172063080.0
CHIMBORAZO,2022,ALOJAMIENTO Y SERVICIOS DE COMIDA,17774080.0
CHIMBORAZO,2022,COMERCIO,201852930.0
CHIMBORAZO,2022,CONSTRUCCIÓN,83968360.0
CHIMBORAZO,2022,ECONOMÍA TOTAL,1241715320.0
CHIMBORAZO,2022,ENSEÑANZA,159372260.0
CHIMBORAZO,2022,EXPLOTACIÓN DE MINAS Y CANTERAS,2230750.0
CHIMBORAZO,2022,MANUFACTURA,110934280.0
CHIMBORAZO,2022,OTROS SERVICIOS,25245960.0
CHIMBORAZO,2022,SALUD,86330690.0
CHIMBORAZO,2022,SUMINISTRO DE ELECTRICIDAD Y DE AGUA,24520100.0
CHIMBORAZO,2022,"TRANSPORTE, INFORMACIÓN Y COMUNICACIONES",56774210.0
CHIMBORAZO,2023,ACTIVIDADES FINANCIERAS,90839950.0
CHIMBORAZO,2023,ACTIVIDADES PROFESIONALES E INMOBILIARIAS,102265340.0
CHIMBORAZO,2023,ADMINISTRACIÓN PÚBLICA,166533900.0
CHIMBORAZO,2023,"AGRICULTURA, GANADERÍA, SILVICULTURA Y PESCA",200312890.0
CHIMBORAZO,2023,ALOJAMIENTO Y SERVICIOS DE COMIDA,11124460.0
CHIMBORAZO,2023,COMERCIO,207361420.0
CHIMBORAZO,2023,CONSTRUCCIÓN,90872860.0
CHIMBORAZO,2023,ECONOMÍA TOTAL,1356963560.0
CHIMBORAZO,2023,ENSEÑANZA,170053100.0
CHIMBORAZO,2023,EXPLOTACIÓN DE MINAS Y CANTERAS,2319640.0
CHIMBORAZO,2023,MANUFACTURA,119650320.0
CHIMBORAZO,2023,OTROS SERVICIOS,28840900.0
CHIMBORAZO,2023,SALUD,89785200.0
CHIMBORAZO,2023,SUMINISTRO DE ELECTRICIDAD Y DE AGUA,19495100.0
CHIMBORAZO,2023,"TRANSPORTE, INFORMACIÓN Y COMUNICACIONES",57508480.0
CHIMBORAZO,2024,ACTIVIDADES FINANCIERAS,104014980.0
CHIMBORAZO,2024,ACTIVIDADES PROFESIONALES E INMOBILIARIAS,100934500.0
CHIMBORAZO,2024,ADMINISTRACIÓN PÚBLICA,229554230.0
CHIMBORAZO,2024,"AGRICULTURA, GANADERÍA, SILVICULTURA Y PESCA",175222520.0
CHIMBORAZO,2024,ALOJAMIENTO Y SERVICIOS DE COMIDA,12139570.0
CHIMBORAZO,2024,COMERCIO,197833180.0
CHIMBORAZO,2024,CONSTRUCCIÓN,84293030.0
CHIMBORAZO,2024,ECONOMÍA TOTAL,1339321560.0
CHIMBORAZO,2024,ENSEÑANZA,144947460.0
CHIMBORAZO,2024,EXPLOTACIÓN DE MINAS Y CANTERAS,1943440.0
CHIMBORAZO,2024,MANUFACTURA,107818940.0
CHIMBORAZO,2024,OTROS SERVICIOS,27419820.0
CHIMBORAZO,2024,SALUD,81732910.0
CHIMBORAZO,2024,SUMINISTRO DE ELECTRICIDAD Y DE AGUA,15340120.0
CHIMBORAZO,2024,"TRANSPORTE, INFORMACIÓN Y COMUNICACIONES",56126860.0
COTOPAXI,2018,ACTIVIDADES FINANCIERAS,57710770.0
COTOPAXI,2018,ACTIVIDADES PROFESIONALES E INMOBILIARIAS,135484310.0
COTOPAXI,2018,ADMINISTRACIÓN PÚBLICA,212501640.0
COTOPAXI,2018,"AGRICULTURA, GANADERÍA, SILVICULTURA Y PESCA",486038700.0
COTOPAXI,2018,ALOJAMIENTO Y SERVICIOS DE COMIDA,15455460.0
COTOPAXI,2018,COMERCIO,195665740.0
COTOPAXI,2018,CONSTRUCCIÓN,91912510.0
COTOPAXI,2018,ECONOMÍA TOTAL,1772717490.0
COTOPAXI,2018,ENSEÑANZA,144712230.0
COTOPAXI,2018,EXPLOTACIÓN DE MINAS Y CANTERAS,1683950.0
COTOPAXI,2018,MANUFACTURA,215004100.0
COTOPAXI,2018,OTROS SERVICIOS,20167470.0
COTOPAXI,2018,SALUD,38285720.0
COTOPAXI,2018,SUMINISTRO DE ELECTRICIDAD Y DE AGUA,32270420.0
COTOPAXI,2018,"TRANSPORTE, INFORMACIÓN Y COMUNICACIONES",125824470.0
COTOPAXI,2019,ACTIVIDADES FINANCIERAS,60154110.0
COTOPAXI,2019,ACTIVIDADES PROFESIONALES E INMOBILIARIAS,108695330.0
COTOPAXI,2019,ADMINISTRACIÓN PÚBLICA,171978930.0
COTOPAXI,2019,"AGRICULTURA, GANADERÍA, SILVICULTURA Y PESCA",498666040.0
COTOPAXI,2019,ALOJAMIENTO Y SERVICIOS DE COMIDA,17501190.0
COTOPAXI,2019,COMERCIO,208707100.0
COTOPAXI,2019,CONSTRUCCIÓN,84569830.0
COTOPAXI,2019,ECONOMÍA TOTAL,1733859900.0
COTOPAXI,2019,ENSEÑANZA,147762960.0
COTOPAXI,2019,EXPLOTACIÓN DE MINAS Y CANTERAS,1937460.0
COTOPAXI,2019,MANUFACTURA,212723060.0
COTOPAXI,2019,OTROS SERVICIOS,24574640.0
COTOPAXI,2019,SALUD,39594630.0
COTOPAXI,2019,SUMINISTRO DE ELECTRICIDAD Y DE AGUA,33985030.0
COTOPAXI,2019,"TRANSPORTE, INFORMACIÓN Y COMUNICACIONES",123009590.0
COTOPAXI,2020,ACTIVIDADES FINANCIERAS,59364430.0
COTOPAXI,2020,ACTIVIDADES PROFESIONALES E INMOBILIARIAS,82057810.0
COTOPAXI,2020,ADMINISTRACIÓN PÚBLICA,171491160.0
COTOPAXI,2020,"AGRICULTURA, GANADERÍA, SILVICULTURA Y PESCA",479700300.0
COTOPAXI,2020,ALOJAMIENTO Y SERVICIOS DE COMIDA,12333750.0
COTOPAXI,2020,COMERCIO,158721200.0
COTOPAXI,2020,CONSTRUCCIÓN,66738770.0
COTOPAXI,2020,ECONOMÍA TOTAL,1561524550.0
COTOPAXI,2020,ENSEÑANZA,135985580.0
COTOPAXI,2020,EXPLOTACIÓN DE MINAS Y CANTERAS,2515870.0
COTOPAXI,2020,MANUFACTURA,198043770.0
COTOPAXI,2020,OTROS SERVICIOS,19094210.0
COTOPAXI,2020,SALUD,40645190.0
COTOPAXI,2020,SUMINISTRO DE ELECTRICIDAD Y DE AGUA,29966100.0
COTOPAXI,2020,"TRANSPORTE, INFORMACIÓN Y COMUNICACIONES",104866410.0
COTOPAXI,2021,ACTIVIDADES FINANCIERAS,67974030.0
COTOPAXI,2021,ACTIVIDADES PROFESIONALES E INMOBILIARIAS,84628450.0
COTOPAXI,2021,ADMINISTRACIÓN PÚBLICA,186458850.0
COTOPAXI,2021,"AGRICULTURA, GANADERÍA, SILVICULTURA Y PESCA",447030750.0
COTOPAXI,2021,ALOJAMIENTO Y SERVICIOS DE COMIDA,15384690.0
COTOPAXI,2021,COMERCIO,196765180.0
COTOPAXI,2021,CONSTRUCCIÓN,75831280.0
COTOPAXI,2021,ECONOMÍA TOTAL,1641659060.0
COTOPAXI,2021,ENSEÑANZA,137003100.0
COTOPAXI,2021,EXPLOTACIÓN DE MINAS Y CANTERAS,4212000.0
COTOPAXI,2021,MANUFACTURA,224396060.0
COTOPAXI,2021,OTROS SERVICIOS,23594280.0
COTOPAXI,2021,SALUD,37937520.0
COTOPAXI,2021,SUMINISTRO DE ELECTRICIDAD Y DE AGUA,34736040.0
COTOPAXI,2021,"TRANSPORTE, INFORMACIÓN Y COMUNICACIONES",105706830.0
COTOPAXI,2022,ACTIVIDADES FINANCIERAS,88412690.0
COTOPAXI,2022,ACTIVIDADES PROFESIONALES E INMOBILIARIAS,91385780.0
COTOPAXI,2022,ADMINISTRACIÓN PÚBLICA,218514660.0
COTOPAXI,2022,"AGRICULTURA, GANADERÍA, SILVICULTURA Y PESCA",471909160.0
COTOPAXI,2022,ALOJAMIENTO Y SERVICIOS DE COMIDA,15386990.0
COTOPAXI,2022,COMERCIO,215155770.0
COTOPAXI,2022,CONSTRUCCIÓN,76995840.0
COTOPAXI,2022,ECONOMÍA TOTAL,1739835640.0
COTOPAXI,2022,ENSEÑANZA,134661880.0
COTOPAXI,2022,EXPLOTACIÓN DE MINAS Y CANTERAS,4644050.0
COTOPAXI,2022,MANUFACTURA,216498430.0
COTOPAXI,2022,OTROS SERVICIOS,30730120.0
COTOPAXI,2022,SALUD,39247400.0
COTOPAXI,2022,SUMINISTRO DE ELECTRICIDAD Y DE AGUA,34275300.0
COTOPAXI,2022,"TRANSPORTE, INFORMACIÓN Y COMUNICACIONES",102017570.0
COTOPAXI,2023,ACTIVIDADES FINANCIERAS,85901580.0
COTOPAXI,2023,ACTIVIDADES PROFESIONALES E INMOBILIARIAS,84807840.0
COTOPAXI,2023,ADMINISTRACIÓN PÚBLICA,127890710.0
COTOPAXI,2023,"AGRICULTURA, GANADERÍA, SILVICULTURA Y PESCA",495877400.0
COTOPAXI,2023,ALOJAMIENTO Y SERVICIOS DE COMIDA,12234040.0
COTOPAXI,2023,COMERCIO,219302800.0
COTOPAXI,2023,CONSTRUCCIÓN,84160680.0
COTOPAXI,2023,ECONOMÍA TOTAL,1693471330.0
COTOPAXI,2023,ENSEÑANZA,146146420.0
COTOPAXI,2023,EXPLOTACIÓN DE MINAS Y CANTERAS,2296190.0
COTOPAXI,2023,MANUFACTURA,237234730.0
COTOPAXI,2023,OTROS SERVICIOS,19530090.0
COTOPAXI,2023,SALUD,40796780.0
COTOPAXI,2023,SUMINISTRO DE ELECTRICIDAD Y DE AGUA,28589080.0
COTOPAXI,2023,"TRANSPORTE, INFORMACIÓN Y COMUNICACIONES",108702990.0
COTOPAXI,2024,ACTIVIDADES FINANCIERAS,82837160.0
COTOPAXI,2024,ACTIVIDADES PROFESIONALES E INMOBILIARIAS,87744700.0
COTOPAXI,2024,ADMINISTRACIÓN PÚBLICA,205618640.0
COTOPAXI,2024,"AGRICULTURA, GANADERÍA, SILVICULTURA Y PESCA",602106390.0
COTOPAXI,2024,ALOJAMIENTO Y SERVICIOS DE COMIDA,12096540.0
COTOPAXI,2024,COMERCIO,214911610.0
COTOPAXI,2024,CONSTRUCCIÓN,87383620.0
COTOPAXI,2024,ECONOMÍA TOTAL,1851938680.0
COTOPAXI,2024,ENSEÑANZA,130198150.0
COTOPAXI,2024,EXPLOTACIÓN DE MINAS Y CANTERAS,3285720.0
COTOPAXI,2024,MANUFACTURA,226706290.0
COTOPAXI,2024,OTROS SERVICIOS,21948130.0
COTOPAXI,2024,SALUD,47013980.0
COTOPAXI,2024,SUMINISTRO DE ELECTRICIDAD Y DE AGUA,23590420.0
COTOPAXI,2024,"TRANSPORTE, INFORMACIÓN Y COMUNICACIONES",106497330.0
EL ORO,2018,ACTIVIDADES FINANCIERAS,75812620.0
EL ORO,2018,ACTIVIDADES PROFESIONALES E INMOBILIARIAS,265172080.0
EL ORO,2018,ADMINISTRACIÓN PÚBLICA,295608550.0
EL ORO,2018,"AGRICULTURA, GANADERÍA, SILVICULTURA Y PESCA",934466750.0
EL ORO,2018,ALOJAMIENTO Y SERVICIOS DE COMIDA,33512640.0
EL ORO,2018,COMERCIO,635798050.0
EL ORO,2018,CONSTRUCCIÓN,226277270.0
EL ORO,2018,ECONOMÍA TOTAL,3359397710.0
EL ORO,2018,ENSEÑANZA,177194180.0
EL ORO,2018,EXPLOTACIÓN DE MINAS Y CANTERAS,91654210.0
EL ORO,2018,MANUFACTURA,259019460.0
EL ORO,2018,OTROS SERVICIOS,56056410.0
EL ORO,2018,SALUD,91308340.0
EL ORO,2018,SUMINISTRO DE ELECTRICIDAD Y DE AGUA,61902720.0
EL ORO,2018,"TRANSPORTE, INFORMACIÓN Y COMUNICACIONES",155614430.0
EL ORO,2019,ACTIVIDADES FINANCIERAS,77643650.0
EL ORO,2019,ACTIVIDADES PROFESIONALES E INMOBILIARIAS,263857030.0
EL ORO,2019,ADMINISTRACIÓN PÚBLICA,293527370.0
EL ORO,2019,"AGRICULTURA, GANADERÍA, SILVICULTURA Y PESCA",925955940.0
EL ORO,2019,ALOJAMIENTO Y SERVICIOS DE COMIDA,34392120.0
EL ORO,2019,COMERCIO,671252720.0
EL ORO,2019,CONSTRUCCIÓN,203910570.0
EL ORO,2019,ECONOMÍA TOTAL,3383287290.0
EL ORO,2019,ENSEÑANZA,178176410.0
EL ORO,2019,EXPLOTACIÓN DE MINAS Y CANTERAS,88252080.0
EL ORO,2019,MANUFACTURA,241349810.0
EL ORO,2019,OTROS SERVICIOS,67471550.0
EL ORO,2019,SALUD,106862280.0
EL ORO,2019,SUMINISTRO DE ELECTRICIDAD Y DE AGUA,71260270.0
EL ORO,2019,"TRANSPORTE, INFORMACIÓN Y COMUNICACIONES",159375490.0
EL ORO,2020,ACTIVIDADES FINANCIERAS,68388000.0
EL ORO,2020,ACTIVIDADES PROFESIONALES E INMOBILIARIAS,255329460.0
EL ORO,2020,ADMINISTRACIÓN PÚBLICA,311186170.0
EL ORO,2020,"AGRICULTURA, GANADERÍA, SILVICULTURA Y PESCA",868716220.0
EL ORO,2020,ALOJAMIENTO Y SERVICIOS DE COMIDA,26429860.0
EL ORO,2020,COMERCIO,605627500.0
EL ORO,2020,CONSTRUCCIÓN,136095010.0
EL ORO,2020,ECONOMÍA TOTAL,3206663700.0
EL ORO,2020,ENSEÑANZA,162660210.0
EL ORO,2020,EXPLOTACIÓN DE MINAS Y CANTERAS,121001640.0
EL ORO,2020,MANUFACTURA,248968620.0
EL ORO,2020,OTROS SERVICIOS,66880060.0
EL ORO,2020,SALUD,124623760.0
EL ORO,2020,SUMINISTRO DE ELECTRICIDAD Y DE AGUA,64757270.0
EL ORO,2020,"TRANSPORTE, INFORMACIÓN Y COMUNICACIONES",145999920.0
EL ORO,2021,ACTIVIDADES FINANCIERAS,91138870.0
EL ORO,2021,ACTIVIDADES PROFESIONALES E INMOBILIARIAS,267810950.0
EL ORO,2021,ADMINISTRACIÓN PÚBLICA,267598550.0
EL ORO,2021,"AGRICULTURA, GANADERÍA, SILVICULTURA Y PESCA",855890920.0
EL ORO,2021,ALOJAMIENTO Y SERVICIOS DE COMIDA,32314200.0
EL ORO,2021,COMERCIO,753238830.0
EL ORO,2021,CONSTRUCCIÓN,177510930.0
EL ORO,2021,ECONOMÍA TOTAL,3440179310.0
EL ORO,2021,ENSEÑANZA,164041880.0
EL ORO,2021,EXPLOTACIÓN DE MINAS Y CANTERAS,144669680.0
EL ORO,2021,MANUFACTURA,291118300.0
EL ORO,2021,OTROS SERVICIOS,57936850.0
EL ORO,2021,SALUD,106075670.0
EL ORO,2021,SUMINISTRO DE ELECTRICIDAD Y DE AGUA,70318760.0
EL ORO,2021,"TRANSPORTE, INFORMACIÓN Y COMUNICACIONES",160514920.0
EL ORO,2022,ACTIVIDADES FINANCIERAS,121381950.0
EL ORO,2022,ACTIVIDADES PROFESIONALES E INMOBILIARIAS,299754840.0
EL ORO,2022,ADMINISTRACIÓN PÚBLICA,308288240.0
EL ORO,2022,"AGRICULTURA, GANADERÍA, SILVICULTURA Y PESCA",700730330.0
EL ORO,2022,ALOJAMIENTO Y SERVICIOS DE COMIDA,34565650.0
EL ORO,2022,COMERCIO,888194040.0
EL ORO,2022,CONSTRUCCIÓN,196060770.0
EL ORO,2022,ECONOMÍA TOTAL,3706088770.0
EL ORO,2022,ENSEÑANZA,145886860.0
EL ORO,2022,EXPLOTACIÓN DE MINAS Y CANTERAS,215874280.0
EL ORO,2022,MANUFACTURA,390054030.0
EL ORO,2022,OTROS SERVICIOS,64423020.0
EL ORO,2022,SALUD,114119840.0
EL ORO,2022,SUMINISTRO DE ELECTRICIDAD Y DE AGUA,71868270.0
EL ORO,2022,"TRANSPORTE, INFORMACIÓN Y COMUNICACIONES",154886650.0
EL ORO,2023,ACTIVIDADES FINANCIERAS,112732590.0
EL ORO,2023,ACTIVIDADES PROFESIONALES E INMOBILIARIAS,294643480.0
EL ORO,2023,ADMINISTRACIÓN PÚBLICA,316095440.0
EL ORO,2023,"AGRICULTURA, GANADERÍA, SILVICULTURA Y PESCA",901009160.0
EL ORO,2023,ALOJAMIENTO Y SERVICIOS DE COMIDA,30588950.0
EL ORO,2023,COMERCIO,876037510.0
EL ORO,2023,CONSTRUCCIÓN,205487290.0
EL ORO,2023,ECONOMÍA TOTAL,4011471720.0
EL ORO,2023,ENSEÑANZA,161479470.0
EL ORO,2023,EXPLOTACIÓN DE MINAS Y CANTERAS,388690510.0
EL ORO,2023,MANUFACTURA,331144060.0
EL ORO,2023,OTROS SERVICIOS,63844970.0
EL ORO,2023,SALUD,113338620.0
EL ORO,2023,SUMINISTRO DE ELECTRICIDAD Y DE AGUA,65172610.0
EL ORO,2023,"TRANSPORTE, INFORMACIÓN Y COMUNICACIONES",151207060.0
EL ORO,2024,ACTIVIDADES FINANCIERAS,141659050.0
EL ORO,2024,ACTIVIDADES PROFESIONALES E INMOBILIARIAS,318500280.0
EL ORO,2024,ADMINISTRACIÓN PÚBLICA,333948470.0
EL ORO,2024,"AGRICULTURA, GANADERÍA, SILVICULTURA Y PESCA",897410160.0
EL ORO,2024,ALOJAMIENTO Y SERVICIOS DE COMIDA,31498000.0
EL ORO,2024,COMERCIO,732146180.0
EL ORO,2024,CONSTRUCCIÓN,211453890.0
EL ORO,2024,ECONOMÍA TOTAL,3915816430.0
EL ORO,2024,ENSEÑANZA,199036870.0
EL ORO,2024,EXPLOTACIÓN DE MINAS Y CANTERAS,339745270.0
EL ORO,2024,MANUFACTURA,338088440.0
EL ORO,2024,OTROS SERVICIOS,72189970.0
EL ORO,2024,SALUD,106715630.0
EL ORO,2024,SUMINISTRO DE ELECTRICIDAD Y DE AGUA,49963250.0
EL ORO,2024,"TRANSPORTE, INFORMACIÓN Y COMUNICACIONES",143460970.0
ESMERALDAS,2018,ACTIVIDADES FINANCIERAS,14758100.0
ESMERALDAS,2018,ACTIVIDADES PROFESIONALES E INMOBILIARIAS,108573060.0
ESMERALDAS,2018,ADMINISTRACIÓN PÚBLICA,246371550.0
ESMERALDAS,2018,"AGRICULTURA, GANADERÍA, SILVICULTURA Y PESCA",255257950.0
ESMERALDAS,2018,ALOJAMIENTO Y SERVICIOS DE COMIDA,17232250.0
ESMERALDAS,2018,COMERCIO,172891780.0
ESMERALDAS,2018,CONSTRUCCIÓN,78123160.0
ESMERALDAS,2018,ECONOMÍA TOTAL,2473490570.0
ESMERALDAS,2018,ENSEÑANZA,170388700.0
ESMERALDAS,2018,EXPLOTACIÓN DE MINAS Y CANTERAS,1132150.0
ESMERALDAS,2018,MANUFACTURA,962826240.0
ESMERALDAS,2018,OTROS SERVICIOS,30345620.0
ESMERALDAS,2018,SALUD,46249640.0
ESMERALDAS,2018,SUMINISTRO DE ELECTRICIDAD Y DE AGUA,38831810.0
ESMERALDAS,2018,"TRANSPORTE, INFORMACIÓN Y COMUNICACIONES",330508560.0
ESMERALDAS,2019,ACTIVIDADES FINANCIERAS,17971180.0
ESMERALDAS,2019,ACTIVIDADES PROFESIONALES E INMOBILIARIAS,90268260.0
ESMERALDAS,2019,ADMINISTRACIÓN PÚBLICA,248421860.0
ESMERALDAS,2019,"AGRICULTURA, GANADERÍA, SILVICULTURA Y PESCA",251811710.0
ESMERALDAS,2019,ALOJAMIENTO Y SERVICIOS DE COMIDA,17727820.0
ESMERALDAS,2019,COMERCIO,181977290.0
ESMERALDAS,2019,CONSTRUCCIÓN,72329680.0
ESMERALDAS,2019,ECONOMÍA TOTAL,2151602300.0
ESMERALDAS,2019,ENSEÑANZA,170057440.0
ESMERALDAS,2019,EXPLOTACIÓN DE MINAS Y CANTERAS,481370.0
ESMERALDAS,2019,MANUFACTURA,633808640.0
ESMERALDAS,2019,OTROS SERVICIOS,38720060.0
ESMERALDAS,2019,SALUD,43088170.0
ESMERALDAS,2019,SUMINISTRO DE ELECTRICIDAD Y DE AGUA,36167070.0
ESMERALDAS,2019,"TRANSPORTE, INFORMACIÓN Y COMUNICACIONES",348771750.0
ESMERALDAS,2020,ACTIVIDADES FINANCIERAS,14186470.0
ESMERALDAS,2020,ACTIVIDADES PROFESIONALES E INMOBILIARIAS,71147640.0
ESMERALDAS,2020,ADMINISTRACIÓN PÚBLICA,211850450.0
ESMERALDAS,2020,"AGRICULTURA, GANADERÍA, SILVICULTURA Y PESCA",237428940.0
ESMERALDAS,2020,ALOJAMIENTO Y SERVICIOS DE COMIDA,9605720.0
ESMERALDAS,2020,COMERCIO,152375300.0
ESMERALDAS,2020,CONSTRUCCIÓN,46411830.0
ESMERALDAS,2020,ECONOMÍA TOTAL,1932036170.0
ESMERALDAS,2020,ENSEÑANZA,157113620.0
ESMERALDAS,2020,EXPLOTACIÓN DE MINAS Y CANTERAS,331980.0
ESMERALDAS,2020,MANUFACTURA,481072830.0
ESMERALDAS,2020,OTROS SERVICIOS,36349020.0
ESMERALDAS,2020,SALUD,41081590.0
ESMERALDAS,2020,SUMINISTRO DE ELECTRICIDAD Y DE AGUA,29534180.0
ESMERALDAS,2020,"TRANSPORTE, INFORMACIÓN Y COMUNICACIONES",443546600.0
ESMERALDAS,2021,ACTIVIDADES FINANCIERAS,16742360.0
ESMERALDAS,2021,ACTIVIDADES PROFESIONALES E INMOBILIARIAS,77686810.0
ESMERALDAS,2021,ADMINISTRACIÓN PÚBLICA,210027100.0
ESMERALDAS,2021,"AGRICULTURA, GANADERÍA, SILVICULTURA Y PESCA",243537620.0
ESMERALDAS,2021,ALOJAMIENTO Y SERVICIOS DE COMIDA,12432610.0
ESMERALDAS,2021,COMERCIO,176749130.0
ESMERALDAS,2021,CONSTRUCCIÓN,49774720.0
ESMERALDAS,2021,ECONOMÍA TOTAL,1730963820.0
ESMERALDAS,2021,ENSEÑANZA,152726350.0
ESMERALDAS,2021,EXPLOTACIÓN DE MINAS Y CANTERAS,487810.0
ESMERALDAS,2021,MANUFACTURA,652831400.0
ESMERALDAS,2021,OTROS SERVICIOS,28570700.0
ESMERALDAS,2021,SALUD,37167950.0
ESMERALDAS,2021,SUMINISTRO DE ELECTRICIDAD Y DE AGUA,33459450.0
ESMERALDAS,2021,"TRANSPORTE, INFORMACIÓN Y COMUNICACIONES",38769810.0
ESMERALDAS,2022,ACTIVIDADES FINANCIERAS,22336630.0
ESMERALDAS,2022,ACTIVIDADES PROFESIONALES E INMOBILIARIAS,84773520.0
ESMERALDAS,2022,ADMINISTRACIÓN PÚBLICA,233914010.0
ESMERALDAS,2022,"AGRICULTURA, GANADERÍA, SILVICULTURA Y PESCA",253696610.0
ESMERALDAS,2022,ALOJAMIENTO Y SERVICIOS DE COMIDA,12146280.0
ESMERALDAS,2022,COMERCIO,209861990.0
ESMERALDAS,2022,CONSTRUCCIÓN,52710160.0
ESMERALDAS,2022,ECONOMÍA TOTAL,1910835180.0
ESMERALDAS,2022,ENSEÑANZA,137109410.0
ESMERALDAS,2022,EXPLOTACIÓN DE MINAS Y CANTERAS,613730.0
ESMERALDAS,2022,MANUFACTURA,478940070.0
ESMERALDAS,2022,OTROS SERVICIOS,31977480.0
ESMERALDAS,2022,SALUD,40789590.0
ESMERALDAS,2022,SUMINISTRO DE ELECTRICIDAD Y DE AGUA,39792420.0
ESMERALDAS,2022,"TRANSPORTE, INFORMACIÓN Y COMUNICACIONES",312173280.0
ESMERALDAS,2023,ACTIVIDADES FINANCIERAS,32706030.0
ESMERALDAS,2023,ACTIVIDADES PROFESIONALES E INMOBILIARIAS,73775380.0
ESMERALDAS,2023,ADMINISTRACIÓN PÚBLICA,208992090.0
ESMERALDAS,2023,"AGRICULTURA, GANADERÍA, SILVICULTURA Y PESCA",296200900.0
ESMERALDAS,2023,ALOJAMIENTO Y SERVICIOS DE COMIDA,10316440.0
ESMERALDAS,2023,COMERCIO,221210970.0
ESMERALDAS,2023,CONSTRUCCIÓN,49253260.0
ESMERALDAS,2023,ECONOMÍA TOTAL,1805635010.0
ESMERALDAS,2023,ENSEÑANZA,159838390.0
ESMERALDAS,2023,EXPLOTACIÓN DE MINAS Y CANTERAS,648280.0
ESMERALDAS,2023,MANUFACTURA,456896430.0
ESMERALDAS,2023,OTROS SERVICIOS,36246500.0
ESMERALDAS,2023,SALUD,41553450.0
ESMERALDAS,2023,SUMINISTRO DE ELECTRICIDAD Y DE AGUA,38182820.0
ESMERALDAS,2023,"TRANSPORTE, INFORMACIÓN Y COMUNICACIONES",179814070.0
ESMERALDAS,2024,ACTIVIDADES FINANCIERAS,12822590.0
ESMERALDAS,2024,ACTIVIDADES PROFESIONALES E INMOBILIARIAS,50686040.0
ESMERALDAS,2024,"AGRICULTURA, GANADERÍA, SILVICULTURA Y PESCA",33450730.000000004
ESMERALDAS,2024,ALOJAMIENTO Y SERVICIOS DE COMIDA,4122180.0000000005
ESMERALDAS,2024,COMERCIO,111871030.0
ESMERALDAS,2024,CONSTRUCCIÓN,21995530.0
ESMERALDAS,2024,EXPLOTACIÓN DE MINAS Y CANTERAS,58690.0
ESMERALDAS,2024,MANUFACTURA,519316650.0
ESMERALDAS,2024,SUMINISTRO DE ELECTRICIDAD Y DE AGUA,26078710.0
ESMERALDAS,2024,"TRANSPORTE, INFORMACIÓN Y COMUNICACIONES",113151360.0
GALÁPAGOS,2018,ACTIVIDADES FINANCIERAS,2531980.0
GALÁPAGOS,2018,ACTIVIDADES PROFESIONALES E INMOBILIARIAS,100889900.0
GALÁPAGOS,2018,ADMINISTRACIÓN PÚBLICA,38711050.0
GALÁPAGOS,2018,"AGRICULTURA, GANADERÍA, SILVICULTURA Y PESCA",22127030.0
GALÁPAGOS,2018,ALOJAMIENTO Y SERVICIOS DE COMIDA,32112330.0
GALÁPAGOS,2018,COMERCIO,27934440.0
GALÁPAGOS,2018,CONSTRUCCIÓN,13436520.0
GALÁPAGOS,2018,ECONOMÍA TOTAL,339377710.0
GALÁPAGOS,2018,ENSEÑANZA,6401710.0
GALÁPAGOS,2018,EXPLOTACIÓN DE MINAS Y CANTERAS,0.0
GALÁPAGOS,2018,MANUFACTURA,4431390.0
GALÁPAGOS,2018,OTROS SERVICIOS,3135810.0
GALÁPAGOS,2018,SALUD,5735480.0
GALÁPAGOS,2018,SUMINISTRO DE ELECTRICIDAD Y DE AGUA,4202790.0
GALÁPAGOS,2018,"TRANSPORTE, INFORMACIÓN Y COMUNICACIONES",77727280.0
GALÁPAGOS,2019,ACTIVIDADES FINANCIERAS,2769730.0
GALÁPAGOS,2019,ACTIVIDADES PROFESIONALES E INMOBILIARIAS,96458910.0
GALÁPAGOS,2019,ADMINISTRACIÓN PÚBLICA,47969240.0
GALÁPAGOS,2019,"AGRICULTURA, GANADERÍA, SILVICULTURA Y PESCA",23221740.0
GALÁPAGOS,2019,ALOJAMIENTO Y SERVICIOS DE COMIDA,36746930.0
GALÁPAGOS,2019,COMERCIO,30217450.0
GALÁPAGOS,2019,CONSTRUCCIÓN,13037390.0
GALÁPAGOS,2019,ECONOMÍA TOTAL,361892400.0
GALÁPAGOS,2019,ENSEÑANZA,6297690.0
GALÁPAGOS,2019,EXPLOTACIÓN DE MINAS Y CANTERAS,0.0
GALÁPAGOS,2019,MANUFACTURA,4310060.0
GALÁPAGOS,2019,OTROS SERVICIOS,6166600.0
GALÁPAGOS,2019,SALUD,5328890.0
GALÁPAGOS,2019,SUMINISTRO DE ELECTRICIDAD Y DE AGUA,4733420.0
GALÁPAGOS,2019,"TRANSPORTE, INFORMACIÓN Y COMUNICACIONES",84634350.0
GALÁPAGOS,2020,ACTIVIDADES FINANCIERAS,1802180.0
GALÁPAGOS,2020,ACTIVIDADES PROFESIONALES E INMOBILIARIAS,71868310.0
GALÁPAGOS,2020,ADMINISTRACIÓN PÚBLICA,53012290.0
GALÁPAGOS,2020,"AGRICULTURA, GANADERÍA, SILVICULTURA Y PESCA",13190780.0
GALÁPAGOS,2020,ALOJAMIENTO Y SERVICIOS DE COMIDA,11737790.0
GALÁPAGOS,2020,COMERCIO,23331490.0
GALÁPAGOS,2020,CONSTRUCCIÓN,6477130.0
GALÁPAGOS,2020,ECONOMÍA TOTAL,241889740.0
GALÁPAGOS,2020,ENSEÑANZA,5637930.0
GALÁPAGOS,2020,EXPLOTACIÓN DE MINAS Y CANTERAS,0.0
GALÁPAGOS,2020,MANUFACTURA,3053760.0
GALÁPAGOS,2020,OTROS SERVICIOS,4365520.0
GALÁPAGOS,2020,SALUD,6000980.0
GALÁPAGOS,2020,SUMINISTRO DE ELECTRICIDAD Y DE AGUA,3859750.0
GALÁPAGOS,2020,"TRANSPORTE, INFORMACIÓN Y COMUNICACIONES",37551830.0
GALÁPAGOS,2021,ACTIVIDADES FINANCIERAS,2597160.0
GALÁPAGOS,2021,ACTIVIDADES PROFESIONALES E INMOBILIARIAS,59314160.0
GALÁPAGOS,2021,ADMINISTRACIÓN PÚBLICA,48317530.0
GALÁPAGOS,2021,"AGRICULTURA, GANADERÍA, SILVICULTURA Y PESCA",13305700.0
GALÁPAGOS,2021,ALOJAMIENTO Y SERVICIOS DE COMIDA,14482820.0
GALÁPAGOS,2021,COMERCIO,17555540.0
GALÁPAGOS,2021,CONSTRUCCIÓN,7441290.0
GALÁPAGOS,2021,ECONOMÍA TOTAL,212675050.0
GALÁPAGOS,2021,ENSEÑANZA,5535650.0
GALÁPAGOS,2021,EXPLOTACIÓN DE MINAS Y CANTERAS,0.0
GALÁPAGOS,2021,MANUFACTURA,2668530.0
GALÁPAGOS,2021,OTROS SERVICIOS,4206610.0
GALÁPAGOS,2021,SALUD,4640730.0
GALÁPAGOS,2021,SUMINISTRO DE ELECTRICIDAD Y DE AGUA,3891920.0
GALÁPAGOS,2021,"TRANSPORTE, INFORMACIÓN Y COMUNICACIONES",28717410.0
GALÁPAGOS,2022,ACTIVIDADES FINANCIERAS,3703220.0
GALÁPAGOS,2022,ACTIVIDADES PROFESIONALES E INMOBILIARIAS,55775490.0
GALÁPAGOS,2022,ADMINISTRACIÓN PÚBLICA,54407090.0
GALÁPAGOS,2022,"AGRICULTURA, GANADERÍA, SILVICULTURA Y PESCA",7172580.0
GALÁPAGOS,2022,ALOJAMIENTO Y SERVICIOS DE COMIDA,20901940.0
GALÁPAGOS,2022,COMERCIO,15799430.0
GALÁPAGOS,2022,CONSTRUCCIÓN,10102930.0
GALÁPAGOS,2022,ECONOMÍA TOTAL,231873050.0
GALÁPAGOS,2022,ENSEÑANZA,5338190.0
GALÁPAGOS,2022,EXPLOTACIÓN DE MINAS Y CANTERAS,0.0
GALÁPAGOS,2022,MANUFACTURA,2403300.0
GALÁPAGOS,2022,OTROS SERVICIOS,4096320.0
GALÁPAGOS,2022,SALUD,4838230.0
GALÁPAGOS,2022,SUMINISTRO DE ELECTRICIDAD Y DE AGUA,3865890.0
GALÁPAGOS,2022,"TRANSPORTE, INFORMACIÓN Y COMUNICACIONES",43468440.0
GALÁPAGOS,2023,ACTIVIDADES FINANCIERAS,4815260.0
GALÁPAGOS,2023,ACTIVIDADES PROFESIONALES E INMOBILIARIAS,75787830.0
GALÁPAGOS,2023,ADMINISTRACIÓN PÚBLICA,54652680.0
GALÁPAGOS,2023,"AGRICULTURA, GANADERÍA, SILVICULTURA Y PESCA",13100750.0
GALÁPAGOS,2023,ALOJAMIENTO Y SERVICIOS DE COMIDA,20980780.0
GALÁPAGOS,2023,COMERCIO,22483220.0
GALÁPAGOS,2023,CONSTRUCCIÓN,12935440.0
GALÁPAGOS,2023,ECONOMÍA TOTAL,282115080.0
GALÁPAGOS,2023,ENSEÑANZA,6022110.0
GALÁPAGOS,2023,EXPLOTACIÓN DE MINAS Y CANTERAS,0.0
GALÁPAGOS,2023,MANUFACTURA,3950680.0
GALÁPAGOS,2023,OTROS SERVICIOS,3279380.0
GALÁPAGOS,2023,SALUD,4949670.0
GALÁPAGOS,2023,SUMINISTRO DE ELECTRICIDAD Y DE AGUA,4561940.0
GALÁPAGOS,2023,"TRANSPORTE, INFORMACIÓN Y COMUNICACIONES",54595340.0
GUAYAS,2018,ACTIVIDADES FINANCIERAS,958958960.0
GUAYAS,2018,ACTIVIDADES PROFESIONALES E INMOBILIARIAS,5780462720.0
GUAYAS,2018,ADMINISTRACIÓN PÚBLICA,1476151270.0
GUAYAS,2018,"AGRICULTURA, GANADERÍA, SILVICULTURA Y PESCA",2077799710.0
GUAYAS,2018,ALOJAMIENTO Y SERVICIOS DE COMIDA,437957720.0
GUAYAS,2018,COMERCIO,5214118780.0
GUAYAS,2018,CONSTRUCCIÓN,1582917180.0
GUAYAS,2018,ECONOMÍA TOTAL,29484068790.0
GUAYAS,2018,ENSEÑANZA,1298004380.0
GUAYAS,2018,EXPLOTACIÓN DE MINAS Y CANTERAS,54020810.0
GUAYAS,2018,MANUFACTURA,5578572960.0
GUAYAS,2018,OTROS SERVICIOS,599706720.0
GUAYAS,2018,SALUD,1415845910.0
GUAYAS,2018,SUMINISTRO DE ELECTRICIDAD Y DE AGUA,481609120.0
GUAYAS,2018,"TRANSPORTE, INFORMACIÓN Y COMUNICACIONES",2527942550.0
GUAYAS,2019,ACTIVIDADES FINANCIERAS,980602920.0
GUAYAS,2019,ACTIVIDADES PROFESIONALES E INMOBILIARIAS,5788029960.0
GUAYAS,2019,ADMINISTRACIÓN PÚBLICA,1752662010.0
GUAYAS,2019,"AGRICULTURA, GANADERÍA, SILVICULTURA Y PESCA",2310675180.0
GUAYAS,2019,ALOJAMIENTO Y SERVICIOS DE COMIDA,476091210.0
GUAYAS,2019,COMERCIO,5219223070.0
GUAYAS,2019,CONSTRUCCIÓN,1463355950.0
GUAYAS,2019,ECONOMÍA TOTAL,30192388420.0
GUAYAS,2019,ENSEÑANZA,1331367720.0
GUAYAS,2019,EXPLOTACIÓN DE MINAS Y CANTERAS,59464830.0
GUAYAS,2019,MANUFACTURA,5591917310.0
GUAYAS,2019,OTROS SERVICIOS,640195140.0
GUAYAS,2019,SALUD,1394875580.0
GUAYAS,2019,SUMINISTRO DE ELECTRICIDAD Y DE AGUA,566866030.0
GUAYAS,2019,"TRANSPORTE, INFORMACIÓN Y COMUNICACIONES",2617061510.0
GUAYAS,2020,ACTIVIDADES FINANCIERAS,992104240.0
GUAYAS,2020,ACTIVIDADES PROFESIONALES E INMOBILIARIAS,5687839820.0
GUAYAS,2020,ADMINISTRACIÓN PÚBLICA,1864164180.0
GUAYAS,2020,"AGRICULTURA, GANADERÍA, SILVICULTURA Y PESCA",2131347750.0
GUAYAS,2020,ALOJAMIENTO Y SERVICIOS DE COMIDA,405125710.0
GUAYAS,2020,COMERCIO,5008252550.0
GUAYAS,2020,CONSTRUCCIÓN,1066065330.0
GUAYAS,2020,ECONOMÍA TOTAL,28743798100.0
GUAYAS,2020,ENSEÑANZA,1246869890.0
GUAYAS,2020,EXPLOTACIÓN DE MINAS Y CANTERAS,52829890.0
GUAYAS,2020,MANUFACTURA,5418324260.0
GUAYAS,2020,OTROS SERVICIOS,515662110.0
GUAYAS,2020,SALUD,1330830830.0
GUAYAS,2020,SUMINISTRO DE ELECTRICIDAD Y DE AGUA,508810720.0
GUAYAS,2020,"TRANSPORTE, INFORMACIÓN Y COMUNICACIONES",2515570820.0
GUAYAS,2021,ACTIVIDADES FINANCIERAS,966140090.0
GUAYAS,2021,ACTIVIDADES PROFESIONALES E INMOBILIARIAS,6148398790.0
GUAYAS,2021,ADMINISTRACIÓN PÚBLICA,1624933940.0
GUAYAS,2021,"AGRICULTURA, GANADERÍA, SILVICULTURA Y PESCA",2490181400.0
GUAYAS,2021,ALOJAMIENTO Y SERVICIOS DE COMIDA,469985450.0
GUAYAS,2021,COMERCIO,5837049170.0
GUAYAS,2021,CONSTRUCCIÓN,1211469610.0
GUAYAS,2021,ECONOMÍA TOTAL,31299022740.0
GUAYAS,2021,ENSEÑANZA,1265207030.0
GUAYAS,2021,EXPLOTACIÓN DE MINAS Y CANTERAS,46188880.0
GUAYAS,2021,MANUFACTURA,6188672450.0
GUAYAS,2021,OTROS SERVICIOS,550406460.0
GUAYAS,2021,SALUD,1300599430.0
GUAYAS,2021,SUMINISTRO DE ELECTRICIDAD Y DE AGUA,580237380.0
GUAYAS,2021,"TRANSPORTE, INFORMACIÓN Y COMUNICACIONES",2619552660.0
GUAYAS,2022,ACTIVIDADES FINANCIERAS,1217628330.0
GUAYAS,2022,ACTIVIDADES PROFESIONALES E INMOBILIARIAS,6233290180.0
GUAYAS,2022,ADMINISTRACIÓN PÚBLICA,1816539680.0
GUAYAS,2022,"AGRICULTURA, GANADERÍA, SILVICULTURA Y PESCA",2369808670.0
GUAYAS,2022,ALOJAMIENTO Y SERVICIOS DE COMIDA,504838710.0
GUAYAS,2022,COMERCIO,6838302450.0
GUAYAS,2022,CONSTRUCCIÓN,1343951810.0
GUAYAS,2022,ECONOMÍA TOTAL,34317145820.0
GUAYAS,2022,ENSEÑANZA,1357845370.0
GUAYAS,2022,EXPLOTACIÓN DE MINAS Y CANTERAS,72149030.0
GUAYAS,2022,MANUFACTURA,7094641260.0
GUAYAS,2022,OTROS SERVICIOS,611321560.0
GUAYAS,2022,SALUD,1457408310.0
GUAYAS,2022,SUMINISTRO DE ELECTRICIDAD Y DE AGUA,643701190.0
GUAYAS,2022,"TRANSPORTE, INFORMACIÓN Y COMUNICACIONES",2755719270.0
GUAYAS,2023,ACTIVIDADES FINANCIERAS,1337056450.0
GUAYAS,2023,ACTIVIDADES PROFESIONALES E INMOBILIARIAS,6895814520.0
GUAYAS,2023,ADMINISTRACIÓN PÚBLICA,1868412790.0
GUAYAS,2023,"AGRICULTURA, GANADERÍA, SILVICULTURA Y PESCA",2419696890.0
GUAYAS,2023,ALOJAMIENTO Y SERVICIOS DE COMIDA,563206990.0
GUAYAS,2023,COMERCIO,6707721350.0
GUAYAS,2023,CONSTRUCCIÓN,1446666180.0
GUAYAS,2023,ECONOMÍA TOTAL,35912077400.0
GUAYAS,2023,ENSEÑANZA,1401887550.0
GUAYAS,2023,EXPLOTACIÓN DE MINAS Y CANTERAS,132440560.0
GUAYAS,2023,MANUFACTURA,7526536900.0
GUAYAS,2023,OTROS SERVICIOS,474781480.0
GUAYAS,2023,SALUD,1528532400.0
GUAYAS,2023,SUMINISTRO DE ELECTRICIDAD Y DE AGUA,636345020.0
GUAYAS,2023,"TRANSPORTE, INFORMACIÓN Y COMUNICACIONES",2972978320.0
IMBABURA,2018,ACTIVIDADES FINANCIERAS,67360180.0
IMBABURA,2018,ACTIVIDADES PROFESIONALES E INMOBILIARIAS,181106790.0
IMBABURA,2018,ADMINISTRACIÓN PÚBLICA,204032890.0
IMBABURA,2018,"AGRICULTURA, GANADERÍA, SILVICULTURA Y PESCA",143788650.0
IMBABURA,2018,ALOJAMIENTO Y SERVICIOS DE COMIDA,31238320.0
IMBABURA,2018,COMERCIO,224799210.0
IMBABURA,2018,CONSTRUCCIÓN,104031100.0
IMBABURA,2018,ECONOMÍA TOTAL,1567276620.0
IMBABURA,2018,ENSEÑANZA,153760010.0
IMBABURA,2018,EXPLOTACIÓN DE MINAS Y CANTERAS,14763630.0
IMBABURA,2018,MANUFACTURA,237459920.0
IMBABURA,2018,OTROS SERVICIOS,30498820.0
IMBABURA,2018,SALUD,62750080.0
IMBABURA,2018,SUMINISTRO DE ELECTRICIDAD Y DE AGUA,25283910.0
IMBABURA,2018,"TRANSPORTE, INFORMACIÓN Y COMUNICACIONES",86403110.0
IMBABURA,2019,ACTIVIDADES FINANCIERAS,71848720.0
IMBABURA,2019,ACTIVIDADES PROFESIONALES E INMOBILIARIAS,169432300.0
IMBABURA,2019,ADMINISTRACIÓN PÚBLICA,204293560.0
IMBABURA,2019,"AGRICULTURA, GANADERÍA, SILVICULTURA Y PESCA",136176580.0
IMBABURA,2019,ALOJAMIENTO Y SERVICIOS DE COMIDA,33043090.0
IMBABURA,2019,COMERCIO,246219760.0
IMBABURA,2019,CONSTRUCCIÓN,101732850.0
IMBABURA,2019,ECONOMÍA TOTAL,1579691320.0
IMBABURA,2019,ENSEÑANZA,155304270.0
IMBABURA,2019,EXPLOTACIÓN DE MINAS Y CANTERAS,14211730.0
IMBABURA,2019,MANUFACTURA,228679340.0
IMBABURA,2019,OTROS SERVICIOS,35641810.0
IMBABURA,2019,SALUD,64972080.0
IMBABURA,2019,SUMINISTRO DE ELECTRICIDAD Y DE AGUA,28141750.0
IMBABURA,2019,"TRANSPORTE, INFORMACIÓN Y COMUNICACIONES",89993480.0
IMBABURA,2020,ACTIVIDADES FINANCIERAS,63873820.0
IMBABURA,2020,ACTIVIDADES PROFESIONALES E INMOBILIARIAS,135397680.0
IMBABURA,2020,ADMINISTRACIÓN PÚBLICA,194866260.0
IMBABURA,2020,"AGRICULTURA, GANADERÍA, SILVICULTURA Y PESCA",122774690.0
IMBABURA,2020,ALOJAMIENTO Y SERVICIOS DE COMIDA,21744370.0
IMBABURA,2020,COMERCIO,183739970.0
IMBABURA,2020,CONSTRUCCIÓN,67646280.0
IMBABURA,2020,ECONOMÍA TOTAL,1315622010.0
IMBABURA,2020,ENSEÑANZA,143525420.0
IMBABURA,2020,EXPLOTACIÓN DE MINAS Y CANTERAS,11737310.0
IMBABURA,2020,MANUFACTURA,187585940.0
IMBABURA,2020,OTROS SERVICIOS,24275420.0
IMBABURA,2020,SALUD,65140890.0
IMBABURA,2020,SUMINISTRO DE ELECTRICIDAD Y DE AGUA,26072080.0
IMBABURA,2020,"TRANSPORTE, INFORMACIÓN Y COMUNICACIONES",67241880.0
IMBABURA,2021,ACTIVIDADES FINANCIERAS,72285320.0
IMBABURA,2021,ACTIVIDADES PROFESIONALES E INMOBILIARIAS,146546830.0
IMBABURA,2021,ADMINISTRACIÓN PÚBLICA,141721790.0
IMBABURA,2021,"AGRICULTURA, GANADERÍA, SILVICULTURA Y PESCA",115892720.0
IMBABURA,2021,ALOJAMIENTO Y SERVICIOS DE COMIDA,29281720.0
IMBABURA,2021,COMERCIO,228918030.0
IMBABURA,2021,CONSTRUCCIÓN,85992730.0
IMBABURA,2021,ECONOMÍA TOTAL,1384566620.0
IMBABURA,2021,ENSEÑANZA,147453020.0
IMBABURA,2021,EXPLOTACIÓN DE MINAS Y CANTERAS,10051290.0
IMBABURA,2021,MANUFACTURA,210464840.0
IMBABURA,2021,OTROS SERVICIOS,32634880.0
IMBABURA,2021,SALUD,61703270.0
IMBABURA,2021,SUMINISTRO DE ELECTRICIDAD Y DE AGUA,28512240.0
IMBABURA,2021,"TRANSPORTE, INFORMACIÓN Y COMUNICACIONES",73107940.0
IMBABURA,2022,ACTIVIDADES FINANCIERAS,89669040.0
IMBABURA,2022,ACTIVIDADES PROFESIONALES E INMOBILIARIAS,160967610.0
IMBABURA,2022,ADMINISTRACIÓN PÚBLICA,95281700.0
IMBABURA,2022,"AGRICULTURA, GANADERÍA, SILVICULTURA Y PESCA",114664170.0
IMBABURA,2022,ALOJAMIENTO Y SERVICIOS DE COMIDA,30437490.0
IMBABURA,2022,COMERCIO,274643240.0
IMBABURA,2022,CONSTRUCCIÓN,93119430.0
IMBABURA,2022,ECONOMÍA TOTAL,1470356100.0
IMBABURA,2022,ENSEÑANZA,180934880.0
IMBABURA,2022,EXPLOTACIÓN DE MINAS Y CANTERAS,11474820.0
IMBABURA,2022,MANUFACTURA,197490160.0
IMBABURA,2022,OTROS SERVICIOS,35144580.0
IMBABURA,2022,SALUD,74118720.0
IMBABURA,2022,SUMINISTRO DE ELECTRICIDAD Y DE AGUA,29618050.0
IMBABURA,2022,"TRANSPORTE, INFORMACIÓN Y COMUNICACIONES",82792210.0
IMBABURA,2023,ACTIVIDADES FINANCIERAS,98937760.0
IMBABURA,2023,ACTIVIDADES PROFESIONALES E INMOBILIARIAS,159605260.0
IMBABURA,2023,ADMINISTRACIÓN PÚBLICA,242376120.0
IMBABURA,2023,"AGRICULTURA, GANADERÍA, SILVICULTURA Y PESCA",132401270.0
IMBABURA,2023,ALOJAMIENTO Y SERVICIOS DE COMIDA,20282220.0
IMBABURA,2023,COMERCIO,223141550.0
IMBABURA,2023,CONSTRUCCIÓN,113334280.0
IMBABURA,2023,ECONOMÍA TOTAL,1655475150.0
IMBABURA,2023,ENSEÑANZA,198738340.0
IMBABURA,2023,EXPLOTACIÓN DE MINAS Y CANTERAS,21130130.0
IMBABURA,2023,MANUFACTURA,218700380.0
IMBABURA,2023,OTROS SERVICIOS,38494300.0
IMBABURA,2023,SALUD,77975010.0
IMBABURA,2023,SUMINISTRO DE ELECTRICIDAD Y DE AGUA,29182720.0
IMBABURA,2023,"TRANSPORTE, INFORMACIÓN Y COMUNICACIONES",81175810.0
LOJA,2018,ACTIVIDADES FINANCIERAS,80280670.0
LOJA,2018,ACTIVIDADES PROFESIONALES E INMOBILIARIAS,153121400.0
LOJA,2018,ADMINISTRACIÓN PÚBLICA,277519960.0
LOJA,2018,"AGRICULTURA, GANADERÍA, SILVICULTURA Y PESCA",94114170.0
LOJA,2018,ALOJAMIENTO Y SERVICIOS DE COMIDA,17122250.0
LOJA,2018,COMERCIO,213776350.0
LOJA,2018,CONSTRUCCIÓN,102329960.0
LOJA,2018,ECONOMÍA TOTAL,1526839510.0
LOJA,2018,ENSEÑANZA,265454980.0
LOJA,2018,EXPLOTACIÓN DE MINAS Y CANTERAS,4262470.0
LOJA,2018,MANUFACTURA,72968990.0
LOJA,2018,OTROS SERVICIOS,46237500.0
LOJA,2018,SALUD,94887800.0
LOJA,2018,SUMINISTRO DE ELECTRICIDAD Y DE AGUA,19608180.0
LOJA,2018,"TRANSPORTE, INFORMACIÓN Y COMUNICACIONES",85154830.0
LOJA,2019,ACTIVIDADES FINANCIERAS,84802760.0
LOJA,2019,ACTIVIDADES PROFESIONALES E INMOBILIARIAS,155702230.0
LOJA,2019,ADMINISTRACIÓN PÚBLICA,283168810.0
LOJA,2019,"AGRICULTURA, GANADERÍA, SILVICULTURA Y PESCA",87307530.0
LOJA,2019,ALOJAMIENTO Y SERVICIOS DE COMIDA,19395140.0
LOJA,2019,COMERCIO,261350860.0
LOJA,2019,CONSTRUCCIÓN,100523880.0
LOJA,2019,ECONOMÍA TOTAL,1622200480.0
LOJA,2019,ENSEÑANZA,274478500.0
LOJA,2019,EXPLOTACIÓN DE MINAS Y CANTERAS,2264630.0
LOJA,2019,MANUFACTURA,74051330.0
LOJA,2019,OTROS SERVICIOS,37184030.0
LOJA,2019,SALUD,110872630.0
LOJA,2019,SUMINISTRO DE ELECTRICIDAD Y DE AGUA,22329150.0
LOJA,2019,"TRANSPORTE, INFORMACIÓN Y COMUNICACIONES",108769000.0
LOJA,2020,ACTIVIDADES FINANCIERAS,79255220.0
LOJA,2020,ACTIVIDADES PROFESIONALES E INMOBILIARIAS,140441640.0
LOJA,2020,ADMINISTRACIÓN PÚBLICA,283043050.0
LOJA,2020,"AGRICULTURA, GANADERÍA, SILVICULTURA Y PESCA",66456460.0
LOJA,2020,ALOJAMIENTO Y SERVICIOS DE COMIDA,13331990.0
LOJA,2020,COMERCIO,206431350.0
LOJA,2020,CONSTRUCCIÓN,67721850.0
LOJA,2020,ECONOMÍA TOTAL,1407101780.0
LOJA,2020,ENSEÑANZA,253593330.0
LOJA,2020,EXPLOTACIÓN DE MINAS Y CANTERAS,2400140.0
LOJA,2020,MANUFACTURA,65756170.0
LOJA,2020,OTROS SERVICIOS,24451590.0
LOJA,2020,SALUD,112584840.0
LOJA,2020,SUMINISTRO DE ELECTRICIDAD Y DE AGUA,19968210.0
LOJA,2020,"TRANSPORTE, INFORMACIÓN Y COMUNICACIONES",71665940.0
LOJA,2021,ACTIVIDADES FINANCIERAS,89468050.0
LOJA,2021,ACTIVIDADES PROFESIONALES E INMOBILIARIAS,144923880.0
LOJA,2021,ADMINISTRACIÓN PÚBLICA,264925080.0
LOJA,2021,"AGRICULTURA, GANADERÍA, SILVICULTURA Y PESCA",70090610.0
LOJA,2021,ALOJAMIENTO Y SERVICIOS DE COMIDA,17109450.0
LOJA,2021,COMERCIO,211341820.0
LOJA,2021,CONSTRUCCIÓN,88030110.0
LOJA,2021,ECONOMÍA TOTAL,1475304520.0
LOJA,2021,ENSEÑANZA,266676180.0
LOJA,2021,EXPLOTACIÓN DE MINAS Y CANTERAS,2365700.0
LOJA,2021,MANUFACTURA,68040630.0
LOJA,2021,OTROS SERVICIOS,29377100.0
LOJA,2021,SALUD,105642450.0
LOJA,2021,SUMINISTRO DE ELECTRICIDAD Y DE AGUA,20882100.0
LOJA,2021,"TRANSPORTE, INFORMACIÓN Y COMUNICACIONES",96431360.0
LOJA,2022,ACTIVIDADES FINANCIERAS,107225960.0
LOJA,2022,ACTIVIDADES PROFESIONALES E INMOBILIARIAS,143564770.0
LOJA,2022,ADMINISTRACIÓN PÚBLICA,305119650.0
LOJA,2022,"AGRICULTURA, GANADERÍA, SILVICULTURA Y PESCA",76798510.0
LOJA,2022,ALOJAMIENTO Y SERVICIOS DE COMIDA,16002910.0
LOJA,2022,COMERCIO,249034400.0
LOJA,2022,CONSTRUCCIÓN,95212960.0
LOJA,2022,ECONOMÍA TOTAL,1657629430.0
LOJA,2022,ENSEÑANZA,329196990.0
LOJA,2022,EXPLOTACIÓN DE MINAS Y CANTERAS,3432260.0
LOJA,2022,MANUFACTURA,66391830.0
LOJA,2022,OTROS SERVICIOS,34977860.0
LOJA,2022,SALUD,128660110.0
LOJA,2022,SUMINISTRO DE ELECTRICIDAD Y DE AGUA,20447010.0
LOJA,2022,"TRANSPORTE, INFORMACIÓN Y COMUNICACIONES",81564210.0
LOJA,2023,ACTIVIDADES FINANCIERAS,109479760.0
LOJA,2023,ACTIVIDADES PROFESIONALES E INMOBILIARIAS,154787510.0
LOJA,2023,ADMINISTRACIÓN PÚBLICA,308882390.0
LOJA,2023,"AGRICULTURA, GANADERÍA, SILVICULTURA Y PESCA",91737070.0
LOJA,2023,ALOJAMIENTO Y SERVICIOS DE COMIDA,12836600.0
LOJA,2023,COMERCIO,253804740.0
LOJA,2023,CONSTRUCCIÓN,105592710.0
LOJA,2023,ECONOMÍA TOTAL,1890552690.0
LOJA,2023,ENSEÑANZA,492121050.0
LOJA,2023,EXPLOTACIÓN DE MINAS Y CANTERAS,5684320.0
LOJA,2023,MANUFACTURA,78871990.0
LOJA,2023,OTROS SERVICIOS,46972850.0
LOJA,2023,SALUD,131984550.0
LOJA,2023,SUMINISTRO DE ELECTRICIDAD Y DE AGUA,19669230.0
LOJA,2023,"TRANSPORTE, INFORMACIÓN Y COMUNICACIONES",78127920.0
LOS RÍOS,2018,ACTIVIDADES FINANCIERAS,37518510.0
LOS RÍOS,2018,ACTIVIDADES PROFESIONALES E INMOBILIARIAS,115650490.0
LOS RÍOS,2018,ADMINISTRACIÓN PÚBLICA,269432890.0
LOS RÍOS,2018,"AGRICULTURA, GANADERÍA, SILVICULTURA Y PESCA",1346138130.0
LOS RÍOS,2018,ALOJAMIENTO Y SERVICIOS DE COMIDA,22197840.0
LOS RÍOS,2018,COMERCIO,426840660.0
LOS RÍOS,2018,CONSTRUCCIÓN,138671290.0
LOS RÍOS,2018,ECONOMÍA TOTAL,3140980170.0
LOS RÍOS,2018,ENSEÑANZA,245591970.0
LOS RÍOS,2018,EXPLOTACIÓN DE MINAS Y CANTERAS,526970.0
LOS RÍOS,2018,MANUFACTURA,297095400.0
LOS RÍOS,2018,OTROS SERVICIOS,28460320.0
LOS RÍOS,2018,SALUD,87090040.0
LOS RÍOS,2018,SUMINISTRO DE ELECTRICIDAD Y DE AGUA,37510350.0
LOS RÍOS,2018,"TRANSPORTE, INFORMACIÓN Y COMUNICACIONES",88255310.0
LOS RÍOS,2019,ACTIVIDADES FINANCIERAS,40853670.0
LOS RÍOS,2019,ACTIVIDADES PROFESIONALES E INMOBILIARIAS,118821170.0
LOS RÍOS,2019,ADMINISTRACIÓN PÚBLICA,261714350.0
LOS RÍOS,2019,"AGRICULTURA, GANADERÍA, SILVICULTURA Y PESCA",1300547830.0
LOS RÍOS,2019,ALOJAMIENTO Y SERVICIOS DE COMIDA,24177230.0
LOS RÍOS,2019,COMERCIO,442682540.0
LOS RÍOS,2019,CONSTRUCCIÓN,137118470.0
LOS RÍOS,2019,ECONOMÍA TOTAL,3142044960.0
LOS RÍOS,2019,ENSEÑANZA,241337290.0
LOS RÍOS,2019,EXPLOTACIÓN DE MINAS Y CANTERAS,550230.0
LOS RÍOS,2019,MANUFACTURA,320397740.0
LOS RÍOS,2019,OTROS SERVICIOS,35635960.0
LOS RÍOS,2019,SALUD,88847270.0
LOS RÍOS,2019,SUMINISTRO DE ELECTRICIDAD Y DE AGUA,43095090.0
LOS RÍOS,2019,"TRANSPORTE, INFORMACIÓN Y COMUNICACIONES",86266120.0
LOS RÍOS,2020,ACTIVIDADES FINANCIERAS,34325760.0
LOS RÍOS,2020,ACTIVIDADES PROFESIONALES E INMOBILIARIAS,105335980.0
LOS RÍOS,2020,ADMINISTRACIÓN PÚBLICA,266289530.0
LOS RÍOS,2020,"AGRICULTURA, GANADERÍA, SILVICULTURA Y PESCA",1435232560.0
LOS RÍOS,2020,ALOJAMIENTO Y SERVICIOS DE COMIDA,19752730.0
LOS RÍOS,2020,COMERCIO,429973220.0
LOS RÍOS,2020,CONSTRUCCIÓN,145709130.0
LOS RÍOS,2020,ECONOMÍA TOTAL,3220731110.0
LOS RÍOS,2020,ENSEÑANZA,221059960.0
LOS RÍOS,2020,EXPLOTACIÓN DE MINAS Y CANTERAS,617240.0
LOS RÍOS,2020,MANUFACTURA,305640230.0
LOS RÍOS,2020,OTROS SERVICIOS,32316010.0
LOS RÍOS,2020,SALUD,107464780.0
LOS RÍOS,2020,SUMINISTRO DE ELECTRICIDAD Y DE AGUA,40714370.0
LOS RÍOS,2020,"TRANSPORTE, INFORMACIÓN Y COMUNICACIONES",76299610.0
LOS RÍOS,2021,ACTIVIDADES FINANCIERAS,43290030.0
LOS RÍOS,2021,ACTIVIDADES PROFESIONALES E INMOBILIARIAS,102571240.0
LOS RÍOS,2021,ADMINISTRACIÓN PÚBLICA,297504290.0
LOS RÍOS,2021,"AGRICULTURA, GANADERÍA, SILVICULTURA Y PESCA",1475863900.0
LOS RÍOS,2021,ALOJAMIENTO Y SERVICIOS DE COMIDA,24534250.0
LOS RÍOS,2021,COMERCIO,498184590.0
LOS RÍOS,2021,CONSTRUCCIÓN,118508900.0
LOS RÍOS,2021,ECONOMÍA TOTAL,3302658640.0
LOS RÍOS,2021,ENSEÑANZA,222618330.0
LOS RÍOS,2021,EXPLOTACIÓN DE MINAS Y CANTERAS,320760.0
LOS RÍOS,2021,MANUFACTURA,277832830.0
LOS RÍOS,2021,OTROS SERVICIOS,31918260.0
LOS RÍOS,2021,SALUD,87553400.0
LOS RÍOS,2021,SUMINISTRO DE ELECTRICIDAD Y DE AGUA,43984990.0
LOS RÍOS,2021,"TRANSPORTE, INFORMACIÓN Y COMUNICACIONES",77972870.0
LOS RÍOS,2022,ACTIVIDADES FINANCIERAS,55887600.0
LOS RÍOS,2022,ACTIVIDADES PROFESIONALES E INMOBILIARIAS,121867390.0
LOS RÍOS,2022,ADMINISTRACIÓN PÚBLICA,282425950.0
LOS RÍOS,2022,"AGRICULTURA, GANADERÍA, SILVICULTURA Y PESCA",1485718380.0
LOS RÍOS,2022,ALOJAMIENTO Y SERVICIOS DE COMIDA,23350240.0
LOS RÍOS,2022,COMERCIO,554411840.0
LOS RÍOS,2022,CONSTRUCCIÓN,135524620.0
LOS RÍOS,2022,ECONOMÍA TOTAL,3437848420.0
LOS RÍOS,2022,ENSEÑANZA,243028160.0
LOS RÍOS,2022,EXPLOTACIÓN DE MINAS Y CANTERAS,381700.0
LOS RÍOS,2022,MANUFACTURA,299099410.0
LOS RÍOS,2022,OTROS SERVICIOS,34581320.0
LOS RÍOS,2022,SALUD,89810320.0
LOS RÍOS,2022,SUMINISTRO DE ELECTRICIDAD Y DE AGUA,43397220.0
LOS RÍOS,2022,"TRANSPORTE, INFORMACIÓN Y COMUNICACIONES",68364270.0
LOS RÍOS,2023,ACTIVIDADES FINANCIERAS,58166390.0
LOS RÍOS,2023,ACTIVIDADES PROFESIONALES E INMOBILIARIAS,141111510.0
LOS RÍOS,2023,ADMINISTRACIÓN PÚBLICA,315399850.0
LOS RÍOS,2023,"AGRICULTURA, GANADERÍA, SILVICULTURA Y PESCA",1811657710.0
LOS RÍOS,2023,ALOJAMIENTO Y SERVICIOS DE COMIDA,12555230.0
LOS RÍOS,2023,COMERCIO,624923880.0
LOS RÍOS,2023,CONSTRUCCIÓN,151901210.0
LOS RÍOS,2023,ECONOMÍA TOTAL,3905488870.0
LOS RÍOS,2023,ENSEÑANZA,264674630.0
LOS RÍOS,2023,EXPLOTACIÓN DE MINAS Y CANTERAS,540950.0
LOS RÍOS,2023,MANUFACTURA,262182550.0
LOS RÍOS,2023,OTROS SERVICIOS,32790640.0
LOS RÍOS,2023,SALUD,95046230.0
LOS RÍOS,2023,SUMINISTRO DE ELECTRICIDAD Y DE AGUA,43551520.0
LOS RÍOS,2023,"TRANSPORTE, INFORMACIÓN Y COMUNICACIONES",90986570.0
MANABÍ,2018,ACTIVIDADES FINANCIERAS,107504400.0
MANABÍ,2018,ACTIVIDADES PROFESIONALES E INMOBILIARIAS,549149830.0
MANABÍ,2018,ADMINISTRACIÓN PÚBLICA,646782550.0
MANABÍ,2018,"AGRICULTURA, GANADERÍA, SILVICULTURA Y PESCA",622218090.0
MANABÍ,2018,ALOJAMIENTO Y SERVICIOS DE COMIDA,67230050.0
MANABÍ,2018,COMERCIO,784734710.0
MANABÍ,2018,CONSTRUCCIÓN,333512260.0
MANABÍ,2018,ECONOMÍA TOTAL,4998039300.0
MANABÍ,2018,ENSEÑANZA,461131920.0
MANABÍ,2018,EXPLOTACIÓN DE MINAS Y CANTERAS,10607000.0
MANABÍ,2018,MANUFACTURA,719873990.0
MANABÍ,2018,OTROS SERVICIOS,92001920.0
MANABÍ,2018,SALUD,290994420.0
MANABÍ,2018,SUMINISTRO DE ELECTRICIDAD Y DE AGUA,101763520.0
MANABÍ,2018,"TRANSPORTE, INFORMACIÓN Y COMUNICACIONES",210534640.0
MANABÍ,2019,ACTIVIDADES FINANCIERAS,107346500.0
MANABÍ,2019,ACTIVIDADES PROFESIONALES E INMOBILIARIAS,511539940.0
MANABÍ,2019,ADMINISTRACIÓN PÚBLICA,588720390.0
MANABÍ,2019,"AGRICULTURA, GANADERÍA, SILVICULTURA Y PESCA",624837400.0
MANABÍ,2019,ALOJAMIENTO Y SERVICIOS DE COMIDA,56479030.0
MANABÍ,2019,COMERCIO,803588280.0
MANABÍ,2019,CONSTRUCCIÓN,286463640.0
MANABÍ,2019,ECONOMÍA TOTAL,4898243550.0
MANABÍ,2019,ENSEÑANZA,476996310.0
MANABÍ,2019,EXPLOTACIÓN DE MINAS Y CANTERAS,7236750.0
MANABÍ,2019,MANUFACTURA,711084610.0
MANABÍ,2019,OTROS SERVICIOS,100448920.0
MANABÍ,2019,SALUD,301554390.0
MANABÍ,2019,SUMINISTRO DE ELECTRICIDAD Y DE AGUA,114751430.0
MANABÍ,2019,"TRANSPORTE, INFORMACIÓN Y COMUNICACIONES",207195960.0
MANABÍ,2020,ACTIVIDADES FINANCIERAS,90572920.0
MANABÍ,2020,ACTIVIDADES PROFESIONALES E INMOBILIARIAS,443567070.0
MANABÍ,2020,ADMINISTRACIÓN PÚBLICA,573958120.0
MANABÍ,2020,"AGRICULTURA, GANADERÍA, SILVICULTURA Y PESCA",576589870.0
MANABÍ,2020,ALOJAMIENTO Y SERVICIOS DE COMIDA,40196460.0
MANABÍ,2020,COMERCIO,693044360.0
MANABÍ,2020,CONSTRUCCIÓN,224360060.0
MANABÍ,2020,ECONOMÍA TOTAL,4515587310.0
MANABÍ,2020,ENSEÑANZA,439170470.0
MANABÍ,2020,EXPLOTACIÓN DE MINAS Y CANTERAS,5165880.0
MANABÍ,2020,MANUFACTURA,745383480.0
MANABÍ,2020,OTROS SERVICIOS,76597570.0
MANABÍ,2020,SALUD,330541790.0
MANABÍ,2020,SUMINISTRO DE ELECTRICIDAD Y DE AGUA,105348220.0
MANABÍ,2020,"TRANSPORTE, INFORMACIÓN Y COMUNICACIONES",171091040.0
MANABÍ,2021,ACTIVIDADES FINANCIERAS,104019590.0
MANABÍ,2021,ACTIVIDADES PROFESIONALES E INMOBILIARIAS,449202000.0
MANABÍ,2021,ADMINISTRACIÓN PÚBLICA,595850360.0
MANABÍ,2021,"AGRICULTURA, GANADERÍA, SILVICULTURA Y PESCA",637599540.0
MANABÍ,2021,ALOJAMIENTO Y SERVICIOS DE COMIDA,60784620.0
MANABÍ,2021,COMERCIO,847461750.0
MANABÍ,2021,CONSTRUCCIÓN,239944190.0
MANABÍ,2021,ECONOMÍA TOTAL,4847864030.0
MANABÍ,2021,ENSEÑANZA,442598160.0
MANABÍ,2021,EXPLOTACIÓN DE MINAS Y CANTERAS,5142770.0
MANABÍ,2021,MANUFACTURA,784467820.0
MANABÍ,2021,OTROS SERVICIOS,82673150.0
MANABÍ,2021,SALUD,305424570.0
MANABÍ,2021,SUMINISTRO DE ELECTRICIDAD Y DE AGUA,113851960.0
MANABÍ,2021,"TRANSPORTE, INFORMACIÓN Y COMUNICACIONES",178843550.0
MANABÍ,2022,ACTIVIDADES FINANCIERAS,134190350.0
MANABÍ,2022,ACTIVIDADES PROFESIONALES E INMOBILIARIAS,501794490.0
MANABÍ,2022,ADMINISTRACIÓN PÚBLICA,551150250.0
MANABÍ,2022,"AGRICULTURA, GANADERÍA, SILVICULTURA Y PESCA",614528630.0
MANABÍ,2022,ALOJAMIENTO Y SERVICIOS DE COMIDA,62725030.0
MANABÍ,2022,COMERCIO,1036295040.0
MANABÍ,2022,CONSTRUCCIÓN,282664280.0
MANABÍ,2022,ECONOMÍA TOTAL,5383568250.0
MANABÍ,2022,ENSEÑANZA,535830220.0
MANABÍ,2022,EXPLOTACIÓN DE MINAS Y CANTERAS,7323230.0
MANABÍ,2022,MANUFACTURA,939334680.0
MANABÍ,2022,OTROS SERVICIOS,82000490.0
MANABÍ,2022,SALUD,331848090.0
MANABÍ,2022,SUMINISTRO DE ELECTRICIDAD Y DE AGUA,111105660.0
MANABÍ,2022,"TRANSPORTE, INFORMACIÓN Y COMUNICACIONES",192777810.0
MANABÍ,2023,ACTIVIDADES FINANCIERAS,142823670.0
MANABÍ,2023,ACTIVIDADES PROFESIONALES E INMOBILIARIAS,432729290.0
MANABÍ,2023,ADMINISTRACIÓN PÚBLICA,742203150.0
MANABÍ,2023,"AGRICULTURA, GANADERÍA, SILVICULTURA Y PESCA",776349310.0
MANABÍ,2023,ALOJAMIENTO Y SERVICIOS DE COMIDA,76132130.0
MANABÍ,2023,COMERCIO,1100854330.0
MANABÍ,2023,CONSTRUCCIÓN,311364920.0
MANABÍ,2023,ECONOMÍA TOTAL,5903547770.0
MANABÍ,2023,ENSEÑANZA,566772770.0
MANABÍ,2023,EXPLOTACIÓN DE MINAS Y CANTERAS,7465100.0
MANABÍ,2023,MANUFACTURA,959343980.0
MANABÍ,2023,OTROS SERVICIOS,93355290.0
MANABÍ,2023,SALUD,364704670.0
MANABÍ,2023,SUMINISTRO DE ELECTRICIDAD Y DE AGUA,115611890.0
MANABÍ,2023,"TRANSPORTE, INFORMACIÓN Y COMUNICACIONES",213837270.0
MORONA SANTIAGO,2018,ACTIVIDADES FINANCIERAS,12905960.0
MORONA SANTIAGO,2018,ACTIVIDADES PROFESIONALES E INMOBILIARIAS,36259240.0
MORONA SANTIAGO,2018,ADMINISTRACIÓN PÚBLICA,161978630.0
MORONA SANTIAGO,2018,"AGRICULTURA, GANADERÍA, SILVICULTURA Y PESCA",45112690.0
MORONA SANTIAGO,2018,ALOJAMIENTO Y SERVICIOS DE COMIDA,4097920.0
MORONA SANTIAGO,2018,COMERCIO,42584860.0
MORONA SANTIAGO,2018,CONSTRUCCIÓN,30583450.0
MORONA SANTIAGO,2018,ECONOMÍA TOTAL,453101390.0
MORONA SANTIAGO,2018,ENSEÑANZA,54456510.0
MORONA SANTIAGO,2018,EXPLOTACIÓN DE MINAS Y CANTERAS,1053830.0
MORONA SANTIAGO,2018,MANUFACTURA,6027570.0
MORONA SANTIAGO,2018,OTROS SERVICIOS,6864070.0
MORONA SANTIAGO,2018,SALUD,17339520.0
MORONA SANTIAGO,2018,SUMINISTRO DE ELECTRICIDAD Y DE AGUA,18486940.0
MORONA SANTIAGO,2018,"TRANSPORTE, INFORMACIÓN Y COMUNICACIONES",15350200.0
MORONA SANTIAGO,2019,ACTIVIDADES FINANCIERAS,12705180.0
MORONA SANTIAGO,2019,ACTIVIDADES PROFESIONALES E INMOBILIARIAS,30417500.0
MORONA SANTIAGO,2019,ADMINISTRACIÓN PÚBLICA,154844660.0
MORONA SANTIAGO,2019,"AGRICULTURA, GANADERÍA, SILVICULTURA Y PESCA",44056270.0
MORONA SANTIAGO,2019,ALOJAMIENTO Y SERVICIOS DE COMIDA,4137210.0
MORONA SANTIAGO,2019,COMERCIO,44436000.0
MORONA SANTIAGO,2019,CONSTRUCCIÓN,29700210.0
MORONA SANTIAGO,2019,ECONOMÍA TOTAL,446051270.0
MORONA SANTIAGO,2019,ENSEÑANZA,55402870.0
MORONA SANTIAGO,2019,EXPLOTACIÓN DE MINAS Y CANTERAS,1762670.0
MORONA SANTIAGO,2019,MANUFACTURA,5876850.0
MORONA SANTIAGO,2019,OTROS SERVICIOS,8426620.0
MORONA SANTIAGO,2019,SALUD,16191250.0
MORONA SANTIAGO,2019,SUMINISTRO DE ELECTRICIDAD Y DE AGUA,22617270.0
MORONA SANTIAGO,2019,"TRANSPORTE, INFORMACIÓN Y COMUNICACIONES",15476710.0
MORONA SANTIAGO,2020,ACTIVIDADES FINANCIERAS,10854130.0
MORONA SANTIAGO,2020,ACTIVIDADES PROFESIONALES E INMOBILIARIAS,26999700.0
MORONA SANTIAGO,2020,ADMINISTRACIÓN PÚBLICA,163623960.0
MORONA SANTIAGO,2020,"AGRICULTURA, GANADERÍA, SILVICULTURA Y PESCA",41617990.0
MORONA SANTIAGO,2020,ALOJAMIENTO Y SERVICIOS DE COMIDA,2675890.0
MORONA SANTIAGO,2020,COMERCIO,39671070.0
MORONA SANTIAGO,2020,CONSTRUCCIÓN,22346940.0
MORONA SANTIAGO,2020,ECONOMÍA TOTAL,421692490.0
MORONA SANTIAGO,2020,ENSEÑANZA,50137240.0
MORONA SANTIAGO,2020,EXPLOTACIÓN DE MINAS Y CANTERAS,2161870.0
MORONA SANTIAGO,2020,MANUFACTURA,4045970.0
MORONA SANTIAGO,2020,OTROS SERVICIOS,6886240.0
MORONA SANTIAGO,2020,SALUD,16780720.0
MORONA SANTIAGO,2020,SUMINISTRO DE ELECTRICIDAD Y DE AGUA,21113630.0
MORONA SANTIAGO,2020,"TRANSPORTE, INFORMACIÓN Y COMUNICACIONES",12777140.0
MORONA SANTIAGO,2021,ACTIVIDADES FINANCIERAS,14981950.0
MORONA SANTIAGO,2021,ACTIVIDADES PROFESIONALES E INMOBILIARIAS,28251460.0
MORONA SANTIAGO,2021,ADMINISTRACIÓN PÚBLICA,164537570.0
MORONA SANTIAGO,2021,"AGRICULTURA, GANADERÍA, SILVICULTURA Y PESCA",35279630.0
MORONA SANTIAGO,2021,ALOJAMIENTO Y SERVICIOS DE COMIDA,3692830.0
MORONA SANTIAGO,2021,COMERCIO,39964920.0
MORONA SANTIAGO,2021,CONSTRUCCIÓN,26542530.0
MORONA SANTIAGO,2021,ECONOMÍA TOTAL,426436800.0
MORONA SANTIAGO,2021,ENSEÑANZA,51287190.0
MORONA SANTIAGO,2021,EXPLOTACIÓN DE MINAS Y CANTERAS,2613860.0
MORONA SANTIAGO,2021,MANUFACTURA,3795150.0
MORONA SANTIAGO,2021,OTROS SERVICIOS,7808750.0
MORONA SANTIAGO,2021,SALUD,13430030.0
MORONA SANTIAGO,2021,SUMINISTRO DE ELECTRICIDAD Y DE AGUA,22022440.0
MORONA SANTIAGO,2021,"TRANSPORTE, INFORMACIÓN Y COMUNICACIONES",12228490.0
MORONA SANTIAGO,2022,ACTIVIDADES FINANCIERAS,18993230.0
MORONA SANTIAGO,2022,ACTIVIDADES PROFESIONALES E INMOBILIARIAS,31261290.0
MORONA SANTIAGO,2022,ADMINISTRACIÓN PÚBLICA,208454790.0
MORONA SANTIAGO,2022,"AGRICULTURA, GANADERÍA, SILVICULTURA Y PESCA",42934560.0
MORONA SANTIAGO,2022,ALOJAMIENTO Y SERVICIOS DE COMIDA,4097370.0
MORONA SANTIAGO,2022,COMERCIO,49619800.0
MORONA SANTIAGO,2022,CONSTRUCCIÓN,28983870.0
MORONA SANTIAGO,2022,ECONOMÍA TOTAL,503268990.0
MORONA SANTIAGO,2022,ENSEÑANZA,53436100.0
MORONA SANTIAGO,2022,EXPLOTACIÓN DE MINAS Y CANTERAS,3970270.0
MORONA SANTIAGO,2022,MANUFACTURA,2999450.0
MORONA SANTIAGO,2022,OTROS SERVICIOS,9440670.0
MORONA SANTIAGO,2022,SALUD,15293550.0
MORONA SANTIAGO,2022,SUMINISTRO DE ELECTRICIDAD Y DE AGUA,22447850.0
MORONA SANTIAGO,2022,"TRANSPORTE, INFORMACIÓN Y COMUNICACIONES",11336190.0
MORONA SANTIAGO,2023,ACTIVIDADES FINANCIERAS,19754510.0
MORONA SANTIAGO,2023,ACTIVIDADES PROFESIONALES E INMOBILIARIAS,32168910.0
MORONA SANTIAGO,2023,ADMINISTRACIÓN PÚBLICA,211686450.0
MORONA SANTIAGO,2023,"AGRICULTURA, GANADERÍA, SILVICULTURA Y PESCA",46367610.0
MORONA SANTIAGO,2023,ALOJAMIENTO Y SERVICIOS DE COMIDA,3095490.0
MORONA SANTIAGO,2023,COMERCIO,44978980.0
MORONA SANTIAGO,2023,CONSTRUCCIÓN,36405690.0
MORONA SANTIAGO,2023,ECONOMÍA TOTAL,523640750.0
MORONA SANTIAGO,2023,ENSEÑANZA,62402830.0
MORONA SANTIAGO,2023,EXPLOTACIÓN DE MINAS Y CANTERAS,4301900.0
MORONA SANTIAGO,2023,MANUFACTURA,4323160.0
MORONA SANTIAGO,2023,OTROS SERVICIOS,7104060.0
MORONA SANTIAGO,2023,SALUD,15851980.0
MORONA SANTIAGO,2023,SUMINISTRO DE ELECTRICIDAD Y DE AGUA,21181440.0
MORONA SANTIAGO,2023,"TRANSPORTE, INFORMACIÓN Y COMUNICACIONES",14017740.0
NAPO,2018,ACTIVIDADES FINANCIERAS,6768500.0
NAPO,2018,ACTIVIDADES PROFESIONALES E INMOBILIARIAS,23278330.0
NAPO,2018,ADMINISTRACIÓN PÚBLICA,100036670.0
NAPO,2018,"AGRICULTURA, GANADERÍA, SILVICULTURA Y PESCA",21133850.0
NAPO,2018,ALOJAMIENTO Y SERVICIOS DE COMIDA,6308490.0
NAPO,2018,COMERCIO,33139210.0
NAPO,2018,CONSTRUCCIÓN,17307160.0
NAPO,2018,ECONOMÍA TOTAL,532270570.0
NAPO,2018,ENSEÑANZA,37865950.0
NAPO,2018,EXPLOTACIÓN DE MINAS Y CANTERAS,133504579.99999999
NAPO,2018,MANUFACTURA,5055180.0
NAPO,2018,OTROS SERVICIOS,8060180.0
NAPO,2018,SALUD,13883640.0
NAPO,2018,SUMINISTRO DE ELECTRICIDAD Y DE AGUA,114022750.0
NAPO,2018,"TRANSPORTE, INFORMACIÓN Y COMUNICACIONES",11906080.0
NAPO,2019,ACTIVIDADES FINANCIERAS,6860120.0
NAPO,2019,ACTIVIDADES PROFESIONALES E INMOBILIARIAS,24524010.0
NAPO,2019,ADMINISTRACIÓN PÚBLICA,104466930.0
NAPO,2019,"AGRICULTURA, GANADERÍA, SILVICULTURA Y PESCA",23773900.0
NAPO,2019,ALOJAMIENTO Y SERVICIOS DE COMIDA,7400950.0
NAPO,2019,COMERCIO,28814760.0
NAPO,2019,CONSTRUCCIÓN,15698680.0
NAPO,2019,ECONOMÍA TOTAL,497830730.0
NAPO,2019,ENSEÑANZA,38619540.0
NAPO,2019,EXPLOTACIÓN DE MINAS Y CANTERAS,89970680.0
NAPO,2019,MANUFACTURA,4506300.0
NAPO,2019,OTROS SERVICIOS,7469430.0
NAPO,2019,SALUD,15338110.0
NAPO,2019,SUMINISTRO DE ELECTRICIDAD Y DE AGUA,118457610.0
NAPO,2019,"TRANSPORTE, INFORMACIÓN Y COMUNICACIONES",11929710.0
NAPO,2020,ACTIVIDADES FINANCIERAS,5959550.0
NAPO,2020,ACTIVIDADES PROFESIONALES E INMOBILIARIAS,23647120.0
NAPO,2020,ADMINISTRACIÓN PÚBLICA,102830540.0
NAPO,2020,"AGRICULTURA, GANADERÍA, SILVICULTURA Y PESCA",25110270.0
NAPO,2020,ALOJAMIENTO Y SERVICIOS DE COMIDA,3363940.0
NAPO,2020,COMERCIO,20976150.0
NAPO,2020,CONSTRUCCIÓN,11564340.0
NAPO,2020,ECONOMÍA TOTAL,420197800.0
NAPO,2020,ENSEÑANZA,35573160.0
NAPO,2020,EXPLOTACIÓN DE MINAS Y CANTERAS,38126820.0
NAPO,2020,MANUFACTURA,3744530.0
NAPO,2020,OTROS SERVICIOS,6970580.0
NAPO,2020,SALUD,13129100.0
NAPO,2020,SUMINISTRO DE ELECTRICIDAD Y DE AGUA,120787960.0
NAPO,2020,"TRANSPORTE, INFORMACIÓN Y COMUNICACIONES",8413740.0
NAPO,2021,ACTIVIDADES FINANCIERAS,7654760.0
NAPO,2021,ACTIVIDADES PROFESIONALES E INMOBILIARIAS,23784360.0
NAPO,2021,ADMINISTRACIÓN PÚBLICA,102909080.0
NAPO,2021,"AGRICULTURA, GANADERÍA, SILVICULTURA Y PESCA",25543830.0
NAPO,2021,ALOJAMIENTO Y SERVICIOS DE COMIDA,4109980.0
NAPO,2021,COMERCIO,27146880.0
NAPO,2021,CONSTRUCCIÓN,12509410.0
NAPO,2021,ECONOMÍA TOTAL,450854570.0
NAPO,2021,ENSEÑANZA,35516210.0
NAPO,2021,EXPLOTACIÓN DE MINAS Y CANTERAS,63395570.0
NAPO,2021,MANUFACTURA,3533190.0
NAPO,2021,OTROS SERVICIOS,9349910.0
NAPO,2021,SALUD,12300960.0
NAPO,2021,SUMINISTRO DE ELECTRICIDAD Y DE AGUA,112125080.0
NAPO,2021,"TRANSPORTE, INFORMACIÓN Y COMUNICACIONES",10975350.0
NAPO,2022,ACTIVIDADES FINANCIERAS,10310880.0
NAPO,2022,ACTIVIDADES PROFESIONALES E INMOBILIARIAS,25096800.0
NAPO,2022,ADMINISTRACIÓN PÚBLICA,120958280.0
NAPO,2022,"AGRICULTURA, GANADERÍA, SILVICULTURA Y PESCA",19567700.0
NAPO,2022,ALOJAMIENTO Y SERVICIOS DE COMIDA,4244480.0
NAPO,2022,COMERCIO,34081820.0
NAPO,2022,CONSTRUCCIÓN,14989660.0
NAPO,2022,ECONOMÍA TOTAL,506389780.0
NAPO,2022,ENSEÑANZA,36776590.0
NAPO,2022,EXPLOTACIÓN DE MINAS Y CANTERAS,76694390.0
NAPO,2022,MANUFACTURA,3596160.0
NAPO,2022,OTROS SERVICIOS,8769320.0
NAPO,2022,SALUD,15553180.0
NAPO,2022,SUMINISTRO DE ELECTRICIDAD Y DE AGUA,123799530.0
NAPO,2022,"TRANSPORTE, INFORMACIÓN Y COMUNICACIONES",11950990.0
NAPO,2023,ACTIVIDADES FINANCIERAS,9973650.0
NAPO,2023,ACTIVIDADES PROFESIONALES E INMOBILIARIAS,23514340.0
NAPO,2023,ADMINISTRACIÓN PÚBLICA,122746450.0
NAPO,2023,"AGRICULTURA, GANADERÍA, SILVICULTURA Y PESCA",35756460.0
NAPO,2023,ALOJAMIENTO Y SERVICIOS DE COMIDA,4763020.0
NAPO,2023,COMERCIO,30289370.0
NAPO,2023,CONSTRUCCIÓN,17360120.0
NAPO,2023,ECONOMÍA TOTAL,494701460.0
NAPO,2023,ENSEÑANZA,41718050.0
NAPO,2023,EXPLOTACIÓN DE MINAS Y CANTERAS,54723410.0
NAPO,2023,MANUFACTURA,4433000.0
NAPO,2023,OTROS SERVICIOS,6593640.0
NAPO,2023,SALUD,16368090.0
NAPO,2023,SUMINISTRO DE ELECTRICIDAD Y DE AGUA,116868920.0
NAPO,2023,"TRANSPORTE, INFORMACIÓN Y COMUNICACIONES",9592940.0
ORELLANA,2018,ACTIVIDADES FINANCIERAS,6345510.0
ORELLANA,2018,ACTIVIDADES PROFESIONALES E INMOBILIARIAS,86878400.0
ORELLANA,2018,ADMINISTRACIÓN PÚBLICA,170415000.0
ORELLANA,2018,"AGRICULTURA, GANADERÍA, SILVICULTURA Y PESCA",34976960.0
ORELLANA,2018,ALOJAMIENTO Y SERVICIOS DE COMIDA,16856230.0
ORELLANA,2018,COMERCIO,96194170.0
ORELLANA,2018,CONSTRUCCIÓN,23962830.0
ORELLANA,2018,ECONOMÍA TOTAL,5376224000.0
ORELLANA,2018,ENSEÑANZA,47183210.0
ORELLANA,2018,EXPLOTACIÓN DE MINAS Y CANTERAS,4687931310.0
ORELLANA,2018,MANUFACTURA,26890690.0
ORELLANA,2018,OTROS SERVICIOS,11367020.0
ORELLANA,2018,SALUD,11767190.0
ORELLANA,2018,SUMINISTRO DE ELECTRICIDAD Y DE AGUA,49764670.0
ORELLANA,2018,"TRANSPORTE, INFORMACIÓN Y COMUNICACIONES",105690810.0
ORELLANA,2019,ACTIVIDADES FINANCIERAS,6834820.0
ORELLANA,2019,ACTIVIDADES PROFESIONALES E INMOBILIARIAS,92133560.0
ORELLANA,2019,ADMINISTRACIÓN PÚBLICA,142007890.0
ORELLANA,2019,"AGRICULTURA, GANADERÍA, SILVICULTURA Y PESCA",31553990.0
ORELLANA,2019,ALOJAMIENTO Y SERVICIOS DE COMIDA,18364380.0
ORELLANA,2019,COMERCIO,103502000.0
ORELLANA,2019,CONSTRUCCIÓN,25274690.0
ORELLANA,2019,ECONOMÍA TOTAL,5400856920.0
ORELLANA,2019,ENSEÑANZA,48933960.0
ORELLANA,2019,EXPLOTACIÓN DE MINAS Y CANTERAS,4719635870.0
ORELLANA,2019,MANUFACTURA,27613880.0
ORELLANA,2019,OTROS SERVICIOS,12620830.0
ORELLANA,2019,SALUD,11124580.0
ORELLANA,2019,SUMINISTRO DE ELECTRICIDAD Y DE AGUA,58479430.0
ORELLANA,2019,"TRANSPORTE, INFORMACIÓN Y COMUNICACIONES",102777040.0
ORELLANA,2020,ACTIVIDADES FINANCIERAS,5700920.0
ORELLANA,2020,ACTIVIDADES PROFESIONALES E INMOBILIARIAS,70536180.0
ORELLANA,2020,ADMINISTRACIÓN PÚBLICA,148551190.0
ORELLANA,2020,"AGRICULTURA, GANADERÍA, SILVICULTURA Y PESCA",32432830.0
ORELLANA,2020,ALOJAMIENTO Y SERVICIOS DE COMIDA,15149450.0
ORELLANA,2020,COMERCIO,85506510.0
ORELLANA,2020,CONSTRUCCIÓN,12806470.0
ORELLANA,2020,ECONOMÍA TOTAL,3335300850.0
ORELLANA,2020,ENSEÑANZA,44893220.0
ORELLANA,2020,EXPLOTACIÓN DE MINAS Y CANTERAS,2746442690.0
ORELLANA,2020,MANUFACTURA,22859260.0
ORELLANA,2020,OTROS SERVICIOS,10223400.0
ORELLANA,2020,SALUD,12172470.0
ORELLANA,2020,SUMINISTRO DE ELECTRICIDAD Y DE AGUA,53464660.0
ORELLANA,2020,"TRANSPORTE, INFORMACIÓN Y COMUNICACIONES",74561600.0
ORELLANA,2021,ACTIVIDADES FINANCIERAS,6499860.0
ORELLANA,2021,ACTIVIDADES PROFESIONALES E INMOBILIARIAS,92512790.0
ORELLANA,2021,ADMINISTRACIÓN PÚBLICA,141561930.0
ORELLANA,2021,"AGRICULTURA, GANADERÍA, SILVICULTURA Y PESCA",29760100.0
ORELLANA,2021,ALOJAMIENTO Y SERVICIOS DE COMIDA,15110020.0
ORELLANA,2021,COMERCIO,107187490.0
ORELLANA,2021,CONSTRUCCIÓN,7983100.0
ORELLANA,2021,ECONOMÍA TOTAL,5320009650.0
ORELLANA,2021,ENSEÑANZA,45624970.0
ORELLANA,2021,EXPLOTACIÓN DE MINAS Y CANTERAS,4668824610.0
ORELLANA,2021,MANUFACTURA,26352720.0
ORELLANA,2021,OTROS SERVICIOS,10354830.0
ORELLANA,2021,SALUD,11954260.0
ORELLANA,2021,SUMINISTRO DE ELECTRICIDAD Y DE AGUA,53111220.0
ORELLANA,2021,"TRANSPORTE, INFORMACIÓN Y COMUNICACIONES",103171750.0
ORELLANA,2022,ACTIVIDADES FINANCIERAS,9890750.0
ORELLANA,2022,ACTIVIDADES PROFESIONALES E INMOBILIARIAS,93661640.0
ORELLANA,2022,ADMINISTRACIÓN PÚBLICA,158176500.0
ORELLANA,2022,"AGRICULTURA, GANADERÍA, SILVICULTURA Y PESCA",35738420.0
ORELLANA,2022,ALOJAMIENTO Y SERVICIOS DE COMIDA,15607450.0
ORELLANA,2022,COMERCIO,114620150.0
ORELLANA,2022,CONSTRUCCIÓN,11484770.0
ORELLANA,2022,ECONOMÍA TOTAL,7188656220.0
ORELLANA,2022,ENSEÑANZA,46735550.0
ORELLANA,2022,EXPLOTACIÓN DE MINAS Y CANTERAS,6495159560.0
ORELLANA,2022,MANUFACTURA,28011330.0
ORELLANA,2022,OTROS SERVICIOS,10719920.0
ORELLANA,2022,SALUD,13817050.0
ORELLANA,2022,SUMINISTRO DE ELECTRICIDAD Y DE AGUA,60305080.0
ORELLANA,2022,"TRANSPORTE, INFORMACIÓN Y COMUNICACIONES",94728050.0
ORELLANA,2023,ACTIVIDADES FINANCIERAS,11363620.0
ORELLANA,2023,ACTIVIDADES PROFESIONALES E INMOBILIARIAS,79781370.0
ORELLANA,2023,ADMINISTRACIÓN PÚBLICA,164118450.0
ORELLANA,2023,"AGRICULTURA, GANADERÍA, SILVICULTURA Y PESCA",72446400.0
ORELLANA,2023,ALOJAMIENTO Y SERVICIOS DE COMIDA,47947970.0
ORELLANA,2023,COMERCIO,109401210.0
ORELLANA,2023,CONSTRUCCIÓN,31095620.0
ORELLANA,2023,ECONOMÍA TOTAL,5822718890.0
ORELLANA,2023,ENSEÑANZA,51146520.0
ORELLANA,2023,EXPLOTACIÓN DE MINAS Y CANTERAS,5045034130.0
ORELLANA,2023,MANUFACTURA,30205840.0
ORELLANA,2023,OTROS SERVICIOS,9276370.0
ORELLANA,2023,SALUD,14319880.0
ORELLANA,2023,SUMINISTRO DE ELECTRICIDAD Y DE AGUA,62334510.0
ORELLANA,2023,"TRANSPORTE, INFORMACIÓN Y COMUNICACIONES",94247000.0
PASTAZA,2018,ACTIVIDADES FINANCIERAS,10946640.0
PASTAZA,2018,ACTIVIDADES PROFESIONALES E INMOBILIARIAS,29261030.0
PASTAZA,2018,ADMINISTRACIÓN PÚBLICA,113394160.0
PASTAZA,2018,"AGRICULTURA, GANADERÍA, SILVICULTURA Y PESCA",15638640.0
PASTAZA,2018,ALOJAMIENTO Y SERVICIOS DE COMIDA,4365910.0
PASTAZA,2018,COMERCIO,34928540.0
PASTAZA,2018,CONSTRUCCIÓN,22499790.0
PASTAZA,2018,ECONOMÍA TOTAL,875868400.0
PASTAZA,2018,ENSEÑANZA,44049120.0
PASTAZA,2018,EXPLOTACIÓN DE MINAS Y CANTERAS,546425050.0
PASTAZA,2018,MANUFACTURA,8844960.0
PASTAZA,2018,OTROS SERVICIOS,6830750.0
PASTAZA,2018,SALUD,16417020.0
PASTAZA,2018,SUMINISTRO DE ELECTRICIDAD Y DE AGUA,7181150.0
PASTAZA,2018,"TRANSPORTE, INFORMACIÓN Y COMUNICACIONES",15085640.0
PASTAZA,2019,ACTIVIDADES FINANCIERAS,12395350.0
PASTAZA,2019,ACTIVIDADES PROFESIONALES E INMOBILIARIAS,29082880.0
PASTAZA,2019,ADMINISTRACIÓN PÚBLICA,99097010.0
PASTAZA,2019,"AGRICULTURA, GANADERÍA, SILVICULTURA Y PESCA",17775140.0
PASTAZA,2019,ALOJAMIENTO Y SERVICIOS DE COMIDA,4579620.0
PASTAZA,2019,COMERCIO,38356620.0
PASTAZA,2019,CONSTRUCCIÓN,23542820.0
PASTAZA,2019,ECONOMÍA TOTAL,782385540.0
PASTAZA,2019,ENSEÑANZA,41704340.0
PASTAZA,2019,EXPLOTACIÓN DE MINAS Y CANTERAS,456214150.0
PASTAZA,2019,MANUFACTURA,8578870.0
PASTAZA,2019,OTROS SERVICIOS,7561840.0
PASTAZA,2019,SALUD,15611780.0
PASTAZA,2019,SUMINISTRO DE ELECTRICIDAD Y DE AGUA,7306090.0
PASTAZA,2019,"TRANSPORTE, INFORMACIÓN Y COMUNICACIONES",20579030.0
PASTAZA,2020,ACTIVIDADES FINANCIERAS,11844730.0
PASTAZA,2020,ACTIVIDADES PROFESIONALES E INMOBILIARIAS,25578730.0
PASTAZA,2020,ADMINISTRACIÓN PÚBLICA,94060220.0
PASTAZA,2020,"AGRICULTURA, GANADERÍA, SILVICULTURA Y PESCA",13503830.0
PASTAZA,2020,ALOJAMIENTO Y SERVICIOS DE COMIDA,2843400.0
PASTAZA,2020,COMERCIO,28475660.0
PASTAZA,2020,CONSTRUCCIÓN,16905970.0
PASTAZA,2020,ECONOMÍA TOTAL,609716520.0
PASTAZA,2020,ENSEÑANZA,37003200.0
PASTAZA,2020,EXPLOTACIÓN DE MINAS Y CANTERAS,322178220.0
PASTAZA,2020,MANUFACTURA,6858140.0
PASTAZA,2020,OTROS SERVICIOS,7499540.0
PASTAZA,2020,SALUD,17833870.0
PASTAZA,2020,SUMINISTRO DE ELECTRICIDAD Y DE AGUA,7116820.0
PASTAZA,2020,"TRANSPORTE, INFORMACIÓN Y COMUNICACIONES",18014190.0
PASTAZA,2021,ACTIVIDADES FINANCIERAS,14972160.0
PASTAZA,2021,ACTIVIDADES PROFESIONALES E INMOBILIARIAS,20910170.0
PASTAZA,2021,ADMINISTRACIÓN PÚBLICA,98076600.0
PASTAZA,2021,"AGRICULTURA, GANADERÍA, SILVICULTURA Y PESCA",13567470.0
PASTAZA,2021,ALOJAMIENTO Y SERVICIOS DE COMIDA,2926330.0
PASTAZA,2021,COMERCIO,34102990.0
PASTAZA,2021,CONSTRUCCIÓN,21177660.0
PASTAZA,2021,ECONOMÍA TOTAL,878261760.0
PASTAZA,2021,ENSEÑANZA,37196930.0
PASTAZA,2021,EXPLOTACIÓN DE MINAS Y CANTERAS,587229850.0
PASTAZA,2021,MANUFACTURA,6502590.0
PASTAZA,2021,OTROS SERVICIOS,6779690.0
PASTAZA,2021,SALUD,15095710.0
PASTAZA,2021,SUMINISTRO DE ELECTRICIDAD Y DE AGUA,7267620.0
PASTAZA,2021,"TRANSPORTE, INFORMACIÓN Y COMUNICACIONES",12455990.0
PASTAZA,2022,ACTIVIDADES FINANCIERAS,20189580.0
PASTAZA,2022,ACTIVIDADES PROFESIONALES E INMOBILIARIAS,22745450.0
PASTAZA,2022,ADMINISTRACIÓN PÚBLICA,110404630.0
PASTAZA,2022,"AGRICULTURA, GANADERÍA, SILVICULTURA Y PESCA",12431890.0
PASTAZA,2022,ALOJAMIENTO Y SERVICIOS DE COMIDA,3017440.0
PASTAZA,2022,COMERCIO,40225130.0
PASTAZA,2022,CONSTRUCCIÓN,23366680.0
PASTAZA,2022,ECONOMÍA TOTAL,1112244560.0
PASTAZA,2022,ENSEÑANZA,39972630.0
PASTAZA,2022,EXPLOTACIÓN DE MINAS Y CANTERAS,789401230.0
PASTAZA,2022,MANUFACTURA,6379100.0
PASTAZA,2022,OTROS SERVICIOS,6499340.0
PASTAZA,2022,SALUD,17979940.0
PASTAZA,2022,SUMINISTRO DE ELECTRICIDAD Y DE AGUA,7326520.0
PASTAZA,2022,"TRANSPORTE, INFORMACIÓN Y COMUNICACIONES",12305000.0
PASTAZA,2023,ACTIVIDADES FINANCIERAS,20241440.0
PASTAZA,2023,ACTIVIDADES PROFESIONALES E INMOBILIARIAS,22980880.0
PASTAZA,2023,ADMINISTRACIÓN PÚBLICA,107527550.0
PASTAZA,2023,"AGRICULTURA, GANADERÍA, SILVICULTURA Y PESCA",18878360.0
PASTAZA,2023,ALOJAMIENTO Y SERVICIOS DE COMIDA,2868860.0
PASTAZA,2023,COMERCIO,42563980.0
PASTAZA,2023,CONSTRUCCIÓN,27576720.0
PASTAZA,2023,ECONOMÍA TOTAL,929851060.0
PASTAZA,2023,ENSEÑANZA,43589200.0
PASTAZA,2023,EXPLOTACIÓN DE MINAS Y CANTERAS,587244880.0
PASTAZA,2023,MANUFACTURA,8494960.0
PASTAZA,2023,OTROS SERVICIOS,6805290.0
PASTAZA,2023,SALUD,18703140.0
PASTAZA,2023,SUMINISTRO DE ELECTRICIDAD Y DE AGUA,6978990.0
PASTAZA,2023,"TRANSPORTE, INFORMACIÓN Y COMUNICACIONES",15396810.0
PICHINCHA,2018,ACTIVIDADES FINANCIERAS,1902515650.0
PICHINCHA,2018,ACTIVIDADES PROFESIONALES E INMOBILIARIAS,6016048960.0
PICHINCHA,2018,ADMINISTRACIÓN PÚBLICA,1973629350.0
PICHINCHA,2018,"AGRICULTURA, GANADERÍA, SILVICULTURA Y PESCA",830945390.0
PICHINCHA,2018,ALOJAMIENTO Y SERVICIOS DE COMIDA,513289980.0
PICHINCHA,2018,COMERCIO,4862447120.0
PICHINCHA,2018,CONSTRUCCIÓN,1659508210.0
PICHINCHA,2018,ECONOMÍA TOTAL,28267713470.0
PICHINCHA,2018,ENSEÑANZA,1095945560.0
PICHINCHA,2018,EXPLOTACIÓN DE MINAS Y CANTERAS,35122510.0
PICHINCHA,2018,MANUFACTURA,3668496900.0
PICHINCHA,2018,OTROS SERVICIOS,730261330.0
PICHINCHA,2018,SALUD,1356514600.0
PICHINCHA,2018,SUMINISTRO DE ELECTRICIDAD Y DE AGUA,337281650.0
PICHINCHA,2018,"TRANSPORTE, INFORMACIÓN Y COMUNICACIONES",3285706260.0
PICHINCHA,2019,ACTIVIDADES FINANCIERAS,1983626850.0
PICHINCHA,2019,ACTIVIDADES PROFESIONALES E INMOBILIARIAS,6143294950.0
PICHINCHA,2019,ADMINISTRACIÓN PÚBLICA,1815183530.0
PICHINCHA,2019,"AGRICULTURA, GANADERÍA, SILVICULTURA Y PESCA",836664170.0
PICHINCHA,2019,ALOJAMIENTO Y SERVICIOS DE COMIDA,542133540.0
PICHINCHA,2019,COMERCIO,4690184190.0
PICHINCHA,2019,CONSTRUCCIÓN,1534854920.0
PICHINCHA,2019,ECONOMÍA TOTAL,28054281780.0
PICHINCHA,2019,ENSEÑANZA,1107142110.0
PICHINCHA,2019,EXPLOTACIÓN DE MINAS Y CANTERAS,35980070.0
PICHINCHA,2019,MANUFACTURA,3492927850.0
PICHINCHA,2019,OTROS SERVICIOS,772867920.0
PICHINCHA,2019,SALUD,1463002550.0
PICHINCHA,2019,SUMINISTRO DE ELECTRICIDAD Y DE AGUA,364027950.0
PICHINCHA,2019,"TRANSPORTE, INFORMACIÓN Y COMUNICACIONES",3272391180.0
PICHINCHA,2020,ACTIVIDADES FINANCIERAS,1875885370.0
PICHINCHA,2020,ACTIVIDADES PROFESIONALES E INMOBILIARIAS,5526348200.0
PICHINCHA,2020,ADMINISTRACIÓN PÚBLICA,1650981330.0
PICHINCHA,2020,"AGRICULTURA, GANADERÍA, SILVICULTURA Y PESCA",738704370.0
PICHINCHA,2020,ALOJAMIENTO Y SERVICIOS DE COMIDA,391089050.0
PICHINCHA,2020,COMERCIO,4076824980.0
PICHINCHA,2020,CONSTRUCCIÓN,1013201620.0
PICHINCHA,2020,ECONOMÍA TOTAL,24411600960.0
PICHINCHA,2020,ENSEÑANZA,1025832060.0
PICHINCHA,2020,EXPLOTACIÓN DE MINAS Y CANTERAS,27067670.0
PICHINCHA,2020,MANUFACTURA,3004464240.0
PICHINCHA,2020,OTROS SERVICIOS,610320370.0
PICHINCHA,2020,SALUD,1381552720.0
PICHINCHA,2020,SUMINISTRO DE ELECTRICIDAD Y DE AGUA,327759880.0
PICHINCHA,2020,"TRANSPORTE, INFORMACIÓN Y COMUNICACIONES",2761569100.0
PICHINCHA,2021,ACTIVIDADES FINANCIERAS,1942888540.0
PICHINCHA,2021,ACTIVIDADES PROFESIONALES E INMOBILIARIAS,5614973800.0
PICHINCHA,2021,ADMINISTRACIÓN PÚBLICA,1802529480.0
PICHINCHA,2021,"AGRICULTURA, GANADERÍA, SILVICULTURA Y PESCA",822468580.0
PICHINCHA,2021,ALOJAMIENTO Y SERVICIOS DE COMIDA,479628720.0
PICHINCHA,2021,COMERCIO,4895139900.0
PICHINCHA,2021,CONSTRUCCIÓN,1327366690.0
PICHINCHA,2021,ECONOMÍA TOTAL,27315471000.0
PICHINCHA,2021,ENSEÑANZA,1051065010.0
PICHINCHA,2021,EXPLOTACIÓN DE MINAS Y CANTERAS,51769020.0
PICHINCHA,2021,MANUFACTURA,3405696950.0
PICHINCHA,2021,OTROS SERVICIOS,673986760.0
PICHINCHA,2021,SALUD,1713356670.0
PICHINCHA,2021,SUMINISTRO DE ELECTRICIDAD Y DE AGUA,363236530.0
PICHINCHA,2021,"TRANSPORTE, INFORMACIÓN Y COMUNICACIONES",3171364350.0
PICHINCHA,2022,ACTIVIDADES FINANCIERAS,2173427680.0
PICHINCHA,2022,ACTIVIDADES PROFESIONALES E INMOBILIARIAS,6180941640.0
PICHINCHA,2022,ADMINISTRACIÓN PÚBLICA,1723597970.0
PICHINCHA,2022,"AGRICULTURA, GANADERÍA, SILVICULTURA Y PESCA",853832680.0
PICHINCHA,2022,ALOJAMIENTO Y SERVICIOS DE COMIDA,481431960.0
PICHINCHA,2022,COMERCIO,5616084040.0
PICHINCHA,2022,CONSTRUCCIÓN,1442089740.0
PICHINCHA,2022,ECONOMÍA TOTAL,28591085900.0
PICHINCHA,2022,ENSEÑANZA,852275120.0
PICHINCHA,2022,EXPLOTACIÓN DE MINAS Y CANTERAS,30357470.0
PICHINCHA,2022,MANUFACTURA,3501885120.0
PICHINCHA,2022,OTROS SERVICIOS,748220260.0
PICHINCHA,2022,SALUD,1533760170.0
PICHINCHA,2022,SUMINISTRO DE ELECTRICIDAD Y DE AGUA,328199660.0
PICHINCHA,2022,"TRANSPORTE, INFORMACIÓN Y COMUNICACIONES",3124982390.0
PICHINCHA,2023,ACTIVIDADES FINANCIERAS,2393792840.0
PICHINCHA,2023,ACTIVIDADES PROFESIONALES E INMOBILIARIAS,6622311450.0
PICHINCHA,2023,ADMINISTRACIÓN PÚBLICA,2004426240.0
PICHINCHA,2023,"AGRICULTURA, GANADERÍA, SILVICULTURA Y PESCA",918985490.0
PICHINCHA,2023,ALOJAMIENTO Y SERVICIOS DE COMIDA,556542940.0
PICHINCHA,2023,COMERCIO,5462713520.0
PICHINCHA,2023,CONSTRUCCIÓN,1510169220.0
PICHINCHA,2023,ECONOMÍA TOTAL,30310540170.0
PICHINCHA,2023,ENSEÑANZA,883499210.0
PICHINCHA,2023,EXPLOTACIÓN DE MINAS Y CANTERAS,27128830.0
PICHINCHA,2023,MANUFACTURA,3966359300.0
PICHINCHA,2023,OTROS SERVICIOS,862704100.0
PICHINCHA,2023,SALUD,1524322860.0
PICHINCHA,2023,SUMINISTRO DE ELECTRICIDAD Y DE AGUA,332059120.0
PICHINCHA,2023,"TRANSPORTE, INFORMACIÓN Y COMUNICACIONES",3245525050.0
SANTA ELENA,2018,ACTIVIDADES FINANCIERAS,10262210.0
SANTA ELENA,2018,ACTIVIDADES PROFESIONALES E INMOBILIARIAS,88875680.0
SANTA ELENA,2018,ADMINISTRACIÓN PÚBLICA,142257330.0
SANTA ELENA,2018,"AGRICULTURA, GANADERÍA, SILVICULTURA Y PESCA",85342220.0
SANTA ELENA,2018,ALOJAMIENTO Y SERVICIOS DE COMIDA,22380980.0
SANTA ELENA,2018,COMERCIO,159396870.0
SANTA ELENA,2018,CONSTRUCCIÓN,74200980.0
SANTA ELENA,2018,ECONOMÍA TOTAL,1577586440.0
SANTA ELENA,2018,ENSEÑANZA,98920950.0
SANTA ELENA,2018,EXPLOTACIÓN DE MINAS Y CANTERAS,342006890.0
SANTA ELENA,2018,MANUFACTURA,433499390.0
SANTA ELENA,2018,OTROS SERVICIOS,23824510.0
SANTA ELENA,2018,SALUD,34089810.0
SANTA ELENA,2018,SUMINISTRO DE ELECTRICIDAD Y DE AGUA,26434950.0
SANTA ELENA,2018,"TRANSPORTE, INFORMACIÓN Y COMUNICACIONES",36093670.0
SANTA ELENA,2019,ACTIVIDADES FINANCIERAS,12393810.0
SANTA ELENA,2019,ACTIVIDADES PROFESIONALES E INMOBILIARIAS,96619160.0
SANTA ELENA,2019,ADMINISTRACIÓN PÚBLICA,125970420.0
SANTA ELENA,2019,"AGRICULTURA, GANADERÍA, SILVICULTURA Y PESCA",92544230.0
SANTA ELENA,2019,ALOJAMIENTO Y SERVICIOS DE COMIDA,23332650.0
SANTA ELENA,2019,COMERCIO,164208760.0
SANTA ELENA,2019,CONSTRUCCIÓN,65853580.0
SANTA ELENA,2019,ECONOMÍA TOTAL,1351889140.0
SANTA ELENA,2019,ENSEÑANZA,99798940.0
SANTA ELENA,2019,EXPLOTACIÓN DE MINAS Y CANTERAS,258765460.0
SANTA ELENA,2019,MANUFACTURA,289607770.0
SANTA ELENA,2019,OTROS SERVICIOS,23105860.0
SANTA ELENA,2019,SALUD,34242600.0
SANTA ELENA,2019,SUMINISTRO DE ELECTRICIDAD Y DE AGUA,28914380.0
SANTA ELENA,2019,"TRANSPORTE, INFORMACIÓN Y COMUNICACIONES",36531520.0
SANTA ELENA,2020,ACTIVIDADES FINANCIERAS,11511050.0
SANTA ELENA,2020,ACTIVIDADES PROFESIONALES E INMOBILIARIAS,89768670.0
SANTA ELENA,2020,ADMINISTRACIÓN PÚBLICA,127762970.0
SANTA ELENA,2020,"AGRICULTURA, GANADERÍA, SILVICULTURA Y PESCA",68891790.0
SANTA ELENA,2020,ALOJAMIENTO Y SERVICIOS DE COMIDA,15479880.0
SANTA ELENA,2020,COMERCIO,126409680.0
SANTA ELENA,2020,CONSTRUCCIÓN,44556540.0
SANTA ELENA,2020,ECONOMÍA TOTAL,958249320.0
SANTA ELENA,2020,ENSEÑANZA,92441060.0
SANTA ELENA,2020,EXPLOTACIÓN DE MINAS Y CANTERAS,60693330.0
SANTA ELENA,2020,MANUFACTURA,205509060.0
SANTA ELENA,2020,OTROS SERVICIOS,18628130.0
SANTA ELENA,2020,SALUD,38631910.0
SANTA ELENA,2020,SUMINISTRO DE ELECTRICIDAD Y DE AGUA,25049960.0
SANTA ELENA,2020,"TRANSPORTE, INFORMACIÓN Y COMUNICACIONES",32915290.0
SANTA ELENA,2021,ACTIVIDADES FINANCIERAS,12527090.0
SANTA ELENA,2021,ACTIVIDADES PROFESIONALES E INMOBILIARIAS,84212020.0
SANTA ELENA,2021,ADMINISTRACIÓN PÚBLICA,156013300.0
SANTA ELENA,2021,"AGRICULTURA, GANADERÍA, SILVICULTURA Y PESCA",87592910.0
SANTA ELENA,2021,ALOJAMIENTO Y SERVICIOS DE COMIDA,20854540.0
SANTA ELENA,2021,COMERCIO,164693830.0
SANTA ELENA,2021,CONSTRUCCIÓN,49739390.0
SANTA ELENA,2021,ECONOMÍA TOTAL,1158209960.0
SANTA ELENA,2021,ENSEÑANZA,93474570.0
SANTA ELENA,2021,EXPLOTACIÓN DE MINAS Y CANTERAS,88482000.0
SANTA ELENA,2021,MANUFACTURA,282289950.0
SANTA ELENA,2021,OTROS SERVICIOS,20392760.0
SANTA ELENA,2021,SALUD,37230230.0
SANTA ELENA,2021,SUMINISTRO DE ELECTRICIDAD Y DE AGUA,26513330.0
SANTA ELENA,2021,"TRANSPORTE, INFORMACIÓN Y COMUNICACIONES",34194040.0
SANTA ELENA,2022,ACTIVIDADES FINANCIERAS,16582330.0
SANTA ELENA,2022,ACTIVIDADES PROFESIONALES E INMOBILIARIAS,98281530.0
SANTA ELENA,2022,ADMINISTRACIÓN PÚBLICA,182396390.0
SANTA ELENA,2022,"AGRICULTURA, GANADERÍA, SILVICULTURA Y PESCA",66995710.0
SANTA ELENA,2022,ALOJAMIENTO Y SERVICIOS DE COMIDA,21853870.0
SANTA ELENA,2022,COMERCIO,199164860.0
SANTA ELENA,2022,CONSTRUCCIÓN,57540730.0
SANTA ELENA,2022,ECONOMÍA TOTAL,1204475100.0
SANTA ELENA,2022,ENSEÑANZA,123074880.0
SANTA ELENA,2022,EXPLOTACIÓN DE MINAS Y CANTERAS,114402230.0
SANTA ELENA,2022,MANUFACTURA,201215600.0
SANTA ELENA,2022,OTROS SERVICIOS,23433400.0
SANTA ELENA,2022,SALUD,35254610.0
SANTA ELENA,2022,SUMINISTRO DE ELECTRICIDAD Y DE AGUA,29910510.0
SANTA ELENA,2022,"TRANSPORTE, INFORMACIÓN Y COMUNICACIONES",34368450.0
SANTA ELENA,2023,ACTIVIDADES FINANCIERAS,17967350.0
SANTA ELENA,2023,ACTIVIDADES PROFESIONALES E INMOBILIARIAS,89856780.0
SANTA ELENA,2023,ADMINISTRACIÓN PÚBLICA,205916430.0
SANTA ELENA,2023,"AGRICULTURA, GANADERÍA, SILVICULTURA Y PESCA",85906570.0
SANTA ELENA,2023,ALOJAMIENTO Y SERVICIOS DE COMIDA,16743430.0
SANTA ELENA,2023,COMERCIO,177840390.0
SANTA ELENA,2023,CONSTRUCCIÓN,75601330.0
SANTA ELENA,2023,ECONOMÍA TOTAL,1217470260.0
SANTA ELENA,2023,ENSEÑANZA,132207340.0
SANTA ELENA,2023,EXPLOTACIÓN DE MINAS Y CANTERAS,95783430.0
SANTA ELENA,2023,MANUFACTURA,199994470.0
SANTA ELENA,2023,OTROS SERVICIOS,22360540.0
SANTA ELENA,2023,SALUD,35501260.0
SANTA ELENA,2023,SUMINISTRO DE ELECTRICIDAD Y DE AGUA,26857050.0
SANTA ELENA,2023,"TRANSPORTE, INFORMACIÓN Y COMUNICACIONES",34933890.0
SANTO DOMINGO,2018,ACTIVIDADES FINANCIERAS,33737430.0
SANTO DOMINGO,2018,ACTIVIDADES PROFESIONALES E INMOBILIARIAS,210484330.0
SANTO DOMINGO,2018,ADMINISTRACIÓN PÚBLICA,173643030.0
SANTO DOMINGO,2018,"AGRICULTURA, GANADERÍA, SILVICULTURA Y PESCA",267387730.0
SANTO DOMINGO,2018,ALOJAMIENTO Y SERVICIOS DE COMIDA,22015080.0
SANTO DOMINGO,2018,COMERCIO,373194920.0
SANTO DOMINGO,2018,CONSTRUCCIÓN,146726800.0
SANTO DOMINGO,2018,ECONOMÍA TOTAL,1806044170.0
SANTO DOMINGO,2018,ENSEÑANZA,143548030.0
SANTO DOMINGO,2018,EXPLOTACIÓN DE MINAS Y CANTERAS,3196030.0
SANTO DOMINGO,2018,MANUFACTURA,208227520.0
SANTO DOMINGO,2018,OTROS SERVICIOS,39057620.0
SANTO DOMINGO,2018,SALUD,65184300.0
SANTO DOMINGO,2018,SUMINISTRO DE ELECTRICIDAD Y DE AGUA,23674020.0
SANTO DOMINGO,2018,"TRANSPORTE, INFORMACIÓN Y COMUNICACIONES",95967330.0
SANTO DOMINGO,2019,ACTIVIDADES FINANCIERAS,33702730.0
SANTO DOMINGO,2019,ACTIVIDADES PROFESIONALES E INMOBILIARIAS,205135990.0
SANTO DOMINGO,2019,ADMINISTRACIÓN PÚBLICA,174475870.0
SANTO DOMINGO,2019,"AGRICULTURA, GANADERÍA, SILVICULTURA Y PESCA",197277780.0
SANTO DOMINGO,2019,ALOJAMIENTO Y SERVICIOS DE COMIDA,23765610.0
SANTO DOMINGO,2019,COMERCIO,409911990.0
SANTO DOMINGO,2019,CONSTRUCCIÓN,151585080.0
SANTO DOMINGO,2019,ECONOMÍA TOTAL,1769035240.0
SANTO DOMINGO,2019,ENSEÑANZA,144651860.0
SANTO DOMINGO,2019,EXPLOTACIÓN DE MINAS Y CANTERAS,2046610.0
SANTO DOMINGO,2019,MANUFACTURA,203634060.0
SANTO DOMINGO,2019,OTROS SERVICIOS,35022020.0
SANTO DOMINGO,2019,SALUD,63085710.0
SANTO DOMINGO,2019,SUMINISTRO DE ELECTRICIDAD Y DE AGUA,27635650.0
SANTO DOMINGO,2019,"TRANSPORTE, INFORMACIÓN Y COMUNICACIONES",97104280.0
SANTO DOMINGO,2020,ACTIVIDADES FINANCIERAS,27819050.0
SANTO DOMINGO,2020,ACTIVIDADES PROFESIONALES E INMOBILIARIAS,186191140.0
SANTO DOMINGO,2020,ADMINISTRACIÓN PÚBLICA,190557160.0
SANTO DOMINGO,2020,"AGRICULTURA, GANADERÍA, SILVICULTURA Y PESCA",254429870.0
SANTO DOMINGO,2020,ALOJAMIENTO Y SERVICIOS DE COMIDA,16846560.0
SANTO DOMINGO,2020,COMERCIO,352088630.0
SANTO DOMINGO,2020,CONSTRUCCIÓN,121419840.0
SANTO DOMINGO,2020,ECONOMÍA TOTAL,1670041870.0
SANTO DOMINGO,2020,ENSEÑANZA,132425060.0
SANTO DOMINGO,2020,EXPLOTACIÓN DE MINAS Y CANTERAS,2397090.0
SANTO DOMINGO,2020,MANUFACTURA,184300180.0
SANTO DOMINGO,2020,OTROS SERVICIOS,31983570.0
SANTO DOMINGO,2020,SALUD,69516860.0
SANTO DOMINGO,2020,SUMINISTRO DE ELECTRICIDAD Y DE AGUA,25586900.0
SANTO DOMINGO,2020,"TRANSPORTE, INFORMACIÓN Y COMUNICACIONES",74479960.0
SANTO DOMINGO,2021,ACTIVIDADES FINANCIERAS,35241010.0
SANTO DOMINGO,2021,ACTIVIDADES PROFESIONALES E INMOBILIARIAS,168784240.0
SANTO DOMINGO,2021,ADMINISTRACIÓN PÚBLICA,161557320.0
SANTO DOMINGO,2021,"AGRICULTURA, GANADERÍA, SILVICULTURA Y PESCA",244565010.0
SANTO DOMINGO,2021,ALOJAMIENTO Y SERVICIOS DE COMIDA,21553480.0
SANTO DOMINGO,2021,COMERCIO,407295960.0
SANTO DOMINGO,2021,CONSTRUCCIÓN,129583380.0
SANTO DOMINGO,2021,ECONOMÍA TOTAL,1687914590.0
SANTO DOMINGO,2021,ENSEÑANZA,132105660.0
SANTO DOMINGO,2021,EXPLOTACIÓN DE MINAS Y CANTERAS,4706420.0
SANTO DOMINGO,2021,MANUFACTURA,181716570.0
SANTO DOMINGO,2021,OTROS SERVICIOS,31446440.0
SANTO DOMINGO,2021,SALUD,64192760.0
SANTO DOMINGO,2021,SUMINISTRO DE ELECTRICIDAD Y DE AGUA,26818620.0
SANTO DOMINGO,2021,"TRANSPORTE, INFORMACIÓN Y COMUNICACIONES",78347720.0
SANTO DOMINGO,2022,ACTIVIDADES FINANCIERAS,48351410.0
SANTO DOMINGO,2022,ACTIVIDADES PROFESIONALES E INMOBILIARIAS,189142750.0
SANTO DOMINGO,2022,ADMINISTRACIÓN PÚBLICA,217256570.0
SANTO DOMINGO,2022,"AGRICULTURA, GANADERÍA, SILVICULTURA Y PESCA",303508600.0
SANTO DOMINGO,2022,ALOJAMIENTO Y SERVICIOS DE COMIDA,21422890.0
SANTO DOMINGO,2022,COMERCIO,487617920.0
SANTO DOMINGO,2022,CONSTRUCCIÓN,142886850.0
SANTO DOMINGO,2022,ECONOMÍA TOTAL,1925280540.0
SANTO DOMINGO,2022,ENSEÑANZA,135062800.0
SANTO DOMINGO,2022,EXPLOTACIÓN DE MINAS Y CANTERAS,4264650.0
SANTO DOMINGO,2022,MANUFACTURA,168611110.0
SANTO DOMINGO,2022,OTROS SERVICIOS,34786960.0
SANTO DOMINGO,2022,SALUD,69638800.0
SANTO DOMINGO,2022,SUMINISTRO DE ELECTRICIDAD Y DE AGUA,26570340.0
SANTO DOMINGO,2022,"TRANSPORTE, INFORMACIÓN Y COMUNICACIONES",76158890.0
SANTO DOMINGO,2023,ACTIVIDADES FINANCIERAS,49044570.0
SANTO DOMINGO,2023,ACTIVIDADES PROFESIONALES E INMOBILIARIAS,166097200.0
SANTO DOMINGO,2023,ADMINISTRACIÓN PÚBLICA,150775730.0
SANTO DOMINGO,2023,"AGRICULTURA, GANADERÍA, SILVICULTURA Y PESCA",381439500.0
SANTO DOMINGO,2023,ALOJAMIENTO Y SERVICIOS DE COMIDA,24037610.0
SANTO DOMINGO,2023,COMERCIO,519254490.0
SANTO DOMINGO,2023,CONSTRUCCIÓN,133920540.0
SANTO DOMINGO,2023,ECONOMÍA TOTAL,2003078730.0
SANTO DOMINGO,2023,ENSEÑANZA,144639560.0
SANTO DOMINGO,2023,EXPLOTACIÓN DE MINAS Y CANTERAS,5139880.0
SANTO DOMINGO,2023,MANUFACTURA,191757010.0
SANTO DOMINGO,2023,OTROS SERVICIOS,37359260.0
SANTO DOMINGO,2023,SALUD,69800610.0
SANTO DOMINGO,2023,SUMINISTRO DE ELECTRICIDAD Y DE AGUA,31152770.0
SANTO DOMINGO,2023,"TRANSPORTE, INFORMACIÓN Y COMUNICACIONES",98660000.0
SUCUMBÍOS,2018,ACTIVIDADES FINANCIERAS,6543140.0
SUCUMBÍOS,2018,ACTIVIDADES PROFESIONALES E INMOBILIARIAS,64031200.0
SUCUMBÍOS,2018,ADMINISTRACIÓN PÚBLICA,185330560.0
SUCUMBÍOS,2018,"AGRICULTURA, GANADERÍA, SILVICULTURA Y PESCA",50574700.0
SUCUMBÍOS,2018,ALOJAMIENTO Y SERVICIOS DE COMIDA,14419210.0
SUCUMBÍOS,2018,COMERCIO,80925800.0
SUCUMBÍOS,2018,CONSTRUCCIÓN,59750870.0
SUCUMBÍOS,2018,ECONOMÍA TOTAL,3268887520.0
SUCUMBÍOS,2018,ENSEÑANZA,54363620.0
SUCUMBÍOS,2018,EXPLOTACIÓN DE MINAS Y CANTERAS,2425896000.0
SUCUMBÍOS,2018,MANUFACTURA,197254370.0
SUCUMBÍOS,2018,OTROS SERVICIOS,11672450.0
SUCUMBÍOS,2018,SALUD,18319340.0
SUCUMBÍOS,2018,SUMINISTRO DE ELECTRICIDAD Y DE AGUA,50703710.0
SUCUMBÍOS,2018,"TRANSPORTE, INFORMACIÓN Y COMUNICACIONES",49102550.0
SUCUMBÍOS,2019,ACTIVIDADES FINANCIERAS,7556620.0
SUCUMBÍOS,2019,ACTIVIDADES PROFESIONALES E INMOBILIARIAS,66790590.0
SUCUMBÍOS,2019,ADMINISTRACIÓN PÚBLICA,196432420.0
SUCUMBÍOS,2019,"AGRICULTURA, GANADERÍA, SILVICULTURA Y PESCA",58782010.0
SUCUMBÍOS,2019,ALOJAMIENTO Y SERVICIOS DE COMIDA,16797140.0
SUCUMBÍOS,2019,COMERCIO,86567300.0
SUCUMBÍOS,2019,CONSTRUCCIÓN,58649670.0
SUCUMBÍOS,2019,ECONOMÍA TOTAL,2848515290.0
SUCUMBÍOS,2019,ENSEÑANZA,53620760.0
SUCUMBÍOS,2019,EXPLOTACIÓN DE MINAS Y CANTERAS,2028464830.0
SUCUMBÍOS,2019,MANUFACTURA,134790530.0
SUCUMBÍOS,2019,OTROS SERVICIOS,11599730.0
SUCUMBÍOS,2019,SALUD,18091710.0
SUCUMBÍOS,2019,SUMINISTRO DE ELECTRICIDAD Y DE AGUA,55688200.0
SUCUMBÍOS,2019,"TRANSPORTE, INFORMACIÓN Y COMUNICACIONES",54683780.0
SUCUMBÍOS,2020,ACTIVIDADES FINANCIERAS,4923700.0
SUCUMBÍOS,2020,ACTIVIDADES PROFESIONALES E INMOBILIARIAS,62313640.0
SUCUMBÍOS,2020,ADMINISTRACIÓN PÚBLICA,199904610.0
SUCUMBÍOS,2020,"AGRICULTURA, GANADERÍA, SILVICULTURA Y PESCA",61315710.0
SUCUMBÍOS,2020,ALOJAMIENTO Y SERVICIOS DE COMIDA,13619600.0
SUCUMBÍOS,2020,COMERCIO,71782370.0
SUCUMBÍOS,2020,CONSTRUCCIÓN,41385160.0
SUCUMBÍOS,2020,ECONOMÍA TOTAL,1999517710.0
SUCUMBÍOS,2020,ENSEÑANZA,48676820.0
SUCUMBÍOS,2020,EXPLOTACIÓN DE MINAS Y CANTERAS,1255709080.0
SUCUMBÍOS,2020,MANUFACTURA,105864810.0
SUCUMBÍOS,2020,OTROS SERVICIOS,10084510.0
SUCUMBÍOS,2020,SALUD,22562210.0
SUCUMBÍOS,2020,SUMINISTRO DE ELECTRICIDAD Y DE AGUA,52842920.0
SUCUMBÍOS,2020,"TRANSPORTE, INFORMACIÓN Y COMUNICACIONES",48532570.0
SUCUMBÍOS,2021,ACTIVIDADES FINANCIERAS,6720940.0
SUCUMBÍOS,2021,ACTIVIDADES PROFESIONALES E INMOBILIARIAS,74737680.0
SUCUMBÍOS,2021,ADMINISTRACIÓN PÚBLICA,193315190.0
SUCUMBÍOS,2021,"AGRICULTURA, GANADERÍA, SILVICULTURA Y PESCA",66977350.0
SUCUMBÍOS,2021,ALOJAMIENTO Y SERVICIOS DE COMIDA,17139790.0
SUCUMBÍOS,2021,COMERCIO,87325580.0
SUCUMBÍOS,2021,CONSTRUCCIÓN,49569840.0
SUCUMBÍOS,2021,ECONOMÍA TOTAL,3025716440.0
SUCUMBÍOS,2021,ENSEÑANZA,49885360.0
SUCUMBÍOS,2021,EXPLOTACIÓN DE MINAS Y CANTERAS,2197558200.0
SUCUMBÍOS,2021,MANUFACTURA,140630810.0
SUCUMBÍOS,2021,OTROS SERVICIOS,10130200.0
SUCUMBÍOS,2021,SALUD,15046980.0
SUCUMBÍOS,2021,SUMINISTRO DE ELECTRICIDAD Y DE AGUA,54663480.0
SUCUMBÍOS,2021,"TRANSPORTE, INFORMACIÓN Y COMUNICACIONES",62015040.0
SUCUMBÍOS,2022,ACTIVIDADES FINANCIERAS,8386020.0
SUCUMBÍOS,2022,ACTIVIDADES PROFESIONALES E INMOBILIARIAS,65413530.0
SUCUMBÍOS,2022,ADMINISTRACIÓN PÚBLICA,241249750.0
SUCUMBÍOS,2022,"AGRICULTURA, GANADERÍA, SILVICULTURA Y PESCA",80250520.0
SUCUMBÍOS,2022,ALOJAMIENTO Y SERVICIOS DE COMIDA,20919900.0
SUCUMBÍOS,2022,COMERCIO,105290600.0
SUCUMBÍOS,2022,CONSTRUCCIÓN,57501510.0
SUCUMBÍOS,2022,ECONOMÍA TOTAL,3874759470.0
SUCUMBÍOS,2022,ENSEÑANZA,51645360.0
SUCUMBÍOS,2022,EXPLOTACIÓN DE MINAS Y CANTERAS,2995817980.0
SUCUMBÍOS,2022,MANUFACTURA,94557400.0
SUCUMBÍOS,2022,OTROS SERVICIOS,9700690.0
SUCUMBÍOS,2022,SALUD,19902260.0
SUCUMBÍOS,2022,SUMINISTRO DE ELECTRICIDAD Y DE AGUA,58337400.0
SUCUMBÍOS,2022,"TRANSPORTE, INFORMACIÓN Y COMUNICACIONES",65786550.0
SUCUMBÍOS,2023,ACTIVIDADES FINANCIERAS,12916680.0
SUCUMBÍOS,2023,ACTIVIDADES PROFESIONALES E INMOBILIARIAS,63585410.0
SUCUMBÍOS,2023,ADMINISTRACIÓN PÚBLICA,223282400.0
SUCUMBÍOS,2023,"AGRICULTURA, GANADERÍA, SILVICULTURA Y PESCA",84929280.0
SUCUMBÍOS,2023,ALOJAMIENTO Y SERVICIOS DE COMIDA,36910400.0
SUCUMBÍOS,2023,COMERCIO,93379330.0
SUCUMBÍOS,2023,CONSTRUCCIÓN,59313490.0
SUCUMBÍOS,2023,ECONOMÍA TOTAL,3104639260.0
SUCUMBÍOS,2023,ENSEÑANZA,58479010.0
SUCUMBÍOS,2023,EXPLOTACIÓN DE MINAS Y CANTERAS,2234290960.0
SUCUMBÍOS,2023,MANUFACTURA,98160100.0
SUCUMBÍOS,2023,OTROS SERVICIOS,7945130.0
SUCUMBÍOS,2023,SALUD,21026830.0
SUCUMBÍOS,2023,SUMINISTRO DE ELECTRICIDAD Y DE AGUA,53108860.0
SUCUMBÍOS,2023,"TRANSPORTE, INFORMACIÓN Y COMUNICACIONES",57311380.0
TUNGURAHUA,2018,ACTIVIDADES FINANCIERAS,150025850.0
TUNGURAHUA,2018,ACTIVIDADES PROFESIONALES E INMOBILIARIAS,273577980.0
TUNGURAHUA,2018,ADMINISTRACIÓN PÚBLICA,265498140.0
TUNGURAHUA,2018,"AGRICULTURA, GANADERÍA, SILVICULTURA Y PESCA",190171450.0
TUNGURAHUA,2018,ALOJAMIENTO Y SERVICIOS DE COMIDA,43889190.0
TUNGURAHUA,2018,COMERCIO,493662110.0
TUNGURAHUA,2018,CONSTRUCCIÓN,180981840.0
TUNGURAHUA,2018,ECONOMÍA TOTAL,2524903660.0
TUNGURAHUA,2018,ENSEÑANZA,186652930.0
TUNGURAHUA,2018,EXPLOTACIÓN DE MINAS Y CANTERAS,1441320.0
TUNGURAHUA,2018,MANUFACTURA,414380960.0
TUNGURAHUA,2018,OTROS SERVICIOS,53089110.0
TUNGURAHUA,2018,SALUD,75301890.0
TUNGURAHUA,2018,SUMINISTRO DE ELECTRICIDAD Y DE AGUA,66394710.0
TUNGURAHUA,2018,"TRANSPORTE, INFORMACIÓN Y COMUNICACIONES",129836180.0
TUNGURAHUA,2019,ACTIVIDADES FINANCIERAS,157563640.0
TUNGURAHUA,2019,ACTIVIDADES PROFESIONALES E INMOBILIARIAS,262127510.0
TUNGURAHUA,2019,ADMINISTRACIÓN PÚBLICA,279806190.0
TUNGURAHUA,2019,"AGRICULTURA, GANADERÍA, SILVICULTURA Y PESCA",202071940.0
TUNGURAHUA,2019,ALOJAMIENTO Y SERVICIOS DE COMIDA,48696480.0
TUNGURAHUA,2019,COMERCIO,493658980.0
TUNGURAHUA,2019,CONSTRUCCIÓN,188121270.0
TUNGURAHUA,2019,ECONOMÍA TOTAL,2600733000.0
TUNGURAHUA,2019,ENSEÑANZA,193398550.0
TUNGURAHUA,2019,EXPLOTACIÓN DE MINAS Y CANTERAS,1199990.0
TUNGURAHUA,2019,MANUFACTURA,425999840.0
TUNGURAHUA,2019,OTROS SERVICIOS,65124100.0
TUNGURAHUA,2019,SALUD,75225590.0
TUNGURAHUA,2019,SUMINISTRO DE ELECTRICIDAD Y DE AGUA,78813630.0
TUNGURAHUA,2019,"TRANSPORTE, INFORMACIÓN Y COMUNICACIONES",128925290.0
TUNGURAHUA,2020,ACTIVIDADES FINANCIERAS,148133740.0
TUNGURAHUA,2020,ACTIVIDADES PROFESIONALES E INMOBILIARIAS,211717370.0
TUNGURAHUA,2020,ADMINISTRACIÓN PÚBLICA,258646960.0
TUNGURAHUA,2020,"AGRICULTURA, GANADERÍA, SILVICULTURA Y PESCA",199498960.0
TUNGURAHUA,2020,ALOJAMIENTO Y SERVICIOS DE COMIDA,31246580.0
TUNGURAHUA,2020,COMERCIO,388284350.0
TUNGURAHUA,2020,CONSTRUCCIÓN,123279120.0
TUNGURAHUA,2020,ECONOMÍA TOTAL,2151575020.0
TUNGURAHUA,2020,ENSEÑANZA,188791100.0
TUNGURAHUA,2020,EXPLOTACIÓN DE MINAS Y CANTERAS,525380.0
TUNGURAHUA,2020,MANUFACTURA,310777290.0
TUNGURAHUA,2020,OTROS SERVICIOS,47386720.0
TUNGURAHUA,2020,SALUD,81881120.0
TUNGURAHUA,2020,SUMINISTRO DE ELECTRICIDAD Y DE AGUA,74472500.0
TUNGURAHUA,2020,"TRANSPORTE, INFORMACIÓN Y COMUNICACIONES",86933830.0
TUNGURAHUA,2021,ACTIVIDADES FINANCIERAS,179821520.0
TUNGURAHUA,2021,ACTIVIDADES PROFESIONALES E INMOBILIARIAS,212533870.0
TUNGURAHUA,2021,ADMINISTRACIÓN PÚBLICA,289613090.0
TUNGURAHUA,2021,"AGRICULTURA, GANADERÍA, SILVICULTURA Y PESCA",209070930.0
TUNGURAHUA,2021,ALOJAMIENTO Y SERVICIOS DE COMIDA,40025540.0
TUNGURAHUA,2021,COMERCIO,461171600.0
TUNGURAHUA,2021,CONSTRUCCIÓN,149177920.0
TUNGURAHUA,2021,ECONOMÍA TOTAL,2381460320.0
TUNGURAHUA,2021,ENSEÑANZA,194714680.0
TUNGURAHUA,2021,EXPLOTACIÓN DE MINAS Y CANTERAS,771420.0
TUNGURAHUA,2021,MANUFACTURA,347906100.0
TUNGURAHUA,2021,OTROS SERVICIOS,51795340.0
TUNGURAHUA,2021,SALUD,73506980.0
TUNGURAHUA,2021,SUMINISTRO DE ELECTRICIDAD Y DE AGUA,77572050.0
TUNGURAHUA,2021,"TRANSPORTE, INFORMACIÓN Y COMUNICACIONES",93779280.0
TUNGURAHUA,2022,ACTIVIDADES FINANCIERAS,217361770.0
TUNGURAHUA,2022,ACTIVIDADES PROFESIONALES E INMOBILIARIAS,232704010.0
TUNGURAHUA,2022,ADMINISTRACIÓN PÚBLICA,315282140.0
TUNGURAHUA,2022,"AGRICULTURA, GANADERÍA, SILVICULTURA Y PESCA",198711440.0
TUNGURAHUA,2022,ALOJAMIENTO Y SERVICIOS DE COMIDA,42764150.0
TUNGURAHUA,2022,COMERCIO,543994960.0
TUNGURAHUA,2022,CONSTRUCCIÓN,159061550.0
TUNGURAHUA,2022,ECONOMÍA TOTAL,2603365500.0
TUNGURAHUA,2022,ENSEÑANZA,224021680.0
TUNGURAHUA,2022,EXPLOTACIÓN DE MINAS Y CANTERAS,1279560.0
TUNGURAHUA,2022,MANUFACTURA,363660300.0
TUNGURAHUA,2022,OTROS SERVICIOS,50759360.0
TUNGURAHUA,2022,SALUD,82701700.0
TUNGURAHUA,2022,SUMINISTRO DE ELECTRICIDAD Y DE AGUA,74213830.0
TUNGURAHUA,2022,"TRANSPORTE, INFORMACIÓN Y COMUNICACIONES",96849050.0
TUNGURAHUA,2023,ACTIVIDADES FINANCIERAS,233575090.0
TUNGURAHUA,2023,ACTIVIDADES PROFESIONALES E INMOBILIARIAS,248910540.0
TUNGURAHUA,2023,ADMINISTRACIÓN PÚBLICA,323752110.0
TUNGURAHUA,2023,"AGRICULTURA, GANADERÍA, SILVICULTURA Y PESCA",280664830.0
TUNGURAHUA,2023,ALOJAMIENTO Y SERVICIOS DE COMIDA,37322830.0
TUNGURAHUA,2023,COMERCIO,530207170.0
TUNGURAHUA,2023,CONSTRUCCIÓN,175743870.0
TUNGURAHUA,2023,ECONOMÍA TOTAL,2752890040.0
TUNGURAHUA,2023,ENSEÑANZA,227766780.0
TUNGURAHUA,2023,EXPLOTACIÓN DE MINAS Y CANTERAS,788880.0
TUNGURAHUA,2023,MANUFACTURA,388075000.0
TUNGURAHUA,2023,OTROS SERVICIOS,58454560.0
TUNGURAHUA,2023,SALUD,81991660.0
TUNGURAHUA,2023,SUMINISTRO DE ELECTRICIDAD Y DE AGUA,70314610.0
TUNGURAHUA,2023,"TRANSPORTE, INFORMACIÓN Y COMUNICACIONES",95322110.0
ZAMORA CHINCHIPE,2018,ACTIVIDADES FINANCIERAS,11903200.0
ZAMORA CHINCHIPE,2018,ACTIVIDADES PROFESIONALES E INMOBILIARIAS,27292270.0
ZAMORA CHINCHIPE,2018,ADMINISTRACIÓN PÚBLICA,103271040.0
ZAMORA CHINCHIPE,2018,"AGRICULTURA, GANADERÍA, SILVICULTURA Y PESCA",13159960.0
ZAMORA CHINCHIPE,2018,ALOJAMIENTO Y SERVICIOS DE COMIDA,7131480.0
ZAMORA CHINCHIPE,2018,COMERCIO,32124290.0
ZAMORA CHINCHIPE,2018,CONSTRUCCIÓN,32770230.0
ZAMORA CHINCHIPE,2018,ECONOMÍA TOTAL,314384420.0
ZAMORA CHINCHIPE,2018,ENSEÑANZA,27730330.0
ZAMORA CHINCHIPE,2018,EXPLOTACIÓN DE MINAS Y CANTERAS,10120250.0
ZAMORA CHINCHIPE,2018,MANUFACTURA,4354360.0
ZAMORA CHINCHIPE,2018,OTROS SERVICIOS,5626100.0
ZAMORA CHINCHIPE,2018,SALUD,11230240.0
ZAMORA CHINCHIPE,2018,SUMINISTRO DE ELECTRICIDAD Y DE AGUA,7629600.0
ZAMORA CHINCHIPE,2018,"TRANSPORTE, INFORMACIÓN Y COMUNICACIONES",20041070.0
ZAMORA CHINCHIPE,2019,ACTIVIDADES FINANCIERAS,11900100.0
ZAMORA CHINCHIPE,2019,ACTIVIDADES PROFESIONALES E INMOBILIARIAS,31940780.0
ZAMORA CHINCHIPE,2019,ADMINISTRACIÓN PÚBLICA,115783020.0
ZAMORA CHINCHIPE,2019,"AGRICULTURA, GANADERÍA, SILVICULTURA Y PESCA",10381320.0
ZAMORA CHINCHIPE,2019,ALOJAMIENTO Y SERVICIOS DE COMIDA,6583770.0
ZAMORA CHINCHIPE,2019,COMERCIO,33431880.0
ZAMORA CHINCHIPE,2019,CONSTRUCCIÓN,33212400.0
ZAMORA CHINCHIPE,2019,ECONOMÍA TOTAL,346945670.0
ZAMORA CHINCHIPE,2019,ENSEÑANZA,27047660.0
ZAMORA CHINCHIPE,2019,EXPLOTACIÓN DE MINAS Y CANTERAS,11671660.0
ZAMORA CHINCHIPE,2019,MANUFACTURA,4484390.0
ZAMORA CHINCHIPE,2019,OTROS SERVICIOS,5282750.0
ZAMORA CHINCHIPE,2019,SALUD,11213500.0
ZAMORA CHINCHIPE,2019,SUMINISTRO DE ELECTRICIDAD Y DE AGUA,18733140.0
ZAMORA CHINCHIPE,2019,"TRANSPORTE, INFORMACIÓN Y COMUNICACIONES",25279300.0
ZAMORA CHINCHIPE,2020,ACTIVIDADES FINANCIERAS,10041990.0
ZAMORA CHINCHIPE,2020,ACTIVIDADES PROFESIONALES E INMOBILIARIAS,28681700.0
ZAMORA CHINCHIPE,2020,ADMINISTRACIÓN PÚBLICA,122985180.0
ZAMORA CHINCHIPE,2020,"AGRICULTURA, GANADERÍA, SILVICULTURA Y PESCA",11364020.0
ZAMORA CHINCHIPE,2020,ALOJAMIENTO Y SERVICIOS DE COMIDA,5855240.0
ZAMORA CHINCHIPE,2020,COMERCIO,23608940.0
ZAMORA CHINCHIPE,2020,CONSTRUCCIÓN,25917740.0
ZAMORA CHINCHIPE,2020,ECONOMÍA TOTAL,676612870.0
ZAMORA CHINCHIPE,2020,ENSEÑANZA,24049650.0
ZAMORA CHINCHIPE,2020,EXPLOTACIÓN DE MINAS Y CANTERAS,343542470.0
ZAMORA CHINCHIPE,2020,MANUFACTURA,3634520.0
ZAMORA CHINCHIPE,2020,OTROS SERVICIOS,5480590.0
ZAMORA CHINCHIPE,2020,SALUD,11097350.0
ZAMORA CHINCHIPE,2020,SUMINISTRO DE ELECTRICIDAD Y DE AGUA,28291640.0
ZAMORA CHINCHIPE,2020,"TRANSPORTE, INFORMACIÓN Y COMUNICACIONES",32061840.0
ZAMORA CHINCHIPE,2021,ACTIVIDADES FINANCIERAS,13087220.0
ZAMORA CHINCHIPE,2021,ACTIVIDADES PROFESIONALES E INMOBILIARIAS,32686980.0
ZAMORA CHINCHIPE,2021,ADMINISTRACIÓN PÚBLICA,123205210.0
ZAMORA CHINCHIPE,2021,"AGRICULTURA, GANADERÍA, SILVICULTURA Y PESCA",11771650.0
ZAMORA CHINCHIPE,2021,ALOJAMIENTO Y SERVICIOS DE COMIDA,5717790.0
ZAMORA CHINCHIPE,2021,COMERCIO,31529050.0
ZAMORA CHINCHIPE,2021,CONSTRUCCIÓN,28773690.0
ZAMORA CHINCHIPE,2021,ECONOMÍA TOTAL,1407353870.0
ZAMORA CHINCHIPE,2021,ENSEÑANZA,24365360.0
ZAMORA CHINCHIPE,2021,EXPLOTACIÓN DE MINAS Y CANTERAS,1039984170.0
ZAMORA CHINCHIPE,2021,MANUFACTURA,3669840.0
ZAMORA CHINCHIPE,2021,OTROS SERVICIOS,6346450.0
ZAMORA CHINCHIPE,2021,SALUD,9003810.0
ZAMORA CHINCHIPE,2021,SUMINISTRO DE ELECTRICIDAD Y DE AGUA,36969380.0
ZAMORA CHINCHIPE,2021,"TRANSPORTE, INFORMACIÓN Y COMUNICACIONES",40243270.0
ZAMORA CHINCHIPE,2022,ACTIVIDADES FINANCIERAS,16875140.0
ZAMORA CHINCHIPE,2022,ACTIVIDADES PROFESIONALES E INMOBILIARIAS,34707200.0
ZAMORA CHINCHIPE,2022,ADMINISTRACIÓN PÚBLICA,147416110.0
ZAMORA CHINCHIPE,2022,"AGRICULTURA, GANADERÍA, SILVICULTURA Y PESCA",9013650.0
ZAMORA CHINCHIPE,2022,ALOJAMIENTO Y SERVICIOS DE COMIDA,4988600.0
ZAMORA CHINCHIPE,2022,COMERCIO,35232550.0
ZAMORA CHINCHIPE,2022,CONSTRUCCIÓN,31701070.0
ZAMORA CHINCHIPE,2022,ECONOMÍA TOTAL,1617819530.0
ZAMORA CHINCHIPE,2022,ENSEÑANZA,24311570.0
ZAMORA CHINCHIPE,2022,EXPLOTACIÓN DE MINAS Y CANTERAS,1197567270.0
ZAMORA CHINCHIPE,2022,MANUFACTURA,3369660.0
ZAMORA CHINCHIPE,2022,OTROS SERVICIOS,5673020.0
ZAMORA CHINCHIPE,2022,SALUD,10292020.0
ZAMORA CHINCHIPE,2022,SUMINISTRO DE ELECTRICIDAD Y DE AGUA,49154840.0
ZAMORA CHINCHIPE,2022,"TRANSPORTE, INFORMACIÓN Y COMUNICACIONES",47516830.0
ZAMORA CHINCHIPE,2023,ACTIVIDADES FINANCIERAS,16686190.0
ZAMORA CHINCHIPE,2023,ACTIVIDADES PROFESIONALES E INMOBILIARIAS,35798430.0
ZAMORA CHINCHIPE,2023,ADMINISTRACIÓN PÚBLICA,152416440.0
ZAMORA CHINCHIPE,2023,"AGRICULTURA, GANADERÍA, SILVICULTURA Y PESCA",14149170.0
ZAMORA CHINCHIPE,2023,ALOJAMIENTO Y SERVICIOS DE COMIDA,3027010.0
ZAMORA CHINCHIPE,2023,COMERCIO,44394150.0
ZAMORA CHINCHIPE,2023,CONSTRUCCIÓN,52067250.0
ZAMORA CHINCHIPE,2023,ECONOMÍA TOTAL,1656754620.0
ZAMORA CHINCHIPE,2023,ENSEÑANZA,28199060.0
ZAMORA CHINCHIPE,2023,EXPLOTACIÓN DE MINAS Y CANTERAS,1191994970.0
ZAMORA CHINCHIPE,2023,MANUFACTURA,4270980.0
ZAMORA CHINCHIPE,2023,OTROS SERVICIOS,7919380.0
ZAMORA CHINCHIPE,2023,SALUD,10606610.0
ZAMORA CHINCHIPE,2023,SUMINISTRO DE ELECTRICIDAD Y DE AGUA,46873880.0
ZAMORA CHINCHIPE,2023,"TRANSPORTE, INFORMACIÓN Y COMUNICACIONES",48351100.0
