anio_lectivo,amie,nombre_institucion,provincia,cod_provincia,canton,cod_canton,nivel_educacion,sostenimiento,total_estudiantes
2023-2024 Inicio,17H03687,CECOMSYS,PICHINCHA,17,RUMIÑAHUI,1705,Educación General Básica y Bachillerato,Particular,6
2023-2024 Inicio,06H00116,COLEGIO DE BACHILLERATO DR EUGENIO ESPEJO PCEI,CHIMBORAZO,6,RIOBAMBA,601,Educación General Básica y Bachillerato,Particular,4
2023-2024 Inicio,01H01615,COLEGIO DE BACHILLERATO PARTICULAR ATLÁNTICO PCEI,AZUAY,1,CUENCA,101,Bachillerato y Ofertas Intensivas,Particular,87
2023-2024 Inicio,01H02032,COLEGIO DE BACHILLERATO PARTICULAR NEUE SCHULE,AZUAY,1,CUENCA,101,Bachillerato,Particular,7
2023-2024 Inicio,11H01909,COLEGIO DE BACHILLERATO PARTICULAR PCEI DR JOSE MARIA VIVAR CASTRO,LOJA,11,LOJA,1101,Bachillerato,Particular,65
2023-2024 Inicio,11H00091,COLEGIO DE BACHILLERATO PARTICULAR PCEI ISIDRO AYORA CUEVA,LOJA,11,LOJA,1101,Educación General Básica y Bachillerato,Particular,69
2023-2024 Inicio,08H02102,COLEGIO DE BACHILLERATO PARTICULAR PCEI PROVINCIA DE ESMERALDAS,ESMERALDAS,8,ESMERALDAS,801,Bachillerato y Ofertas Intensivas,Particular,82
2023-2024 Inicio,17H04359,COLEGIO DE BACHILLERATO PARTICULAR PCEI VALLE,PICHINCHA,17,QUITO,1701,Bachillerato,Particular,1
2023-2024 Inicio,18H00993,COLEGIO DE BACHILLERATO PCEI AMÉRICA,TUNGURAHUA,18,AMBATO,1801,Educación General Básica y Bachillerato,Particular,62
2023-2024 Inicio,10H00080,COLEGIO DE BACHILLERATO PCEI AMERICANO,IMBABURA,10,IBARRA,1001,Bachillerato y Ofertas Intensivas,Particular,60
2023-2024 Inicio,05H00853,COLEGIO DE BACHILLERATO PCEI BUENAS NUEVAS,COTOPAXI,5,PUJILI,504,Educación General Básica y Bachillerato,Particular,11
2023-2024 Inicio,10H00084,COLEGIO DE BACHILLERATO PCEI MANUELA ESPEJO,IMBABURA,10,IBARRA,1001,Educación General Básica y Bachillerato,Particular,45
2023-2024 Inicio,06H01926,COLEGIO DE BACHILLERATO PCEI OXFORD,CHIMBORAZO,6,RIOBAMBA,601,Educación General Básica y Bachillerato,Particular,8
2023-2024 Inicio,06H01452,COLEGIO DE BACHILLERATO PCEI SULTANA DE LOS ANDES,CHIMBORAZO,6,RIOBAMBA,601,Educación General Básica y Bachillerato,Particular,23
2023-2024 Inicio,10H00786,COLEGIO DE BACHILLERATO PCEI TIERRA NUEVA,IMBABURA,10,IBARRA,1001,Educación General Básica y Bachillerato,Particular,61
2023-2024 Inicio,10H00115,COLEGIO DE BACHILLERATO PCEI VIEJO LUCHADOR,IMBABURA,10,IBARRA,1001,Educación General Básica y Bachillerato,Particular,44
2023-2024 Inicio,13H05184,COLEGIO PARTICULAR A DISTANCIA MANUELA SAENZ,MANABI,13,PORTOVIEJO,1301,Educación General Básica y Bachillerato,Particular,24
2023-2024 Inicio,17H02378,COLEGIO POPULAR PARTICULAR A DISTANCIA SIMON BOLIVAR,PICHINCHA,17,RUMIÑAHUI,1705,Educación General Básica y Bachillerato,Particular,35
2023-2024 Inicio,15H00274,CRISTOBAL COLON,NAPO,15,TENA,1501,Educación General Básica y Bachillerato,Particular,16
2023-2024 Inicio,17H02179,DON BOSCO CAYAMBE,PICHINCHA,17,CAYAMBE,1702,Educación General Básica y Bachillerato,Particular,28
2023-2024 Inicio,05H00846,EXTENSIÓN EDUCATIVA MORASPUNGO PERTENECIENTE A LA UE PCEI EL CORAZÓN,COTOPAXI,5,PANGUA,503,Educación General Básica y Bachillerato,Fiscomisional,23
2023-2024 Inicio,17H00044,INSTITUCIÓN EDUCATIVA PARTICULAR JERICO,PICHINCHA,17,QUITO,1701,Bachillerato y Ofertas Intensivas,Particular,11
2023-2024 Inicio,17H03444,Institución Educativa Particular para Personas con Escolaridad Inconclusa ISRAEL,PICHINCHA,17,QUITO,1701,Bachillerato,Particular,31
2023-2024 Inicio,06H01036,JOSE MARIA VELAZ,CHIMBORAZO,6,GUANO,607,Educación General Básica y Bachillerato,Fiscomisional,5
2023-2024 Inicio,17H02180,PCEI OSWALDO GUAYASAMIN,PICHINCHA,17,CAYAMBE,1702,Educación General Básica y Bachillerato,Particular,14
2023-2024 Inicio,17H04190,PCEI SIGLO XXI,PICHINCHA,17,RUMIÑAHUI,1705,Bachillerato,Particular,32
2023-2024 Inicio,10H00587,PEDRO VICENTE MALDONADO,IMBABURA,10,IBARRA,1001,Educación General Básica y Bachillerato,Particular,120
2023-2024 Inicio,17H03618,SAN JUAN PABLO II,PICHINCHA,17,QUITO,1701,"Educación General Básica, Bachillerato y Ofertas Intensivas",Particular,86
2023-2024 Inicio,17H02379,SIGLO XXI,PICHINCHA,17,RUMIÑAHUI,1705,Bachillerato,Particular,32
2023-2024 Inicio,17H04340,"U.E. FISCOMISIONAL JOSÉ MARÍA VÉLAZ, S.J.- IRFEYAL- MATRIZ",PICHINCHA,17,QUITO,1701,Bachillerato,Fiscomisional,64
2023-2024 Inicio,17H00469,UE PARTICULAR PCEI CASA DE LA CULTURA ECUATORIANA,PICHINCHA,17,QUITO,1701,Educación General Básica y Bachillerato,Particular,27
2023-2024 Inicio,17H04396,UEP PCEI FIBONACCI,PICHINCHA,17,QUITO,1701,Bachillerato,Particular,1
2023-2024 Inicio,02H00794,UNIDAD EDUCATIVA  PCEI  23 DE AGOSTO,BOLIVAR,2,GUARANDA,201,Educación General Básica y Bachillerato,Particular,11
2023-2024 Inicio,05H00258,UNIDAD EDUCATIVA  PCEI MONSEÑOR LEONIDAS PROAÑO,COTOPAXI,5,PANGUA,503,Educación General Básica y Bachillerato,Fiscomisional,12
2023-2024 Inicio,13H05166,UNIDAD EDUCATIVA A DISTANCIA RIOS DE AGUA VIVA,MANABI,13,MANTA,1308,Educación General Básica y Bachillerato,Particular,23
2023-2024 Inicio,17H04413,UNIDAD EDUCATIVA ARUPOS,PICHINCHA,17,QUITO,1701,Educación General Básica y Bachillerato,Fiscal,81
2023-2024 Inicio,17H04399,UNIDAD EDUCATIVA BENNARES,PICHINCHA,17,QUITO,1701,Educación General Básica y Bachillerato,Particular,6
2023-2024 Inicio,13H04857,UNIDAD EDUCATIVA FISCOMISIONAL JOSE MARIA VELAS SJ EXT 28 CHONE,MANABI,13,CHONE,1303,Educación General Básica y Bachillerato,Fiscomisional,4
2023-2024 Inicio,13H04858,UNIDAD EDUCATIVA FISCOMISIONAL JOSE MARIA VELAZ EXT 30 FLAVIO ALFARO,MANABI,13,FLAVIO ALFARO,1305,Educación General Básica y Bachillerato,Fiscomisional,37
2023-2024 Inicio,13H04864,UNIDAD EDUCATIVA FISCOMISIONAL JOSE MARIA VELAZ EXT 86D LAS HABRAS,MANABI,13,CHONE,1303,Educación General Básica y Bachillerato,Fiscomisional,5
2023-2024 Inicio,05H00268,"UNIDAD EDUCATIVA FISCOMISIONAL JOSE MARIA VELAZ, SJ  IRFEYAL  EXTENSION 95-A-LA MANA",COTOPAXI,5,LA MANA,502,Bachillerato y Ofertas Intensivas,Fiscomisional,19
2023-2024 Inicio,08H00131,UNIDAD EDUCATIVA FISCOMISIONAL PCEI  MONSEÑOR LEONIDAS PROAÑO,ESMERALDAS,8,ESMERALDAS,801,Educación General Básica y Bachillerato,Fiscomisional,139
2023-2024 Inicio,01H00283,UNIDAD EDUCATIVA FISCOMISIONAL SEMIPRESENCIAL DEL AZUAY,AZUAY,1,CUENCA,101,"Educación General Básica, Bachillerato y Ofertas Intensivas",Fiscomisional,179
2023-2024 Inicio,01H01546,UNIDAD EDUCATIVA FISCOMISIONAL SEMIPRESENCIAL DEL AZUAY,AZUAY,1,CUENCA,101,Educación General Básica y Bachillerato,Fiscomisional,120
2023-2024 Inicio,09H06709,UNIDAD EDUCATIVA GUAYACANES,GUAYAS,9,GUAYAQUIL,901,Educación General Básica y Bachillerato,Fiscal,67
2023-2024 Inicio,12H01902,UNIDAD EDUCATIVA LIBERTADOR,LOS RIOS,12,MOCACHE,1212,Educación General Básica y Bachillerato,Particular,20
2023-2024 Inicio,17H00832,UNIDAD EDUCATIVA MUNICIPAL SUCRE,PICHINCHA,17,QUITO,1701,Educación General Básica y Bachillerato,Municipal,64
2023-2024 Inicio,09H05396,UNIDAD EDUCATIVA NUEVA BALZAR,GUAYAS,9,BALZAR,904,Educación General Básica y Bachillerato,Particular,11
2023-2024 Inicio,05H00026,UNIDAD EDUCATIVA P C E I  ALBERT EISTEIN,COTOPAXI,5,LATACUNGA,501,Bachillerato y Ofertas Intensivas,Particular,1
2023-2024 Inicio,17H04411,UNIDAD EDUCATIVA PARTICULAR  NUEVO ECUADOR HIGH SCHOOL,PICHINCHA,17,QUITO,1701,Educación General Básica y Bachillerato,Particular,18
2023-2024 Inicio,17H00614,"UNIDAD EDUCATIVA PARTICULAR ""JOSÉ MILLER SALAZAR""",PICHINCHA,17,QUITO,1701,Educación General Básica y Bachillerato,Particular,12
2023-2024 Inicio,09H06721,UNIDAD EDUCATIVA PARTICULAR 25 DE MARZO,GUAYAS,9,GUAYAQUIL,901,Educación General Básica y Bachillerato,Particular,6
2023-2024 Inicio,09H05932,UNIDAD EDUCATIVA PARTICULAR A DISTANCI KEVIN ROBERTS,GUAYAS,9,DURAN,907,Educación General Básica y Bachillerato,Particular,94
2023-2024 Inicio,13H04765,UNIDAD EDUCATIVA PARTICULAR A DISTANCIA ANDINOS,MANABI,13,EL CARMEN,1304,Educación General Básica y Bachillerato,Particular,10
2023-2024 Inicio,09H05996,UNIDAD EDUCATIVA PARTICULAR A DISTANCIA DR. LUIS ALFONSO SALTOS ESPINOZA,GUAYAS,9,GUAYAQUIL,901,Educación General Básica y Bachillerato,Particular,116
2023-2024 Inicio,15H00393,UNIDAD EDUCATIVA PARTICULAR A DISTANCIA ECUADOR,NAPO,15,TENA,1501,Educación General Básica y Bachillerato,Particular,16
2023-2024 Inicio,13H04717,UNIDAD EDUCATIVA PARTICULAR A DISTANCIA ELOY ALFARO,MANABI,13,EL CARMEN,1304,Educación General Básica y Bachillerato,Particular,135
2023-2024 Inicio,09H00507,UNIDAD EDUCATIVA PARTICULAR A DISTANCIA HERMAN HESSE,GUAYAS,9,GUAYAQUIL,901,Educación General Básica y Bachillerato,Particular,58
2023-2024 Inicio,09H02135,UNIDAD EDUCATIVA PARTICULAR A DISTANCIA JUAN MONTALVO FIALLOS,GUAYAS,9,GUAYAQUIL,901,Educación General Básica y Bachillerato,Particular,109
2023-2024 Inicio,17H02739,UNIDAD EDUCATIVA PARTICULAR COMPUINFORMATICA,PICHINCHA,17,QUITO,1701,"Educación General Básica, Bachillerato y Ofertas Intensivas",Particular,7
2023-2024 Inicio,09H04630,UNIDAD EDUCATIVA PARTICULAR CREAR,GUAYAS,9,SAMBORONDON,916,"Educación Inicial, Educación General Básica y Bachillerato",Particular,66
2023-2024 Inicio,09H06708,UNIDAD EDUCATIVA PARTICULAR CREAR        ,GUAYAS,9,SAMBORONDON,916,"Educación Inicial, Educación General Básica y Bachillerato",Particular,16
2023-2024 Inicio,17H04461,UNIDAD EDUCATIVA PARTICULAR CRISTO SALVADOR,PICHINCHA,17,QUITO,1701,Educación General Básica y Bachillerato,Particular,24
2023-2024 Inicio,17H04426,UNIDAD EDUCATIVA PARTICULAR INN GENIUS,PICHINCHA,17,RUMIÑAHUI,1705,"Educación Inicial, Educación General Básica y Bachillerato",Particular,5
2023-2024 Inicio,17H04486,UNIDAD EDUCATIVA PARTICULAR INNOVAR,PICHINCHA,17,QUITO,1701,Bachillerato y Ofertas Intensivas,Particular,8
2023-2024 Inicio,17H04468,UNIDAD EDUCATIVA PARTICULAR INTIYAN  ,PICHINCHA,17,QUITO,1701,Bachillerato,Particular,1
2023-2024 Inicio,17H04460,UNIDAD EDUCATIVA PARTICULAR JULIO CORTÁZAR,PICHINCHA,17,QUITO,1701,Bachillerato,Particular,37
2023-2024 Inicio,09H05929,UNIDAD EDUCATIVA PARTICULAR PCEI A 8 DE MARZO,GUAYAS,9,GUAYAQUIL,901,Educación General Básica y Bachillerato,Particular,82
2023-2024 Inicio,09H06712,UNIDAD EDUCATIVA PARTICULAR PCEI A DISTANCIA MARTIN LUTHER KING ,GUAYAS,9,DURAN,907,Educación General Básica y Bachillerato,Particular,81
2023-2024 Inicio,09H06679,UNIDAD EDUCATIVA PARTICULAR PCEI A DISTANCIA SANTANDER,GUAYAS,9,GUAYAQUIL,901,Educación General Básica y Bachillerato,Particular,45
2023-2024 Inicio,17H04422,UNIDAD EDUCATIVA PARTICULAR PCEI ALTAVISTA,PICHINCHA,17,QUITO,1701,Educación General Básica y Bachillerato,Particular,78
2023-2024 Inicio,09H06733,UNIDAD EDUCATIVA PARTICULAR PCEI ANDRES VESALIO,GUAYAS,9,GUAYAQUIL,901,Educación General Básica y Bachillerato,Particular,71
2023-2024 Inicio,17H01032,UNIDAD EDUCATIVA PARTICULAR PCEI CARLOS MONTUFAR,PICHINCHA,17,QUITO,1701,Educación General Básica y Bachillerato,Particular,26
2023-2024 Inicio,17H04480,UNIDAD EDUCATIVA PARTICULAR PCEI CASA DE LA CULTURA ECUATORIANA ,PICHINCHA,17,QUITO,1701,Bachillerato y Ofertas Intensivas,Particular,1
2023-2024 Inicio,17H03699,UNIDAD EDUCATIVA PARTICULAR PCEI COMPUINFORMATICA,PICHINCHA,17,QUITO,1701,"Educación General Básica, Bachillerato y Ofertas Intensivas",Particular,19
2023-2024 Inicio,17H03544,UNIDAD EDUCATIVA PARTICULAR PCEI DEL PACÍFICO,PICHINCHA,17,QUITO,1701,Educación General Básica y Bachillerato,Particular,21
2023-2024 Inicio,17H00887,UNIDAD EDUCATIVA PARTICULAR PCEI ECUADOR,PICHINCHA,17,QUITO,1701,Educación General Básica y Bachillerato,Particular,77
2023-2024 Inicio,17H03710,UNIDAD EDUCATIVA PARTICULAR PCEI ECUADOR,PICHINCHA,17,QUITO,1701,Educación General Básica y Bachillerato,Particular,72
2023-2024 Inicio,17H00076,UNIDAD EDUCATIVA PARTICULAR PCEI EDUCACION SIGLO XXI,PICHINCHA,17,QUITO,1701,Educación General Básica y Bachillerato,Particular,9
2023-2024 Inicio,17H04427,UNIDAD EDUCATIVA PARTICULAR PCEI EDUTEC,PICHINCHA,17,QUITO,1701,Educación General Básica y Bachillerato,Particular,2
2023-2024 Inicio,17H04428,UNIDAD EDUCATIVA PARTICULAR PCEI EDUTEC,PICHINCHA,17,QUITO,1701,Educación General Básica y Bachillerato,Particular,7
2023-2024 Inicio,17H04417,UNIDAD EDUCATIVA PARTICULAR PCEI EUGENE CERMAN,PICHINCHA,17,QUITO,1701,Educación General Básica y Bachillerato,Particular,6
2023-2024 Inicio,17H04397,UNIDAD EDUCATIVA PARTICULAR PCEI FIBONACCI,PICHINCHA,17,QUITO,1701,Educación General Básica y Bachillerato,Particular,1
2023-2024 Inicio,23H00333,UNIDAD EDUCATIVA PARTICULAR PCEI JACQUES COUSTEAU,SANTO DOMINGO DE LOS TSACHILAS,23,SANTO DOMINGO,2301,Educación General Básica y Bachillerato,Particular,116
2023-2024 Inicio,17H03044,UNIDAD EDUCATIVA PARTICULAR PCEI JEAN PEAGET,PICHINCHA,17,QUITO,1701,Educación General Básica y Bachillerato,Particular,7
2023-2024 Inicio,09H05533,UNIDAD EDUCATIVA PARTICULAR PCEI LIBERTADOR BOLÍVAR,GUAYAS,9,GUAYAQUIL,901,Bachillerato,Particular,18
2023-2024 Inicio,17H04453,UNIDAD EDUCATIVA PARTICULAR PCEI LIDERES,PICHINCHA,17,QUITO,1701,Bachillerato,Particular,119
2023-2024 Inicio,09H06683,UNIDAD EDUCATIVA PARTICULAR PCEI PADRE JUAN DE VELASCO,GUAYAS,9,GUAYAQUIL,901,Educación General Básica y Bachillerato,Particular,28
2023-2024 Inicio,09H06158,UNIDAD EDUCATIVA PARTICULAR PCEI PROVINCIA DEL GUAYAS,GUAYAS,9,GUAYAQUIL,901,Educación General Básica y Bachillerato,Particular,58
2023-2024 Inicio,17H04108,UNIDAD EDUCATIVA PARTICULAR PCEI SECOMSYS,PICHINCHA,17,QUITO,1701,Bachillerato,Particular,26
2023-2024 Inicio,17H04356,UNIDAD EDUCATIVA PARTICULAR PCEI TECNOECUATORIANO,PICHINCHA,17,QUITO,1701,Educación General Básica y Bachillerato,Particular,5
2023-2024 Inicio,01H01680,UNIDAD EDUCATIVA PARTICULAR PERPETUO SOCORRO,AZUAY,1,CUENCA,101,Educación General Básica y Bachillerato,Particular,25
2023-2024 Inicio,17H03562,UNIDAD EDUCATIVA PARTICULAR SAN FRANCISCO DE ASIS,PICHINCHA,17,QUITO,1701,Educación General Básica y Bachillerato,Particular,5
2023-2024 Inicio,17H04420,UNIDAD EDUCATIVA PARTICULAR SAN JUAN BOSCO,PICHINCHA,17,QUITO,1701,Educación General Básica y Bachillerato,Particular,12
2023-2024 Inicio,17H04447,UNIDAD EDUCATIVA PARTICULAR SAN MARTÍN,PICHINCHA,17,QUITO,1701,Educación General Básica y Bachillerato,Particular,3
2023-2024 Inicio,02H00812,UNIDAD EDUCATIVA PCEI  INTERNACIONAL BOLIVAR,BOLIVAR,2,GUARANDA,201,"Educación General Básica, Bachillerato y Ofertas Intensivas",Particular,12
2023-2024 Inicio,08H02179,UNIDAD EDUCATIVA PCEI  PARTICULAR DR EUGENIO ESPEJO,ESMERALDAS,8,QUININDE,804,Educación General Básica y Bachillerato,Particular,32
2023-2024 Inicio,09H05699,UNIDAD EDUCATIVA PCEI  PAUBLA TRINIDAD SANTANA GARCIA,GUAYAS,9,EL EMPALME,908,Educación General Básica y Bachillerato,Particular,23
2023-2024 Inicio,09H06689,UNIDAD EDUCATIVA PCEI A DISTANCIA RENACIMIENTO,GUAYAS,9,GUAYAQUIL,901,Educación General Básica y Bachillerato,Particular,7
2023-2024 Inicio,09H06017,UNIDAD EDUCATIVA PCEI AB. ELVIA MERCEDES SUAREZ SAN ANDRES DE HERRERA,GUAYAS,9,GUAYAQUIL,901,Educación General Básica y Bachillerato,Particular,12
2023-2024 Inicio,12H02618,UNIDAD EDUCATIVA PCEI BLAISE PASCAL,LOS RIOS,12,QUEVEDO,1205,Educación General Básica y Bachillerato,Particular,64
2023-2024 Inicio,18H00705,UNIDAD EDUCATIVA PCEI CADVRISH,TUNGURAHUA,18,AMBATO,1801,Bachillerato y Ofertas Intensivas,Particular,154
2023-2024 Inicio,18H01000,UNIDAD EDUCATIVA PCEI CHARLES DARWIN,TUNGURAHUA,18,AMBATO,1801,"Educación General Básica, Bachillerato y Ofertas Intensivas",Particular,49
2023-2024 Inicio,02H00722,UNIDAD EDUCATIVA PCEI DE BOLIVAR  CAT SAN LUIS DE PAMBIL,BOLIVAR,2,GUARANDA,201,Educación General Básica y Bachillerato,Fiscomisional,12
2023-2024 Inicio,02H00304,UNIDAD EDUCATIVA PCEI DE BOLÍVAR EXTENSIÓN CHILLANES,BOLIVAR,2,CHILLANES,202,Educación General Básica y Bachillerato,Fiscomisional,29
2023-2024 Inicio,02H00726,UNIDAD EDUCATIVA PCEI DE BOLÍVAR EXTENSIÓN SAN JOSÉ DEL TAMBO,BOLIVAR,2,CHILLANES,202,Educación General Básica y Bachillerato,Fiscomisional,8
2023-2024 Inicio,18H00866,UNIDAD EDUCATIVA PCEI EL COSMOPOLITA,TUNGURAHUA,18,AMBATO,1801,Educación General Básica y Bachillerato,Particular,40
2023-2024 Inicio,16H00412,UNIDAD EDUCATIVA PCEI HARVARD,PASTAZA,16,PASTAZA,1601,Educación General Básica y Bachillerato,Particular,47
2023-2024 Inicio,06H01703,UNIDAD EDUCATIVA PCEI JOSE MARIA VELAZ,CHIMBORAZO,6,RIOBAMBA,601,Educación General Básica y Bachillerato,Fiscomisional,29
2023-2024 Inicio,06H00361,UNIDAD EDUCATIVA PCEI JOSE MARIA VELAZ - LICTO,CHIMBORAZO,6,RIOBAMBA,601,Educación General Básica y Bachillerato,Fiscomisional,4
2023-2024 Inicio,18H00127,UNIDAD EDUCATIVA PCEI JUAN DELFIN FONSECA,TUNGURAHUA,18,AMBATO,1801,Educación General Básica y Bachillerato,Particular,68
2023-2024 Inicio,16H00048,UNIDAD EDUCATIVA PCEI LATINOAMERICA,PASTAZA,16,PASTAZA,1601,Bachillerato y Ofertas Intensivas,Particular,88
2023-2024 Inicio,18H00130,UNIDAD EDUCATIVA PCEI MIGUEL DE CERVANTES,TUNGURAHUA,18,AMBATO,1801,Educación General Básica y Bachillerato,Particular,80
2023-2024 Inicio,02H00653,UNIDAD EDUCATIVA PCEI MONSEÑOR LEONIDAS PROAÑO - CALUMA,BOLIVAR,2,CALUMA,206,Educación General Básica y Bachillerato,Fiscomisional,9
2023-2024 Inicio,06H01931,UNIDAD EDUCATIVA PCEI NUEVO AMANECER,CHIMBORAZO,6,RIOBAMBA,601,Educación General Básica y Bachillerato,Particular,1
2023-2024 Inicio,18H00998,UNIDAD EDUCATIVA PCEI PCEI AMAZONAS,TUNGURAHUA,18,AMBATO,1801,Educación General Básica y Bachillerato,Particular,18
2023-2024 Inicio,17H00866,UNIDAD EDUCATIVA PCEI PRIMERO DE MAYO,PICHINCHA,17,QUITO,1701,Bachillerato y Ofertas Intensivas,Particular,15
2023-2024 Inicio,24H00362,UNIDAD EDUCATIVA PCEI PROF. ERNESTO GONZALEZ MUÑOZ,SANTA ELENA,24,LA LIBERTAD,2402,Bachillerato,Particular,153
2023-2024 Inicio,09H05539,UNIDAD EDUCATIVA PCEI SIMON BOLIVAR,GUAYAS,9,EL TRIUNFO,909,Educación General Básica y Bachillerato,Particular,54
2023-2024 Inicio,18H00126,UNIDAD EDUCATIVA PCEI STEPHEN HAWKING,TUNGURAHUA,18,AMBATO,1801,Bachillerato y Ofertas Intensivas,Particular,94
2023-2024 Inicio,17H04113,ECO. JOSE MONCADA SANCHEZ,PICHINCHA,17,RUMIÑAHUI,1705,Educación General Básica y Bachillerato,Particular,11
2023-2024 Inicio,17H04112,ECO. JOSé MONCADA SáNCHEZ,PICHINCHA,17,RUMIÑAHUI,1705,Educación General Básica y Bachillerato,Particular,8
2023-2024 Inicio,17H03305,UNIDAD EDUCATIVA PARTICULAR IBEROAMERICANO,PICHINCHA,17,QUITO,1701,Educación General Básica y Bachillerato,Particular,28
2023-2024 Inicio,17H03286,UNIDAD EDUCATIVA PCEI PARTICULAR IBEROAMERICANO,PICHINCHA,17,QUITO,1701,"Educación General Básica, Bachillerato y Ofertas Intensivas",Particular,29
2023-2024 Inicio,17H04429,UNIDAD EDUCATIVA PARTICULAR EDUKASA LEARNING TOGETHER,PICHINCHA,17,QUITO,1701,Educación General Básica y Bachillerato,Particular,1
2023-2024 Inicio,17H04467,UNIDAD EDUCATIVA PARTICULAR GENERACIÓN ALFA,PICHINCHA,17,QUITO,1701,Educación General Básica y Bachillerato,Particular,1
2023-2024 Inicio,17H04406,UNIDAD EDUCATIVA PARTICULAR MARVIN MINSKY,PICHINCHA,17,QUITO,1701,Educación General Básica y Bachillerato,Particular,2
2023-2024 Inicio,22H00067,UNIDAD EDUCATIVA PARTICULAR PCEI RAFAEL GALETH,ORELLANA,22,ORELLANA,2201,Educación General Básica y Bachillerato,Particular,296
2023-2024 Inicio,17H00793,10 DE AGOSTO,PICHINCHA,17,QUITO,1701,"Educación Inicial, Educación General Básica y Bachillerato",Fiscal,56
2023-2024 Inicio,17H01251,11 DE MARZO,PICHINCHA,17,QUITO,1701,Educación General Básica y Bachillerato,Fiscal,72
2023-2024 Inicio,17H00178,11 DE OCTUBRE,PICHINCHA,17,QUITO,1701,"Educación Inicial, Educación General Básica y Bachillerato",Fiscal,21
2023-2024 Inicio,22H00291,12 DE FEBRERO,ORELLANA,22,LA JOYA DE LOS SACHAS,2203,"Educación Inicial, Educación General Básica y Bachillerato",Fiscal,301
2023-2024 Inicio,18H00619,12 DE NOVIEMBRE,TUNGURAHUA,18,SANTIAGO DE PILLARO,1808,"Educación Inicial, Educación General Básica y Bachillerato",Fiscal,77
2023-2024 Inicio,17H01035,15 DE DICIEMBRE,PICHINCHA,17,QUITO,1701,Educación General Básica y Bachillerato,Fiscal,202
2023-2024 Inicio,13H00297,18 DE OCTUBRE,MANABI,13,PORTOVIEJO,1301,Educación General Básica y Bachillerato,Fiscal,72
2023-2024 Inicio,17H01514,2 DE AGOSTO,PICHINCHA,17,MEJIA,1703,"Educación Inicial, Educación General Básica y Bachillerato",Fiscal,151
2023-2024 Inicio,17H02107,24 DE JULIO,PICHINCHA,17,QUITO,1701,"Educación Inicial, Educación General Básica y Bachillerato",Fiscal,53
2023-2024 Inicio,17H00316,24 DE MAYO,PICHINCHA,17,QUITO,1701,Educación General Básica y Bachillerato,Fiscal,583
2023-2024 Inicio,22H00327,24 DE OCTUBRE,ORELLANA,22,LA JOYA DE LOS SACHAS,2203,"Educación Inicial, Educación General Básica y Bachillerato",Fiscal,40
2023-2024 Inicio,13H00594,25 DE MAYO,MANABI,13,PORTOVIEJO,1301,Educación General Básica y Bachillerato,Fiscal,122
2023-2024 Inicio,13H02983,27 DE OCTUBRE,MANABI,13,PAJAN,1310,"Educación Inicial, Educación General Básica, Bachillerato y Ofertas Intensivas",Fiscal,105
2023-2024 Inicio,12H01018,28 DE MAYO,LOS RIOS,12,URDANETA,1206,"Educación Inicial, Educación General Básica y Bachillerato",Fiscal,36
2023-2024 Inicio,17B00213,29 DE OCTUBRE,PICHINCHA,17,CAYAMBE,1702,"Educación Inicial, Educación General Básica y Bachillerato",Fiscal,36
2023-2024 Inicio,22H00305,30 DE ABRIL,ORELLANA,22,LA JOYA DE LOS SACHAS,2203,"Educación Inicial, Educación General Básica y Bachillerato",Fiscal,81
2023-2024 Inicio,17H01571,ABDON CALDERON,PICHINCHA,17,QUITO,1701,Educación General Básica y Bachillerato,Fiscal,247
2023-2024 Inicio,13H01860,ABDON CALDERON  MUÑOZ,MANABI,13,JIPIJAPA,1306,Educación General Básica y Bachillerato,Fiscal,8
2023-2024 Inicio,13H05420,ABELARDO MONCAYO,MANABI,13,PAJAN,1310,"Educación Inicial, Educación General Básica y Bachillerato",Fiscal,3
2023-2024 Inicio,10H00352,ABELARDO MORAN MUÑOZ,IMBABURA,10,COTACACHI,1003,Educación General Básica y Bachillerato,Fiscal,6
2023-2024 Inicio,21H00693,ABOGADO JUAN BENIGNO VELA HERVAS,SUCUMBIOS,21,CASCALES,2106,"Educación Inicial, Educación General Básica, Bachillerato y Ofertas Intensivas",Fiscal,46
2023-2024 Inicio,17H03604,ACADEMIA AERONAUTICA MAYOR PEDRO TRAVERSARI N 2,PICHINCHA,17,RUMIÑAHUI,1705,"Educación Inicial, Educación General Básica y Bachillerato",Particular,60
2023-2024 Inicio,10H00017,ACADEMIA MILITAR SAN DIEGO,IMBABURA,10,IBARRA,1001,"Educación Inicial, Educación General Básica y Bachillerato",Particular,74
2023-2024 Inicio,22H00260,AGOYAN,ORELLANA,22,LA JOYA DE LOS SACHAS,2203,"Educación Inicial, Educación General Básica y Bachillerato",Fiscal,44
2023-2024 Inicio,17H01448,ALANGASI,PICHINCHA,17,QUITO,1701,Educación General Básica y Bachillerato,Fiscal,229
2023-2024 Inicio,13H03195,ALBERTINA RIVAS MEDINA,MANABI,13,SANTA ANA,1313,"Educación Inicial, Educación General Básica, Bachillerato y Ofertas Intensivas",Fiscal,263
2023-2024 Inicio,17H03316,ALBERTO EINSTEIN,PICHINCHA,17,QUITO,1701,"Educación Inicial, Educación General Básica y Bachillerato",Particular,33
2023-2024 Inicio,17H02788,ALEXANDER HAMILTON,PICHINCHA,17,QUITO,1701,"Educación Inicial, Educación General Básica y Bachillerato",Particular,8
2023-2024 Inicio,17H00055,ALEXANDER WANDEMBERG INTERNATIONAL,PICHINCHA,17,QUITO,1701,Educación General Básica y Bachillerato,Particular,1
2023-2024 Inicio,17H00186,ALFONSO DEL HIERRO LA SALLE,PICHINCHA,17,QUITO,1701,Educación General Básica y Bachillerato,Particular,85
2023-2024 Inicio,17H00018,ALFONSO LASO BERMEO,PICHINCHA,17,QUITO,1701,Educación General Básica y Bachillerato,Fiscal,98
2023-2024 Inicio,17H01639,ALFREDO CISNEROS,PICHINCHA,17,QUITO,1701,Educación General Básica y Bachillerato,Fiscal,120
2023-2024 Inicio,17H02275,ALOAG,PICHINCHA,17,MEJIA,1703,"Educación Inicial, Educación General Básica y Bachillerato",Fiscal,129
2023-2024 Inicio,17H02280,ALOASI,PICHINCHA,17,MEJIA,1703,"Educación Inicial, Educación General Básica y Bachillerato",Fiscal,231
2023-2024 Inicio,22B00075,AMAWTA SAMAY,ORELLANA,22,ORELLANA,2201,"Educación Inicial, Educación General Básica y Bachillerato",Fiscal,11
2023-2024 Inicio,17H00931,AMAZONAS,PICHINCHA,17,QUITO,1701,Educación General Básica y Bachillerato,Fiscal,424
2023-2024 Inicio,21H00377,AMAZONAS,SUCUMBIOS,21,GONZALO PIZARRO,2102,"Educación Inicial, Educación General Básica, Bachillerato y Ofertas Intensivas",Fiscal,58
2023-2024 Inicio,22H00150,AMAZONAS,ORELLANA,22,ORELLANA,2201,"Educación Inicial, Educación General Básica y Bachillerato",Fiscal,215
2023-2024 Inicio,17H02947,AMERICAN BASIC,PICHINCHA,17,RUMIÑAHUI,1705,"Educación Inicial, Educación General Básica y Bachillerato",Particular,10
2023-2024 Inicio,13H05394,ANCHUNDIA ANDRADE GÉNESIS,MANABI,13,PORTOVIEJO,1301,"Educación Inicial, Educación General Básica y Bachillerato",Fiscal,41
2023-2024 Inicio,16H00028,ANDOAS,PASTAZA,16,PASTAZA,1601,"Educación Inicial, Educación General Básica y Bachillerato",Fiscal,68
2023-2024 Inicio,13H00131,ANDRES DE VERA,MANABI,13,PORTOVIEJO,1301,"Educación Inicial, Educación General Básica y Bachillerato",Fiscal,112
2023-2024 Inicio,17H00559,ANDRES F CORDOVA,PICHINCHA,17,QUITO,1701,Educación General Básica y Bachillerato,Fiscal,215
2023-2024 Inicio,06B00185,ANGEL ERMINIO SILVA OLIVO,CHIMBORAZO,6,ALAUSI,602,"Educación Inicial, Educación General Básica y Bachillerato",Fiscal,14
2023-2024 Inicio,17H00553,ANGEL MODESTO PAREDES,PICHINCHA,17,QUITO,1701,"Educación Inicial, Educación General Básica y Bachillerato",Fiscal,63
2023-2024 Inicio,17H01944,ANTISANA,PICHINCHA,17,QUITO,1701,Educación General Básica y Bachillerato,Fiscal,43
2023-2024 Inicio,18H00593,ANTONIO CARRILLO MOSCOSO,TUNGURAHUA,18,SANTIAGO DE PILLARO,1808,"Educación Inicial, Educación General Básica y Bachillerato",Fiscal,52
2023-2024 Inicio,17H01570,ANTONIO FLORES,PICHINCHA,17,QUITO,1701,"Educación Inicial, Educación General Básica y Bachillerato",Particular,50
2023-2024 Inicio,13H05380,ANTONIO JOSÉ DE SUCRE CEDEÑO CORTEZ,MANABI,13,24 DE MAYO,1316,"Educación Inicial, Educación General Básica y Bachillerato",Fiscal,25
2023-2024 Inicio,13H00157,ANTONIO MENENDEZ DEL BARCO,MANABI,13,PORTOVIEJO,1301,"Educación Inicial, Educación General Básica y Bachillerato",Particular,21
2023-2024 Inicio,17H00444,ANTONIO NARIÑO,PICHINCHA,17,QUITO,1701,"Educación Inicial, Educación General Básica y Bachillerato",Fiscal,98
2023-2024 Inicio,13H05426,APOLINARIO CHÓEZ GONZÁLEZ,MANABI,13,PAJAN,1310,"Educación Inicial, Educación General Básica y Bachillerato",Fiscal,8
2023-2024 Inicio,17B00156,AQUILES PEREZ TAMAYO,PICHINCHA,17,CAYAMBE,1702,"Educación Inicial, Educación General Básica y Bachillerato",Fiscal,17
2023-2024 Inicio,13H00301,ARCO IRIS,MANABI,13,PORTOVIEJO,1301,"Educación Inicial, Educación General Básica y Bachillerato",Particular,48
2023-2024 Inicio,13H03640,ARELIZA LEONOR VERA GONGORA,MANABI,13,TOSAGUA,1315,"Educación Inicial, Educación General Básica y Bachillerato",Fiscal,11
2023-2024 Inicio,17B00176,ARTURO BORJA,PICHINCHA,17,CAYAMBE,1702,"Educación Inicial, Educación General Básica y Bachillerato",Fiscal,16
2023-2024 Inicio,13H05425,ARTURO MENDOZA,MANABI,13,PICHINCHA,1311,"Educación Inicial, Educación General Básica y Bachillerato",Fiscal,8
2023-2024 Inicio,17H02208,ASCÁZUBI,PICHINCHA,17,CAYAMBE,1702,Educación General Básica y Bachillerato,Fiscal,189
2023-2024 Inicio,17H01619,ATAHUALPA,PICHINCHA,17,QUITO,1701,Educación General Básica y Bachillerato,Fiscal,22
2023-2024 Inicio,17H00127,ATANASIO VITERI,PICHINCHA,17,QUITO,1701,"Educación Inicial, Educación General Básica y Bachillerato",Fiscal,64
2023-2024 Inicio,08H01410,AURELIA BECERRA DE QUIÑONEZ,ESMERALDAS,8,RIOVERDE,807,"Educación Inicial, Educación General Básica, Bachillerato y Ofertas Intensivas",Fiscal,33
2023-2024 Inicio,13H04551,AUTONOMO DE MANABI,MANABI,13,PEDERNALES,1317,"Educación Inicial, Educación General Básica y Bachillerato",Fiscal,131
2023-2024 Inicio,22B00147,AVILA,ORELLANA,22,LORETO,2204,"Educación Inicial, Educación General Básica y Bachillerato",Fiscal,16
2023-2024 Inicio,13H03641,BACHILLERO,MANABI,13,TOSAGUA,1315,Educación General Básica y Bachillerato,Fiscal,39
2023-2024 Inicio,13H03407,BAHIA DE CARAQUEZ,MANABI,13,SUCRE,1314,"Educación General Básica, Bachillerato y Ofertas Intensivas",Fiscal,72
2023-2024 Inicio,13H05369,BELISARIO QUEVEDO,MANABI,13,JIPIJAPA,1306,"Educación Inicial, Educación General Básica y Bachillerato",Fiscal,15
2023-2024 Inicio,17H00570,BENITO JUAREZ,PICHINCHA,17,QUITO,1701,Educación General Básica y Bachillerato,Fiscal,494
2023-2024 Inicio,12H01377,BEST,LOS RIOS,12,VINCES,1208,"Educación Inicial, Educación General Básica y Bachillerato",Particular,21
2023-2024 Inicio,13H03075,BRAULIO HIDALGO LOOR,MANABI,13,PICHINCHA,1311,"Educación Inicial, Educación General Básica y Bachillerato",Fiscal,2
2023-2024 Inicio,17H01611,BRETHREN,PICHINCHA,17,QUITO,1701,"Educación Inicial, Educación General Básica y Bachillerato",Fiscal,136
2023-2024 Inicio,17H03049,BRIGHAM YOUNG SCHOOL,PICHINCHA,17,QUITO,1701,"Educación Inicial, Educación General Básica y Bachillerato",Particular,14
2023-2024 Inicio,17H02256,BRITANICO LOS ANDES,PICHINCHA,17,MEJIA,1703,"Educación Inicial, Educación General Básica y Bachillerato",Particular,41
2023-2024 Inicio,17H00362,BUENA VENTURA,PICHINCHA,17,QUITO,1701,Educación General Básica y Bachillerato,Fiscal,48
2023-2024 Inicio,17H01521,CALACALI,PICHINCHA,17,QUITO,1701,Educación General Básica y Bachillerato,Fiscal,76
2023-2024 Inicio,17H01658,CALDERON,PICHINCHA,17,QUITO,1701,"Educación General Básica, Bachillerato y Ofertas Intensivas",Municipal,165
2023-2024 Inicio,17H01566,CALDERON 2,PICHINCHA,17,QUITO,1701,Educación General Básica y Bachillerato,Fiscal,144
2023-2024 Inicio,03H00242,CAMILO GALLEGOS DOMINGUEZ,CAÑAR,3,BIBLIAN,302,Educación General Básica y Bachillerato,Fiscal,57
2023-2024 Inicio,16H00159,CAMILO GALLEGOS DOMINGUEZ,PASTAZA,16,MERA,1602,"Educación Inicial, Educación General Básica, Bachillerato y Ofertas Intensivas",Fiscal,63
2023-2024 Inicio,17H01055,CAMINO DEL INCA,PICHINCHA,17,QUITO,1701,"Educación Inicial, Educación General Básica y Bachillerato",Fiscal,40
2023-2024 Inicio,06B00118,CANTÓN  ALAUSI,CHIMBORAZO,6,ALAUSI,602,"Educación Inicial, Educación General Básica y Bachillerato",Fiscal,8
2023-2024 Inicio,13H03868,CAÑAVERAL DEL NARANJO,MANABI,13,PEDERNALES,1317,"Educación Inicial, Educación General Básica y Bachillerato",Fiscal,37
2023-2024 Inicio,17H01241,CAPITAN ALFONSO ARROYO AGUIRRE,PICHINCHA,17,QUITO,1701,"Educación Inicial, Educación General Básica y Bachillerato",Fiscal,59
2023-2024 Inicio,22B00178,CAPITAN PABLO VILLARRUEL FUENTES,ORELLANA,22,LORETO,2204,"Educación Inicial, Educación General Básica y Bachillerato",Fiscal,6
2023-2024 Inicio,17H01776,CARDENAL CARLOS MARÍA  DE LA TORRE,PICHINCHA,17,QUITO,1701,"Educación Inicial, Educación General Básica y Bachillerato",Fiscal,311
2023-2024 Inicio,17H00687,CARDENAL GONZALEZ ZUMARRAGA,PICHINCHA,17,QUITO,1701,Educación General Básica y Bachillerato,Particular,19
2023-2024 Inicio,13H05419,CARLOS A GARCIA MORA,MANABI,13,JUNIN,1307,"Educación Inicial, Educación General Básica, Bachillerato y Ofertas Intensivas",Fiscal,130
2023-2024 Inicio,21H00308,CARLOS AZUERO AÑAZCO,SUCUMBIOS,21,LAGO AGRIO,2101,"Educación Inicial, Educación General Básica y Bachillerato",Fiscal,9
2023-2024 Inicio,17B00215,CARLOS FREILE ZALDUMBIDE,PICHINCHA,17,PEDRO MONCAYO,1704,"Educación Inicial, Educación General Básica y Bachillerato",Fiscal,22
2023-2024 Inicio,13H03636,CARLOS JULIO AROSEMENA TOLA,MANABI,13,TOSAGUA,1315,Educación General Básica y Bachillerato,Fiscal,120
2023-2024 Inicio,17H02418,CARLOS LARCO HIDALGO,PICHINCHA,17,RUMIÑAHUI,1705,"Educación Inicial, Educación General Básica y Bachillerato",Fiscal,127
2023-2024 Inicio,13H03894,CARLOS MARIA DE LA CONDAMINE,MANABI,13,PEDERNALES,1317,"Educación Inicial, Educación General Básica y Bachillerato",Fiscal,15
2023-2024 Inicio,17H02071,CARLOS RIVADENEIRA,PICHINCHA,17,QUITO,1701,"Educación Inicial, Educación General Básica y Bachillerato",Fiscal,4
2023-2024 Inicio,17H02337,CASA DE LA CULTURA ECUATORIANA BENJAMIN CARRION N0 1,PICHINCHA,17,QUITO,1701,"Educación Inicial, Educación General Básica y Bachillerato",Particular,5
2023-2024 Inicio,13H02818,CASCOL,MANABI,13,PAJAN,1310,Educación General Básica y Bachillerato,Fiscal,65
2023-2024 Inicio,14B00244,CECIB  DE  EDUCACIÓN BASICA SANTIAK,MORONA SANTIAGO,14,TAISHA,1409,"Educación Inicial, Educación General Básica y Bachillerato",Fiscal,14
2023-2024 Inicio,17H00087,CENTRO DEL MUCHACHO TRABAJADOR NO  2,PICHINCHA,17,QUITO,1701,"Educación Inicial, Educación General Básica y Bachillerato",Particular,24
2023-2024 Inicio,11B00081,CENTRO EDUCATIVO COMUNITARIO INTERCULTURAL BILINGÜE DE BACHILLERATO PCEI YACHAY ÑAN,LOJA,11,LOJA,1101,Educación General Básica y Bachillerato,Fiscal,11
2023-2024 Inicio,16H00204,CENTRO EDUCATIVO COMUNITARIO INTERCULTURAL BILINGUE DE EDUCACIÓN  BASICA PALATI,PASTAZA,16,ARAJUNO,1604,"Educación Inicial, Educación General Básica y Bachillerato",Fiscal,10
2023-2024 Inicio,08B00046,CENTRO EDUCATIVO COMUNITARIO INTERCULTURAL BILINGÜE RIO CANANDE,ESMERALDAS,8,QUININDE,804,Educación General Básica y Bachillerato,Fiscal,6
2023-2024 Inicio,08B00020,CENTRO EDUCATIVO COMUNITARIO ISABEL DE SANTIAGO,ESMERALDAS,8,QUININDE,804,"Educación Inicial, Educación General Básica y Bachillerato",Fiscal,11
2023-2024 Inicio,17H03190,CERVANTES,PICHINCHA,17,QUITO,1701,"Educación Inicial, Educación General Básica y Bachillerato",Particular,19
2023-2024 Inicio,04H00070,CESAR ANTONIO MOSQUERA,CARCHI,4,TULCAN,401,"Educación Inicial, Educación General Básica, Bachillerato y Ofertas Intensivas",Fiscal,100
2023-2024 Inicio,10B00075,CESAR ANTONIO MOSQUERA,IMBABURA,10,OTAVALO,1004,"Educación Inicial, Educación General Básica y Bachillerato",Fiscomisional,23
2023-2024 Inicio,17H02209,CESAR AUGUSTO TAMAYO MEDINA,PICHINCHA,17,CAYAMBE,1702,Bachillerato y Ofertas Intensivas,Fiscal,82
2023-2024 Inicio,13H00146,CESAR DELGADO LUCAS,MANABI,13,PORTOVIEJO,1301,"Educación Inicial, Educación General Básica y Bachillerato",Fiscal,6
2023-2024 Inicio,13H05430,CESAR INTRIAGO PEÑAFIEL,MANABI,13,PICHINCHA,1311,"Educación Inicial, Educación General Básica y Bachillerato",Fiscal,6
2023-2024 Inicio,13H05381,CESAR QUIMIS CHOEZ,MANABI,13,PUERTO LOPEZ,1319,"Educación Inicial, Educación General Básica y Bachillerato",Fiscal,49
2023-2024 Inicio,13H03503,CHARAPOTO,MANABI,13,SUCRE,1314,"Educación General Básica, Bachillerato y Ofertas Intensivas",Fiscal,141
2023-2024 Inicio,17H03232,CHARLES BABBAGE,PICHINCHA,17,RUMIÑAHUI,1705,Educación General Básica y Bachillerato,Particular,12
2023-2024 Inicio,17H00089,CHARLES DARWIN,PICHINCHA,17,QUITO,1701,"Educación Inicial, Educación General Básica y Bachillerato",Particular,36
2023-2024 Inicio,17H00910,CINCO  DE JUNIO,PICHINCHA,17,QUITO,1701,Educación General Básica y Bachillerato,Fiscal,380
2023-2024 Inicio,13H04143,CINCO DE MAYO,MANABI,13,PUERTO LOPEZ,1319,Educación General Básica y Bachillerato,Particular,25
2023-2024 Inicio,13H03836,CIUDAD DE PEDERNALES,MANABI,13,PEDERNALES,1317,"Educación Inicial, Educación General Básica y Bachillerato",Particular,30
2023-2024 Inicio,13H03887,CIUDAD DE PEDERNALES,MANABI,13,PEDERNALES,1317,"Educación Inicial, Educación General Básica y Bachillerato",Fiscal,83
2023-2024 Inicio,08H01269,COLEGIO  DE BACHILLERATO  12 DE OCTUBRE,ESMERALDAS,8,ATACAMES,806,Bachillerato,Fiscal,31
2023-2024 Inicio,07H00127,COLEGIO  DE BACHILLERATO  SIMÓN BOLÍVAR,EL ORO,7,MACHALA,701,Educación General Básica y Bachillerato,Fiscal,190
2023-2024 Inicio,07H01126,COLEGIO  DE BACHILLERATO DR NAPOLEON MERA,EL ORO,7,SANTA ROSA,712,Educación General Básica y Bachillerato,Fiscal,6
2023-2024 Inicio,13H02319,COLEGIO DE  BACHILLERATO LUIS ARBOLEDA MARTINEZ,MANABI,13,MANTA,1308,Educación General Básica y Bachillerato,Fiscal,260
2023-2024 Inicio,07H01080,COLEGIO DE  BACHILLERATO MARIA DEL CARMEN GAVILANES TENEZACA,EL ORO,7,SANTA ROSA,712,Educación General Básica y Bachillerato,Fiscal,52
2023-2024 Inicio,19H00262,COLEGIO DE BACHILERATO PRIMERO DE MAYO,ZAMORA CHINCHIPE,19,YANTZAZA (YANZATZA),1905,"Educación General Básica, Bachillerato y Ofertas Intensivas",Fiscal,174
2023-2024 Inicio,08H00660,COLEGIO DE BACHILLERATO   KEPLER REYNA BARONA,ESMERALDAS,8,MUISNE,803,Bachillerato,Fiscal,46
2023-2024 Inicio,08H01315,COLEGIO DE BACHILLERATO   TONCHIGUE,ESMERALDAS,8,ATACAMES,806,Bachillerato,Fiscal,97
2023-2024 Inicio,11H00923,COLEGIO DE BACHILLERATO  2 DE AGOSTO,LOJA,11,ESPINDOLA,1106,Educación General Básica y Bachillerato,Fiscal,14
2023-2024 Inicio,07H00626,COLEGIO DE BACHILLERATO  6 DE AGOSTO,EL ORO,7,EL GUABO,706,Educación General Básica y Bachillerato,Fiscal,121
2023-2024 Inicio,11H00333,COLEGIO DE BACHILLERATO  AGUSTIN CURIPOMA,LOJA,11,LOJA,1101,Educación General Básica y Bachillerato,Fiscal,18
2023-2024 Inicio,08H00837,COLEGIO DE BACHILLERATO  CAMILO GALLEGOS DOMINGUEZ,ESMERALDAS,8,QUININDE,804,Bachillerato,Fiscal,80
2023-2024 Inicio,07H00057,COLEGIO DE BACHILLERATO  EL ORO,EL ORO,7,MACHALA,701,Educación General Básica y Bachillerato,Fiscal,227
2023-2024 Inicio,11H01717,COLEGIO DE BACHILLERATO  LA TINGUE,LOJA,11,OLMEDO,1116,Educación General Básica y Bachillerato,Fiscal,5
2023-2024 Inicio,07H00341,COLEGIO DE BACHILLERATO  MACHALA,EL ORO,7,MACHALA,701,Educación General Básica y Bachillerato,Fiscal,203
2023-2024 Inicio,07H00043,COLEGIO DE BACHILLERATO  REPÚBLICA DEL ECUADOR,EL ORO,7,MACHALA,701,Educación General Básica y Bachillerato,Fiscal,71
2023-2024 Inicio,11H00582,COLEGIO DE BACHILLERATO 14 DE OCTUBRE,LOJA,11,CALVAS,1102,Educación General Básica y Bachillerato,Fiscal,29
2023-2024 Inicio,11H01495,COLEGIO DE BACHILLERATO 18 DE NOVIEMBRE,LOJA,11,SOZORANGA,1112,Educación General Básica y Bachillerato,Fiscal,33
2023-2024 Inicio,07H01192,COLEGIO DE BACHILLERATO 26 DE NOVIEMBRE,EL ORO,7,ZARUMA,713,Educación General Básica y Bachillerato,Fiscal,205
2023-2024 Inicio,11H00134,COLEGIO DE BACHILLERATO 27 DE FEBRERO,LOJA,11,LOJA,1101,Educación General Básica y Bachillerato,Fiscal,125
2023-2024 Inicio,14H00030,COLEGIO DE BACHILLERATO 27 DE FEBRERO,MORONA SANTIAGO,14,MORONA,1401,Bachillerato,Fiscal,47
2023-2024 Inicio,07H00852,COLEGIO DE BACHILLERATO 8 DE NOVIEMBRE,EL ORO,7,PIÑAS,710,Educación General Básica y Bachillerato,Fiscal,282
2023-2024 Inicio,11H00415,COLEGIO DE BACHILLERATO ABDON CALDERON MUÑOZ,LOJA,11,LOJA,1101,Educación General Básica y Bachillerato,Fiscal,15
2023-2024 Inicio,07H00451,COLEGIO DE BACHILLERATO ABDÓN CALDERÓN MUÑOZ,EL ORO,7,ARENILLAS,702,Educación General Básica y Bachillerato,Fiscal,45
2023-2024 Inicio,09H03423,COLEGIO DE BACHILLERATO AGROPECUARIO LOMAS DE SARGENTILLO,GUAYAS,9,LOMAS DE SARGENTILLO,924,Bachillerato,Fiscal,206
2023-2024 Inicio,07H01110,COLEGIO DE BACHILLERATO ALEJANDRO AGUILAR LOZANO,EL ORO,7,SANTA ROSA,712,Educación General Básica y Bachillerato,Fiscal,22
2023-2024 Inicio,07H00376,COLEGIO DE BACHILLERATO ALEJANDRO CASTRO BENITEZ,EL ORO,7,MACHALA,701,Educación General Básica y Bachillerato,Fiscal,82
2023-2024 Inicio,07H01053,COLEGIO DE BACHILLERATO ALIDA VALAREZO DE SÁNCHEZ,EL ORO,7,SANTA ROSA,712,Educación General Básica y Bachillerato,Fiscal,16
2023-2024 Inicio,07H00411,COLEGIO DE BACHILLERATO ARENILLAS,EL ORO,7,ARENILLAS,702,Educación General Básica y Bachillerato,Fiscal,182
2023-2024 Inicio,07H00412,COLEGIO DE BACHILLERATO ASAAD BUCARAM,EL ORO,7,ARENILLAS,702,Educación General Básica y Bachillerato,Fiscal,15
2023-2024 Inicio,07H00012,COLEGIO DE BACHILLERATO ATAHUALPA,EL ORO,7,MACHALA,701,Educación General Básica y Bachillerato,Fiscal,206
2023-2024 Inicio,07H00770,COLEGIO DE BACHILLERATO AURELIO PRIETO MUELAS,EL ORO,7,PASAJE,709,Educación General Básica y Bachillerato,Fiscal,30
2023-2024 Inicio,11H00007,COLEGIO DE BACHILLERATO BEATRIZ CUEVA DE AYORA,LOJA,11,LOJA,1101,Educación General Básica y Bachillerato,Fiscal,355
2023-2024 Inicio,01H00391,COLEGIO DE BACHILLERATO BENIGNO MALO,AZUAY,1,CUENCA,101,Bachillerato,Fiscal,381
2023-2024 Inicio,06H00140,COLEGIO DE BACHILLERATO BERNARDO DAVALOS LEON,CHIMBORAZO,6,RIOBAMBA,601,Educación General Básica y Bachillerato,Particular,10
2023-2024 Inicio,14H00103,COLEGIO DE BACHILLERATO CAMILO GALLEGOS TOLEDO,MORONA SANTIAGO,14,GUALAQUIZA,1402,Bachillerato y Ofertas Intensivas,Fiscal,110
2023-2024 Inicio,11H01353,COLEGIO DE BACHILLERATO CARLOS GARBAY MONTESDEOCA,LOJA,11,PUYANGO,1110,Educación General Básica y Bachillerato,Fiscal,36
2023-2024 Inicio,07H00821,COLEGIO DE BACHILLERATO CARMEN MORA DE ENCALADA,EL ORO,7,PASAJE,709,Educación General Básica y Bachillerato,Fiscal,336
2023-2024 Inicio,11H00816,COLEGIO DE BACHILLERATO CHAGUARPAMBA,LOJA,11,CHAGUARPAMBA,1105,Educación General Básica y Bachillerato,Fiscal,39
2023-2024 Inicio,06H00830,COLEGIO DE BACHILLERATO CHAMBO,CHIMBORAZO,6,CHAMBO,604,Educación General Básica y Bachillerato,Fiscal,121
2023-2024 Inicio,01H00336,COLEGIO DE BACHILLERATO CIUDAD DE CUENCA,AZUAY,1,CUENCA,101,"Educación Inicial, Educación General Básica, Bachillerato y Ofertas Intensivas",Fiscal,189
2023-2024 Inicio,07H01005,COLEGIO DE BACHILLERATO CIUDAD DE PORTOVELO,EL ORO,7,PORTOVELO,711,"Educación General Básica, Bachillerato y Ofertas Intensivas",Fiscal,31
2023-2024 Inicio,01H00196,COLEGIO DE BACHILLERATO DANIEL CORDOVA  TORAL,AZUAY,1,CUENCA,101,Bachillerato,Fiscal,247
2023-2024 Inicio,07H01106,COLEGIO DE BACHILLERATO DEMETRIO AGUILERA MALTA,EL ORO,7,SANTA ROSA,712,Educación General Básica y Bachillerato,Fiscal,85
2023-2024 Inicio,11H00299,COLEGIO DE BACHILLERATO DR  EDUARDO MORA MORENO,LOJA,11,LOJA,1101,Educación General Básica y Bachillerato,Fiscal,20
2023-2024 Inicio,07H00410,COLEGIO DE BACHILLERATO DR CAMILO GALLEGOS DOMINGUEZ,EL ORO,7,ARENILLAS,702,Educación General Básica y Bachillerato,Fiscal,187
2023-2024 Inicio,12H01770,COLEGIO DE BACHILLERATO DR CARLOS LUIS PLAZA DAÑIN,LOS RIOS,12,VALENCIA,1211,Bachillerato,Fiscal,63
2023-2024 Inicio,11H01675,COLEGIO DE BACHILLERATO DR CLOTARIO PAZ PALADINES,LOJA,11,PINDAL,1114,Educación General Básica y Bachillerato,Fiscal,19
2023-2024 Inicio,07H00619,COLEGIO DE BACHILLERATO DR JOSE MIGUEL GARCIA MORENO,EL ORO,7,EL GUABO,706,Educación General Básica y Bachillerato,Fiscal,164
2023-2024 Inicio,07H00825,COLEGIO DE BACHILLERATO DR JOSE OCHOA LEON,EL ORO,7,PASAJE,709,Educación General Básica y Bachillerato,Fiscal,350
2023-2024 Inicio,11H00825,COLEGIO DE BACHILLERATO DR JUAN FRANCISCO ONTANEDA,LOJA,11,CHAGUARPAMBA,1105,Educación General Básica y Bachillerato,Fiscal,23
2023-2024 Inicio,11H01529,COLEGIO DE BACHILLERATO DR MANUEL AGUSTIN AGUIRRE,LOJA,11,SOZORANGA,1112,Educación General Básica y Bachillerato,Fiscal,7
2023-2024 Inicio,11H00900,COLEGIO DE BACHILLERATO ECUADOR,LOJA,11,ESPINDOLA,1106,Educación General Básica y Bachillerato,Fiscal,16
2023-2024 Inicio,07H00888,COLEGIO DE BACHILLERATO EL PROGRESO,EL ORO,7,PASAJE,709,Educación General Básica y Bachillerato,Fiscal,23
2023-2024 Inicio,07H01273,COLEGIO DE BACHILLERATO EUGENIO ESPEJO,EL ORO,7,LAS LAJAS,714,Educación General Básica y Bachillerato,Fiscal,36
2023-2024 Inicio,09H02348,COLEGIO DE BACHILLERATO FISCAL JOSE PERALTA,GUAYAS,9,GUAYAQUIL,901,Bachillerato,Fiscal,186
2023-2024 Inicio,09H00902,COLEGIO DE BACHILLERATO FISCAL SIMÓN BOLIVAR,GUAYAS,9,GUAYAQUIL,901,Bachillerato,Fiscal,301
2023-2024 Inicio,18H00985,COLEGIO DE BACHILLERATO FRANCÉS,TUNGURAHUA,18,AMBATO,1801,Bachillerato,Particular,5
2023-2024 Inicio,11H01249,COLEGIO DE BACHILLERATO FRANCISCO VALDIVIESO ALVARADO,LOJA,11,PALTAS,1109,Educación General Básica y Bachillerato,Fiscal,11
2023-2024 Inicio,11H01169,COLEGIO DE BACHILLERATO FRONTERA SUR,LOJA,11,PALTAS,1109,Educación General Básica y Bachillerato,Fiscal,8
2023-2024 Inicio,11H00917,COLEGIO DE BACHILLERATO GABRIEL GARCIA MORENO ,LOJA,11,ESPINDOLA,1106,Educación General Básica y Bachillerato,Fiscomisional,29
2023-2024 Inicio,07H00967,COLEGIO DE BACHILLERATO GALO PLAZA LASSO,EL ORO,7,PIÑAS,710,Educación General Básica y Bachillerato,Fiscal,10
2023-2024 Inicio,11H01607,COLEGIO DE BACHILLERATO GALO ROLANDO VELEZ RIVERA,LOJA,11,ZAPOTILLO,1113,Educación General Básica y Bachillerato,Fiscal,38
2023-2024 Inicio,07H00506,COLEGIO DE BACHILLERATO GENERAL VICENTE ANDA AGUIRRE,EL ORO,7,BALSAS,704,"Educación General Básica, Bachillerato y Ofertas Intensivas",Fiscal,110
2023-2024 Inicio,14H00474,COLEGIO DE BACHILLERATO GUALAQUIZA,MORONA SANTIAGO,14,GUALAQUIZA,1402,Bachillerato,Municipal,44
2023-2024 Inicio,07H01234,COLEGIO DE BACHILLERATO GUANAZAN,EL ORO,7,ZARUMA,713,Educación General Básica y Bachillerato,Fiscal,49
2023-2024 Inicio,11H00167,COLEGIO DE BACHILLERATO HERNAN GALLARDO MOSCOSO,LOJA,11,LOJA,1101,Educación General Básica y Bachillerato,Fiscal,23
2023-2024 Inicio,19H00195,COLEGIO DE BACHILLERATO HÉROES DE PAQUISHA,ZAMORA CHINCHIPE,19,CHINCHIPE,1902,Educación General Básica y Bachillerato,Fiscal,17
2023-2024 Inicio,07H00683,COLEGIO DE BACHILLERATO HUAQUILLAS,EL ORO,7,HUAQUILLAS,707,Educación General Básica y Bachillerato,Fiscal,59
2023-2024 Inicio,10H00445,COLEGIO DE BACHILLERATO IMBAYA,IMBABURA,10,OTAVALO,1004,Bachillerato,Particular,3
2023-2024 Inicio,07H00837,COLEGIO DE BACHILLERATO ING AGUSTIN EDUARDO PAZMIÑO BARCIONA,EL ORO,7,PASAJE,709,"Educación General Básica, Bachillerato y Ofertas Intensivas",Fiscal,82
2023-2024 Inicio,07H00813,COLEGIO DE BACHILLERATO ING JOSE CORSINO CARDENAS,EL ORO,7,PASAJE,709,Educación General Básica y Bachillerato,Fiscal,168
2023-2024 Inicio,06B00607,COLEGIO DE BACHILLERATO INTERCULTURAL BILINGUE POLITECNICA DE CHIMBORAZO,CHIMBORAZO,6,RIOBAMBA,601,Educación General Básica y Bachillerato,Fiscal,3
2023-2024 Inicio,07H00316,COLEGIO DE BACHILLERATO ISMAEL PÉREZ PAZMIÑO,EL ORO,7,MACHALA,701,"Educación General Básica, Bachillerato y Ofertas Intensivas",Fiscal,464
2023-2024 Inicio,07H01079,COLEGIO DE BACHILLERATO JAMBELI,EL ORO,7,SANTA ROSA,712,Educación General Básica y Bachillerato,Fiscal,283
2023-2024 Inicio,07H01070,COLEGIO DE BACHILLERATO JORGE  ENRIQUE  CHAVEZ  CELI,EL ORO,7,SANTA ROSA,712,Educación General Básica y Bachillerato,Fiscal,48
2023-2024 Inicio,07H00864,COLEGIO DE BACHILLERATO JORGE ICAZA,EL ORO,7,PASAJE,709,Educación General Básica y Bachillerato,Fiscal,48
2023-2024 Inicio,07H01139,COLEGIO DE BACHILLERATO JOSÉ ANTONIO JARA,EL ORO,7,SANTA ROSA,712,Educación General Básica y Bachillerato,Fiscal,10
2023-2024 Inicio,11H01505,COLEGIO DE BACHILLERATO JOSE MARIA RIOFRIO Y VALDIVIEZO,LOJA,11,SOZORANGA,1112,Educación General Básica y Bachillerato,Fiscal,15
2023-2024 Inicio,07H00113,COLEGIO DE BACHILLERATO JUAN HENRÍQUEZ COELLO,EL ORO,7,MACHALA,701,Educación General Básica y Bachillerato,Fiscal,161
2023-2024 Inicio,11H01102,COLEGIO DE BACHILLERATO LA VICTORIA,LOJA,11,MACARA,1108,Educación General Básica y Bachillerato,Fiscal,8
2023-2024 Inicio,07H01154,COLEGIO DE BACHILLERATO LCDO FAUSTO MOLINA MOLINA,EL ORO,7,SANTA ROSA,712,Educación General Básica y Bachillerato,Fiscal,42
2023-2024 Inicio,07H00926,COLEGIO DE BACHILLERATO LEOVIGILDO LOAYZA LOAYZA,EL ORO,7,PIÑAS,710,"Educación General Básica, Bachillerato y Ofertas Intensivas",Fiscal,94
2023-2024 Inicio,11H00344,COLEGIO DE BACHILLERATO LIBERTADOR BOLIVAR,LOJA,11,LOJA,1101,Educación General Básica y Bachillerato,Fiscal,9
2023-2024 Inicio,14H00028,COLEGIO DE BACHILLERATO MACAS,MORONA SANTIAGO,14,MORONA,1401,Bachillerato y Ofertas Intensivas,Fiscal,244
2023-2024 Inicio,11H01564,COLEGIO DE BACHILLERATO MANGAHURCO,LOJA,11,ZAPOTILLO,1113,Educación General Básica y Bachillerato,Fiscal,9
2023-2024 Inicio,11H01417,COLEGIO DE BACHILLERATO MANÚ,LOJA,11,SARAGURO,1111,Educación General Básica y Bachillerato,Fiscal,38
2023-2024 Inicio,11H01357,COLEGIO DE BACHILLERATO MANUEL CARRION PINZANO,LOJA,11,PUYANGO,1110,Educación General Básica y Bachillerato,Fiscal,21
2023-2024 Inicio,01H00523,COLEGIO DE BACHILLERATO MANUEL CORDOVA GALARZA,AZUAY,1,CUENCA,101,Bachillerato y Ofertas Intensivas,Fiscal,145
2023-2024 Inicio,07H00666,COLEGIO DE BACHILLERATO MANUEL ISAAC ENCALADA ZÚÑIGA,EL ORO,7,EL GUABO,706,Educación General Básica y Bachillerato,Fiscal,35
2023-2024 Inicio,19H00119,COLEGIO DE BACHILLERATO MANUELA SAENZ,ZAMORA CHINCHIPE,19,CHINCHIPE,1902,Educación General Básica y Bachillerato,Fiscal,30
2023-2024 Inicio,11H01307,COLEGIO DE BACHILLERATO MARCOS OCHOA MUÑOZ,LOJA,11,PUYANGO,1110,Educación General Básica y Bachillerato,Fiscal,24
2023-2024 Inicio,06H01906,COLEGIO DE BACHILLERATO MARÍA MAZZARELLO,CHIMBORAZO,6,RIOBAMBA,601,Bachillerato,Fiscomisional,13
2023-2024 Inicio,07H00035,COLEGIO DE BACHILLERATO MARIO MINUCHE,EL ORO,7,MACHALA,701,Educación General Básica y Bachillerato,Fiscal,82
2023-2024 Inicio,19H00275,COLEGIO DE BACHILLERATO MARTHA BUCARAM DE ROLDOS,ZAMORA CHINCHIPE,19,YANTZAZA (YANZATZA),1905,"Educación General Básica, Bachillerato y Ofertas Intensivas",Fiscal,89
2023-2024 Inicio,07H00208,COLEGIO DE BACHILLERATO MATILDE HIDALGO DE PROCEL,EL ORO,7,MACHALA,701,Educación General Básica y Bachillerato,Fiscal,23
2023-2024 Inicio,11H00831,COLEGIO DE BACHILLERATO MATILDE HIDALGO DE PROCEL,LOJA,11,CHAGUARPAMBA,1105,Educación General Básica y Bachillerato,Fiscal,15
2023-2024 Inicio,07H01197,COLEGIO DE BACHILLERATO MIGUEL SANCHEZ ASTUDILLO,EL ORO,7,ZARUMA,713,Bachillerato y Ofertas Intensivas,Fiscal,32
2023-2024 Inicio,07H01046,COLEGIO DE BACHILLERATO MODESTO CHÁVEZ FRANCO,EL ORO,7,SANTA ROSA,712,Educación General Básica y Bachillerato,Fiscal,121
2023-2024 Inicio,07H00982,COLEGIO DE BACHILLERATO MOROMORO,EL ORO,7,PIÑAS,710,Educación General Básica y Bachillerato,Fiscal,5
2023-2024 Inicio,07H00697,COLEGIO DE BACHILLERATO MUNICIPAL MONSEÑOR LEONIDAS PROAÑO VILLALBA,EL ORO,7,HUAQUILLAS,707,Educación General Básica y Bachillerato,Municipal,120
2023-2024 Inicio,08H01342,COLEGIO DE BACHILLERATO NELSON ESTUPIÑAN BASS,ESMERALDAS,8,ATACAMES,806,Bachillerato,Fiscal,104
2023-2024 Inicio,07H00276,COLEGIO DE BACHILLERATO NUEVE DE OCTUBRE,EL ORO,7,MACHALA,701,"Educación General Básica, Bachillerato y Ofertas Intensivas",Fiscal,450
2023-2024 Inicio,05H00562,COLEGIO DE BACHILLERATO ONCE DE NOVIEMBRE,COTOPAXI,5,PUJILI,504,Educación General Básica y Bachillerato,Fiscal,32
2023-2024 Inicio,07H00970,COLEGIO DE BACHILLERATO PAQUISHA,EL ORO,7,PIÑAS,710,Educación General Básica y Bachillerato,Fiscal,18
2023-2024 Inicio,11H01963,COLEGIO DE BACHILLERATO PARTICULAR  ANTONIO PEÑA CELI,LOJA,11,LOJA,1101,Educación General Básica y Bachillerato,Particular,122
2023-2024 Inicio,07H00274,COLEGIO DE BACHILLERATO PARTICULAR 9 DE MAYO,EL ORO,7,MACHALA,701,Educación General Básica y Bachillerato,Particular,58
2023-2024 Inicio,01H00146,COLEGIO DE BACHILLERATO PARTICULAR CARLOS CRESPI,AZUAY,1,CUENCA,101,Bachillerato,Particular,3
2023-2024 Inicio,11H00203,COLEGIO DE BACHILLERATO PARTICULAR DR JOSE MARIA VIVAR CASTRO,LOJA,11,LOJA,1101,Educación General Básica y Bachillerato,Particular,23
2023-2024 Inicio,07H00317,COLEGIO DE BACHILLERATO PARTICULAR LATINOAMERICANO,EL ORO,7,MACHALA,701,Educación General Básica y Bachillerato,Particular,17
2023-2024 Inicio,11H00239,COLEGIO DE BACHILLERATO PARTICULAR MIGUEL ANGEL SUAREZ,LOJA,11,LOJA,1101,Educación General Básica y Bachillerato,Particular,28
2023-2024 Inicio,07H00829,COLEGIO DE BACHILLERATO PARTICULAR PANAMERICANO,EL ORO,7,PASAJE,709,Educación General Básica y Bachillerato,Particular,11
2023-2024 Inicio,07H00793,COLEGIO DE BACHILLERATO PARTICULAR PROFESOR ÁNGEL BALDOMERO NAGUA,EL ORO,7,PASAJE,709,Educación General Básica y Bachillerato,Particular,12
2023-2024 Inicio,07H00831,COLEGIO DE BACHILLERATO PASAJE,EL ORO,7,PASAJE,709,Educación General Básica y Bachillerato,Fiscal,64
2023-2024 Inicio,08H00361,COLEGIO DE BACHILLERATO PCEI ENRIQUE SUAREZ PIMENTEL,ESMERALDAS,8,ESMERALDAS,801,Educación General Básica y Bachillerato,Fiscal,69
2023-2024 Inicio,08H00158,COLEGIO DE BACHILLERATO PCEI ESMERALDAS,ESMERALDAS,8,ESMERALDAS,801,Educación General Básica y Bachillerato,Fiscal,134
2023-2024 Inicio,11H01636,COLEGIO DE BACHILLERATO PINDAL,LOJA,11,PINDAL,1114,"Educación General Básica, Bachillerato y Ofertas Intensivas",Fiscal,150
2023-2024 Inicio,01H01564,COLEGIO DE BACHILLERATO PONCE ENRIQUEZ,AZUAY,1,CAMILO PONCE ENRIQUEZ,115,"Educación Inicial, Educación General Básica, Bachillerato y Ofertas Intensivas",Fiscal,304
2023-2024 Inicio,11H00754,COLEGIO DE BACHILLERATO PROCER JOSE PICOITA,LOJA,11,CELICA,1104,Educación General Básica y Bachillerato,Fiscal,27
2023-2024 Inicio,07H01173,COLEGIO DE BACHILLERATO PROF NELLY AGUIRRE CÁRDENAS,EL ORO,7,SANTA ROSA,712,Educación General Básica y Bachillerato,Fiscal,43
2023-2024 Inicio,11H00359,COLEGIO DE BACHILLERATO RAFAEL RODRIGUEZ PALACIOS,LOJA,11,LOJA,1101,Educación General Básica y Bachillerato,Fiscal,23
2023-2024 Inicio,07H00695,COLEGIO DE BACHILLERATO REMIGIO GEO GOMEZ GUERRERO,EL ORO,7,HUAQUILLAS,707,Educación General Básica y Bachillerato,Fiscal,162
2023-2024 Inicio,07H00215,COLEGIO DE BACHILLERATO REPÚBLICA DEL PERÚ,EL ORO,7,MACHALA,701,Educación General Básica y Bachillerato,Fiscal,172
2023-2024 Inicio,01H00762,COLEGIO DE BACHILLERATO RICAURTE,AZUAY,1,CUENCA,101,Bachillerato,Fiscal,209
2023-2024 Inicio,07H00440,COLEGIO DE BACHILLERATO RUMIÑAHUI,EL ORO,7,ARENILLAS,702,Educación General Básica y Bachillerato,Fiscal,21
2023-2024 Inicio,09H05139,COLEGIO DE BACHILLERATO SAN CARLOS,GUAYAS,9,CORONEL MARCELINO MARIDUEÑA,923,Bachillerato,Particular,82
2023-2024 Inicio,21H00123,COLEGIO DE BACHILLERATO SAN GABRIEL,SUCUMBIOS,21,LAGO AGRIO,2101,Bachillerato,Fiscal,14
2023-2024 Inicio,07H01129,COLEGIO DE BACHILLERATO SAN JOSE,EL ORO,7,SANTA ROSA,712,Educación General Básica y Bachillerato,Fiscal,8
2023-2024 Inicio,07H01032,COLEGIO DE BACHILLERATO SANTA ROSA,EL ORO,7,SANTA ROSA,712,Educación General Básica y Bachillerato,Fiscal,58
2023-2024 Inicio,07H00727,COLEGIO DE BACHILLERATO SARA SERRANO DE MARIDUEÑA,EL ORO,7,HUAQUILLAS,707,Educación General Básica y Bachillerato,Fiscal,127
2023-2024 Inicio,21H00135,COLEGIO DE BACHILLERATO SEGUNDO ORELLANA,SUCUMBIOS,21,LAGO AGRIO,2101,Bachillerato,Fiscal,55
2023-2024 Inicio,07H00645,COLEGIO DE BACHILLERATO SERVIO SERRANO CORREA,EL ORO,7,EL GUABO,706,Educación General Básica y Bachillerato,Fiscal,39
2023-2024 Inicio,08H00795,COLEGIO DE BACHILLERATO SIMÓN PLATA TORRES,ESMERALDAS,8,QUININDE,804,Bachillerato,Fiscal,215
2023-2024 Inicio,19H00490,COLEGIO DE BACHILLERATO SOBERANÍA NACIONAL,ZAMORA CHINCHIPE,19,PAQUISHA,1909,"Educación General Básica, Bachillerato y Ofertas Intensivas",Fiscal,54
2023-2024 Inicio,07H01184,COLEGIO DE BACHILLERATO SULTANA DE EL ORO,EL ORO,7,ZARUMA,713,Educación General Básica y Bachillerato,Fiscal,37
2023-2024 Inicio,08H00328,COLEGIO DE BACHILLERATO TACHINA,ESMERALDAS,8,ESMERALDAS,801,Bachillerato,Fiscal,18
2023-2024 Inicio,09H00162,COLEGIO DE BACHILLERATO TECNICO INDUSTRIAL FEBRES CORDERO,GUAYAS,9,GUAYAQUIL,901,Bachillerato,Fiscal,272
2023-2024 Inicio,22H00038,COLEGIO DE BACHILLERATO TÉCNICO NARCISA DE JESUS,ORELLANA,22,ORELLANA,2201,Bachillerato,Fiscal,105
2023-2024 Inicio,18H00404,COLEGIO DE BACHILLERATO TECNICO PATATE,TUNGURAHUA,18,PATATE,1805,Bachillerato,Fiscal,3
2023-2024 Inicio,11H00759,COLEGIO DE BACHILLERATO TNTE MAXIMILIANO RODRIGUEZ,LOJA,11,CELICA,1104,Educación General Básica y Bachillerato,Fiscal,46
2023-2024 Inicio,11H00787,COLEGIO DE BACHILLERATO TRECE DE NOVIEMBRE,LOJA,11,CELICA,1104,Educación General Básica y Bachillerato,Fiscal,28
2023-2024 Inicio,19H00297,COLEGIO DE BACHILLERATO UNION NACIONAL DE EDUCADORES,ZAMORA CHINCHIPE,19,YANTZAZA (YANZATZA),1905,Educación General Básica y Bachillerato,Fiscal,25
2023-2024 Inicio,10H00071,COLEGIO DE BACHILLERATO UNIVERSITARIO UTN,IMBABURA,10,IBARRA,1001,Educación General Básica y Bachillerato,Particular,102
2023-2024 Inicio,19H00452,COLEGIO DE BACHILLERATO VALLE DEL CHINCHIPE,ZAMORA CHINCHIPE,19,PALANDA,1908,Educación General Básica y Bachillerato,Fiscal,42
2023-2024 Inicio,11H01458,COLEGIO DE BACHILLERATO VICENTE BASTIDAS REINOSO,LOJA,11,SARAGURO,1111,Educación General Básica y Bachillerato,Fiscal,35
2023-2024 Inicio,11H00444,COLEGIO DE BACHILLERATO VILCABAMBA,LOJA,11,LOJA,1101,Educación General Básica y Bachillerato,Fiscal,79
2023-2024 Inicio,11H01542,COLEGIO DE BACHILLERATO ZAPOTILLO,LOJA,11,ZAPOTILLO,1113,"Educación General Básica, Bachillerato y Ofertas Intensivas",Fiscal,45
2023-2024 Inicio,07H01068,COLEGIO DE BACHILLERATO ZOILA UGARTE DE LANDIVAR,EL ORO,7,SANTA ROSA,712,"Educación General Básica, Bachillerato y Ofertas Intensivas",Fiscal,207
2023-2024 Inicio,19H00158,COLEGIO DE BACHILLERATO ZUMBA,ZAMORA CHINCHIPE,19,CHINCHIPE,1902,Educación General Básica y Bachillerato,Fiscal,71
2023-2024 Inicio,19H00384,COLEGIO DE BACHILLERATO ZUMBI,ZAMORA CHINCHIPE,19,CENTINELA DEL CONDOR,1907,Educación General Básica y Bachillerato,Fiscal,76
2023-2024 Inicio,08H01095,COLEGIO DE BACHILLERTO  VICTOR MANUEL PEÑAHERRERA,ESMERALDAS,8,QUININDE,804,Bachillerato,Fiscal,38
2023-2024 Inicio,09H02202,COLEGIO FISCAL DE BACHILLERATO JUAN JOSE PLAZA,GUAYAS,9,GUAYAQUIL,901,Bachillerato,Fiscal,91
2023-2024 Inicio,17H00278,COLEGIO FISCOMISIONAL LEONARDO PONCE POZO INTEGRADO PARA NO VIDENTES,PICHINCHA,17,QUITO,1701,Educación General Básica y Bachillerato,Fiscomisional,33
2023-2024 Inicio,17H02016,COLEGIO PARTICULAR HARRIET BEECHER STOWE,PICHINCHA,17,QUITO,1701,"Educación Inicial, Educación General Básica y Bachillerato",Particular,50
2023-2024 Inicio,09H02055,COLEGIO PARTICULAR HISPANOAMERICANO,GUAYAS,9,GUAYAQUIL,901,Educación General Básica y Bachillerato,Particular,57
2023-2024 Inicio,17H00007,COLEGIO PARTICULAR INTIYAN,PICHINCHA,17,QUITO,1701,"Educación Inicial, Educación General Básica y Bachillerato",Particular,3
2023-2024 Inicio,09H02299,COLEGIO PARTICULAR ORIENTE ECUATORIANO,GUAYAS,9,GUAYAQUIL,901,Educación General Básica y Bachillerato,Particular,14
2023-2024 Inicio,08H00910,COLEGIO VALLE DEL SADE,ESMERALDAS,8,QUININDE,804,Bachillerato,Fiscal,105
2023-2024 Inicio,13H03976,CONDOR MIRADOR,MANABI,13,PEDERNALES,1317,"Educación Inicial, Educación General Básica, Bachillerato y Ofertas Intensivas",Fiscal,20
2023-2024 Inicio,17H01128,CONSEJO PROVINCIAL DE PICHINCHA,PICHINCHA,17,QUITO,1701,"Educación Inicial, Educación General Básica y Bachillerato",Fiscal,696
2023-2024 Inicio,23H00715,CONSERVATORIO CRISTOBAL OJEDA DAVILA,SANTO DOMINGO DE LOS TSACHILAS,23,SANTO DOMINGO,2301,Educación General Básica y Bachillerato,Particular,1
2023-2024 Inicio,22H00355,CORONEL  EMILIO SUAREZ,ORELLANA,22,LA JOYA DE LOS SACHAS,2203,"Educación Inicial, Educación General Básica y Bachillerato",Fiscal,30
2023-2024 Inicio,17H02380,COTOGCHOA,PICHINCHA,17,RUMIÑAHUI,1705,"Educación Inicial, Educación General Básica y Bachillerato",Fiscal,63
2023-2024 Inicio,17H00990,CRISTIANA KYRYOS,PICHINCHA,17,QUITO,1701,"Educación Inicial, Educación General Básica y Bachillerato",Particular,21
2023-2024 Inicio,17H00323,CRISTIANO VERBO,PICHINCHA,17,QUITO,1701,"Educación Inicial, Educación General Básica y Bachillerato",Particular,24
2023-2024 Inicio,13H00460,CRISTO REY,MANABI,13,PORTOVIEJO,1301,"Educación Inicial, Educación General Básica y Bachillerato",Particular,149
2023-2024 Inicio,13H04581,CRUZ DEL NORTE,MANABI,13,PORTOVIEJO,1301,Educación General Básica y Bachillerato,Particular,93
2023-2024 Inicio,13H04160,CULTURA MACHALILLA,MANABI,13,PUERTO LOPEZ,1319,"Educación Inicial, Educación General Básica y Bachillerato",Fiscal,81
2023-2024 Inicio,17H00597,DANIEL ENRIQUE PROAÑO,PICHINCHA,17,QUITO,1701,"Educación Inicial, Educación General Básica y Bachillerato",Fiscal,80
2023-2024 Inicio,17H03007,DARIO  FIGUEROA  LARCO,PICHINCHA,17,RUMIÑAHUI,1705,"Educación Inicial, Educación General Básica y Bachillerato",Particular,34
2023-2024 Inicio,17H00771,DARIO GUEVARA MAYORGA,PICHINCHA,17,QUITO,1701,Educación General Básica y Bachillerato,Fiscal,60
2023-2024 Inicio,17H02103,DESPERTAR,PICHINCHA,17,QUITO,1701,Educación General Básica y Bachillerato,Particular,6
2023-2024 Inicio,13H05427,DIANA ESTHER GUERRERO VARGAS,MANABI,13,SUCRE,1314,"Educación Inicial, Educación General Básica y Bachillerato",Fiscal,86
2023-2024 Inicio,22B00168,DICARO,ORELLANA,22,AGUARICO,2202,"Educación Inicial, Educación General Básica y Bachillerato",Fiscal,11
2023-2024 Inicio,17H00208,DIEGO ABAD DE CEPEDA,PICHINCHA,17,QUITO,1701,"Educación Inicial, Educación General Básica y Bachillerato",Fiscal,56
2023-2024 Inicio,17H00799,DIEZ  DE AGOSTO,PICHINCHA,17,QUITO,1701,"Educación Inicial, Educación General Básica y Bachillerato",Fiscal,94
2023-2024 Inicio,17H02079,DOCTOR ARTURO FREIRE,PICHINCHA,17,QUITO,1701,"Educación Inicial, Educación General Básica y Bachillerato",Fiscal,131
2023-2024 Inicio,17B00158,DOLORES CACUANGO,PICHINCHA,17,CAYAMBE,1702,"Educación Inicial, Educación General Básica y Bachillerato",Fiscal,42
2023-2024 Inicio,08H00522,DOMINGO MEDINA ZURITA,ESMERALDAS,8,ELOY ALFARO,802,"Educación Inicial, Educación General Básica y Bachillerato",Fiscal,31
2023-2024 Inicio,17H02194,DOMINGO SAVIO,PICHINCHA,17,CAYAMBE,1702,Educación General Básica y Bachillerato,Fiscomisional,145
2023-2024 Inicio,13H04180,DOS DE AGOSTO,MANABI,13,PUERTO LOPEZ,1319,Educación General Básica y Bachillerato,Fiscal,53
2023-2024 Inicio,17H02040,DOS HEMISFERIOS,PICHINCHA,17,QUITO,1701,"Educación Inicial, Educación General Básica y Bachillerato",Particular,28
2023-2024 Inicio,03H00086,DR ALBERTO GABRIEL SANCHEZ LUNA,CAÑAR,3,AZOGUES,301,Educación General Básica y Bachillerato,Fiscal,28
2023-2024 Inicio,09H03676,DR JUAN ANTONIO FLORES JIJÓN,GUAYAS,9,DURAN,907,Educación General Básica y Bachillerato,Particular,14
2023-2024 Inicio,13H03012,DR LUIS DUEÑAS VERA,MANABI,13,PICHINCHA,1311,"Educación Inicial, Educación General Básica y Bachillerato",Fiscal,14
2023-2024 Inicio,17H00976,DR MIGUEL ANGEL ZAMBRANO,PICHINCHA,17,QUITO,1701,Educación General Básica y Bachillerato,Fiscal,75
2023-2024 Inicio,17H02459,DR TELMO HIDALGO DIAZ,PICHINCHA,17,RUMIÑAHUI,1705,"Educación Inicial, Educación General Básica y Bachillerato",Fiscal,147
2023-2024 Inicio,13H03591,DR. ARNALDO CALDERON COELLO,MANABI,13,TOSAGUA,1315,Educación General Básica y Bachillerato,Particular,10
2023-2024 Inicio,17H02316,DR. JOSE RICARDO CHIRIBOGA VILLAGOMEZ,PICHINCHA,17,MEJIA,1703,"Educación Inicial, Educación General Básica y Bachillerato",Fiscal,44
2023-2024 Inicio,17H01083,DR. MANUEL BENJAMIN CARRION MORA,PICHINCHA,17,QUITO,1701,Educación General Básica y Bachillerato,Fiscal,190
2023-2024 Inicio,06H00419,DR. RICARDO DESCALZI,CHIMBORAZO,6,RIOBAMBA,601,"Educación Inicial, Educación General Básica y Bachillerato",Fiscal,11
2023-2024 Inicio,17H01373,ECONOMISTA ABDON CALDERON,PICHINCHA,17,QUITO,1701,"Educación Inicial, Educación General Básica y Bachillerato",Fiscal,152
2023-2024 Inicio,17H00583,ECUADOR PATRIA MIA,PICHINCHA,17,QUITO,1701,Educación General Básica y Bachillerato,Particular,9
2023-2024 Inicio,17H01449,EDUCAR 2000,PICHINCHA,17,RUMIÑAHUI,1705,"Educación Inicial, Educación General Básica y Bachillerato",Particular,24
2023-2024 Inicio,13H05374,EDWIN HERNAN MENDOZA BRAVO,MANABI,13,PORTOVIEJO,1301,"Educación Inicial, Educación General Básica y Bachillerato",Fiscal,37
2023-2024 Inicio,13H05382,EIDAN ABEL ERIQUE CERCADO,MANABI,13,SAN VICENTE,1322,"Educación Inicial, Educación General Básica y Bachillerato",Fiscal,52
2023-2024 Inicio,13H01992,EL ANEGADO,MANABI,13,JIPIJAPA,1306,Educación General Básica y Bachillerato,Fiscal,26
2023-2024 Inicio,17H02398,EL CAMINO,PICHINCHA,17,RUMIÑAHUI,1705,"Educación Inicial, Educación General Básica y Bachillerato",Particular,7
2023-2024 Inicio,15H00208,EL CHACO,NAPO,15,EL CHACO,1504,"Educación Inicial, Educación General Básica y Bachillerato",Fiscal,128
2023-2024 Inicio,22B00010,EL EDEN,ORELLANA,22,ORELLANA,2201,"Educación Inicial, Educación General Básica y Bachillerato",Fiscal,10
2023-2024 Inicio,09H03873,EL PARAISO,GUAYAS,9,EL EMPALME,908,Educación General Básica y Bachillerato,Fiscal,102
2023-2024 Inicio,13H01823,EL QUITEÑO LIBRE,MANABI,13,JIPIJAPA,1306,Educación General Básica y Bachillerato,Fiscal,22
2023-2024 Inicio,21H00362,EL REVENTADOR,SUCUMBIOS,21,GONZALO PIZARRO,2102,"Educación Inicial, Educación General Básica y Bachillerato",Fiscal,13
2023-2024 Inicio,17H02278,ELIA LIUT,PICHINCHA,17,MEJIA,1703,"Educación Inicial, Educación General Básica y Bachillerato",Particular,13
2023-2024 Inicio,13H04336,ELIAS CEDEÑO JERVES,MANABI,13,SAN VICENTE,1322,"Educación Inicial, Educación General Básica y Bachillerato",Fiscal,43
2023-2024 Inicio,13H03371,ELOY ALFARO,MANABI,13,SANTA ANA,1313,"Educación Inicial, Educación General Básica y Bachillerato",Fiscal,25
2023-2024 Inicio,13H03404,ELOY ALFARO,MANABI,13,SUCRE,1314,"Educación Inicial, Educación General Básica y Bachillerato",Fiscal,125
2023-2024 Inicio,13H03144,ELOY OCTAVIO UGALDE SANTANA,MANABI,13,ROCAFUERTE,1312,"Educación Inicial, Educación General Básica y Bachillerato",Fiscal,23
2023-2024 Inicio,13H02157,ELOY VELASQUEZ CEVALLOS,MANABI,13,JUNIN,1307,"Educación Inicial, Educación General Básica y Bachillerato",Fiscal,9
2023-2024 Inicio,17H02342,ENMA GRACIELA ROMERO,PICHINCHA,17,PEDRO MONCAYO,1704,"Educación Inicial, Educación General Básica y Bachillerato",Particular,21
2023-2024 Inicio,13H02066,ENRIQUE GUEVARA GALARZA,MANABI,13,JIPIJAPA,1306,"Educación Inicial, Educación General Básica y Bachillerato",Fiscal,10
2023-2024 Inicio,15H00285,ERNESTO OPHULS,NAPO,15,TENA,1501,"Educación Inicial, Educación General Básica y Bachillerato",Fiscomisional,21
2023-2024 Inicio,17H01766,ESCUELA BÁSICA PARTICULAR CRISTO REY,PICHINCHA,17,QUITO,1701,"Educación Inicial, Educación General Básica y Bachillerato",Particular,17
2023-2024 Inicio,09H00338,ESCUELA DE EDUCACION BASICA  MATILDE HIDALGO DE PROCEL,GUAYAS,9,GUAYAQUIL,901,"Educación Inicial, Educación General Básica y Bachillerato",Particular,34
2023-2024 Inicio,10H00404,ESCUELA DE EDUCACION BASICA CIUDAD DE OTAVALO,IMBABURA,10,OTAVALO,1004,"Educación Inicial, Educación General Básica y Bachillerato",Particular,6
2023-2024 Inicio,13H00100,ESCUELA DE EDUCACION BASICA DIECISIETE DE AGOSTO,MANABI,13,PORTOVIEJO,1301,Educación General Básica y Bachillerato,Fiscal,17
2023-2024 Inicio,02H00655,ESCUELA DE EDUCACION BASICA ESPECIALIZADA DIVINO NIÑO JESUS,BOLIVAR,2,CALUMA,206,Educación General Básica y Bachillerato,Fiscal,2
2023-2024 Inicio,07H01178,ESCUELA DE EDUCACION BASICA ESPECIALIZADA FISCOMISIONAL DON BOSCO,EL ORO,7,ZARUMA,713,"Educación Inicial, Educación General Básica y Bachillerato",Fiscomisional,7
2023-2024 Inicio,09H02815,ESCUELA DE EDUCACION BASICA FISCAL 24 DE SEPTIEMBRE,GUAYAS,9,GUAYAQUIL,901,"Educación Inicial, Educación General Básica y Bachillerato",Fiscal,8
2023-2024 Inicio,09H02258,ESCUELA DE EDUCACION BASICA FISCAL CLARA LEON DE POSLIGUA,GUAYAS,9,GUAYAQUIL,901,Educación General Básica y Bachillerato,Fiscal,39
2023-2024 Inicio,09H05761,ESCUELA DE EDUCACIÓN BÁSICA FISCAL GABRIEL GARCÍA MORENO,GUAYAS,9,GUAYAQUIL,901,"Educación Inicial, Educación General Básica y Bachillerato",Fiscal,11
2023-2024 Inicio,09H06050,ESCUELA DE EDUCACION BASICA FISCAL JOSE MARIA URBINA,GUAYAS,9,GUAYAQUIL,901,"Educación Inicial, Educación General Básica y Bachillerato",Fiscal,92
2023-2024 Inicio,13H00832,ESCUELA DE EDUCACION BASICA FISCAL ROSA HERLINDA ZAMBRANO  GANCHOZO,MANABI,13,BOLIVAR,1302,"Educación Inicial, Educación General Básica y Bachillerato",Fiscal,10
2023-2024 Inicio,13H00751,ESCUELA DE EDUCACION BASICA FISCAL TRES PALMITAS,MANABI,13,BOLIVAR,1302,Educación General Básica y Bachillerato,Fiscal,1
2023-2024 Inicio,14H00240,ESCUELA DE EDUCACION BASICA FISCOMISIONAL SAGRADO CORAZON DE JESUS,MORONA SANTIAGO,14,PALORA,1404,"Educación Inicial, Educación General Básica y Bachillerato",Fiscomisional,19
2023-2024 Inicio,09H02042,ESCUELA DE EDUCACION BASICA HNO ADOLFO ARMIJOS JARRIN,GUAYAS,9,DURAN,907,"Educación Inicial, Educación General Básica y Bachillerato",Particular,16
2023-2024 Inicio,10H00770,ESCUELA DE EDUCACIóN BáSICA LA JOYA,IMBABURA,10,OTAVALO,1004,"Educación Inicial, Educación General Básica y Bachillerato",Fiscal,5
2023-2024 Inicio,01H00681,ESCUELA DE EDUCACIÓN BÁSICA MANUEL SEBASTIÁN VANEGAS PACHECO,AZUAY,1,CUENCA,101,Educación General Básica y Bachillerato,Fiscal,4
2023-2024 Inicio,06H00898,ESCUELA DE EDUCACIÓN BÁSICA MONTEVIDEO,CHIMBORAZO,6,CHUNCHI,605,"Educación Inicial, Educación General Básica y Bachillerato",Fiscal,3
2023-2024 Inicio,01H00889,ESCUELA DE EDUCACIÓN BÁSICA OCTAVIO DÍAZ LEÓN,AZUAY,1,CUENCA,101,"Educación Inicial, Educación General Básica y Bachillerato",Fiscal,7
2023-2024 Inicio,10H00584,"ESCUELA DE EDUCACIÓN BÁSICA PARTICULAR ""LA COLINA""",IMBABURA,10,IBARRA,1001,Educación General Básica y Bachillerato,Particular,27
2023-2024 Inicio,09H05330,ESCUELA DE EDUCACION BASICA PARTICULAR 24 DE JULIO,GUAYAS,9,GUAYAQUIL,901,"Educación Inicial, Educación General Básica y Bachillerato",Particular,26
2023-2024 Inicio,13H01850,ESCUELA DE EDUCACION BASICA PARTICULAR ALEJANDRO HUMBOLDT,MANABI,13,JIPIJAPA,1306,"Educación Inicial, Educación General Básica y Bachillerato",Particular,13
2023-2024 Inicio,09H05615,ESCUELA DE EDUCACION BASICA PARTICULAR ALFREDO BAQUERIZO MORENO,GUAYAS,9,GUAYAQUIL,901,"Educación Inicial, Educación General Básica y Bachillerato",Particular,10
2023-2024 Inicio,09H00535,ESCUELA DE EDUCACIÓN BÁSICA PARTICULAR APOSTOL SANTIAGO,GUAYAS,9,GUAYAQUIL,901,Educación General Básica y Bachillerato,Particular,47
2023-2024 Inicio,10H00794,ESCUELA DE EDUCACIÓN BÁSICA PARTICULAR BRISTON,IMBABURA,10,IBARRA,1001,"Educación Inicial, Educación General Básica y Bachillerato",Particular,4
2023-2024 Inicio,09H06181,ESCUELA DE EDUCACION BASICA PARTICULAR COLEGIO MENOR SANTIAGO DE GUAYA,GUAYAS,9,SAMBORONDON,916,"Educación Inicial, Educación General Básica y Bachillerato",Particular,38
2023-2024 Inicio,09H02476,ESCUELA DE EDUCACION BASICA PARTICULAR FRANCIA,GUAYAS,9,GUAYAQUIL,901,"Educación Inicial, Educación General Básica y Bachillerato",Particular,14
2023-2024 Inicio,17H01713,ESCUELA DE EDUCACIÓN BÁSICA PARTICULAR IVES JACQUES COUSTEAU,PICHINCHA,17,QUITO,1701,"Educación Inicial, Educación General Básica y Bachillerato",Particular,17
2023-2024 Inicio,09H02410,ESCUELA DE EDUCACION BASICA PARTICULAR MONSEÑOR ROBERTO MARIA DEL POZO,GUAYAS,9,GUAYAQUIL,901,"Educación Inicial, Educación General Básica y Bachillerato",Particular,20
2023-2024 Inicio,09H00154,ESCUELA DE EDUCACION BASICA PARTICULAR NUESTRA SEÑORA DEL ROSARIO DE POMPEYA,GUAYAS,9,GUAYAQUIL,901,"Educación Inicial, Educación General Básica y Bachillerato",Particular,45
2023-2024 Inicio,01H01807,ESCUELA DE EDUCACIÓN BÁSICA PARTICULAR PASOS,AZUAY,1,CUENCA,101,"Educación Inicial, Educación General Básica y Bachillerato",Particular,47
2023-2024 Inicio,17H02119,ESCUELA DE EDUCACIÓN BASICA PARTICULAR PRIMAVERA,PICHINCHA,17,QUITO,1701,"Educación Inicial, Educación General Básica y Bachillerato",Particular,7
2023-2024 Inicio,01H01813,ESCUELA DE EDUCACIÓN BÁSICA PARTICULAR SAN AGUSTÍN,AZUAY,1,CUENCA,101,"Educación Inicial, Educación General Básica y Bachillerato",Particular,14
2023-2024 Inicio,09H02365,ESCUELA DE EDUCACION BASICA PARTICULAR SAN FRANCISCO DE QUITO,GUAYAS,9,GUAYAQUIL,901,"Educación Inicial, Educación General Básica y Bachillerato",Particular,32
2023-2024 Inicio,09H05980,ESCUELA DE EDUCACIÓN BÁSICA PARTICULAR SOLER LUX DEI,GUAYAS,9,SAMBORONDON,916,"Educación Inicial, Educación General Básica y Bachillerato",Particular,37
2023-2024 Inicio,09H05405,ESCUELA DE EDUCACION BASICA PILAR ROSS ROSSI,GUAYAS,9,GUAYAQUIL,901,"Educación Inicial, Educación General Básica y Bachillerato",Particular,26
2023-2024 Inicio,09H00205,ESCUELA DE EDUCACION BASICA SAN JOAQUIN Y SANTA ANA,GUAYAS,9,GUAYAQUIL,901,"Educación Inicial, Educación General Básica y Bachillerato",Particular,37
2023-2024 Inicio,09H02693,ESCUELA DE EDUCACIÓN BÁSICA SUPERIOR FISCAL CERECITA,GUAYAS,9,GUAYAQUIL,901,Educación General Básica y Bachillerato,Fiscal,38
2023-2024 Inicio,12H01381,ESCUELA DE EDUCACION ESPECIAL 3 DE DICIEMBRE,LOS RIOS,12,VINCES,1208,"Educación Inicial, Educación General Básica y Bachillerato",Fiscal,10
2023-2024 Inicio,21H00823,ESCUELA DE EDUCACIÓN ESPECIAL BÁSICA LENIN MORENO GARCES,SUCUMBIOS,21,SHUSHUFINDI,2104,"Educación Inicial, Educación General Básica y Bachillerato",Fiscal,2
2023-2024 Inicio,12H01477,ESCUELA DE EDUCACION ESPECIAL CIUDAD DE PALENQUE,LOS RIOS,12,PALENQUE,1209,Educación General Básica y Bachillerato,Fiscal,10
2023-2024 Inicio,08H00421,ESCUELA EGB 13 DE MAYO,ESMERALDAS,8,ELOY ALFARO,802,"Educación Inicial, Educación General Básica y Bachillerato",Fiscal,7
2023-2024 Inicio,17H01612,ESPAÑA,PICHINCHA,17,QUITO,1701,"Educación Inicial, Educación General Básica y Bachillerato",Fiscal,29
2023-2024 Inicio,15H00368,ESPECIAL ARCHIDONA,NAPO,15,ARCHIDONA,1503,Educación General Básica y Bachillerato,Fiscal,12
2023-2024 Inicio,13H00144,ESPIRITU SANTO,MANABI,13,PORTOVIEJO,1301,"Educación Inicial, Educación General Básica y Bachillerato",Particular,35
2023-2024 Inicio,13H03464,FANNY DE BAIRD,MANABI,13,SUCRE,1314,Educación General Básica y Bachillerato,Fiscal,123
2023-2024 Inicio,16H00007,FEDERACION DEPORTIVA DE PASTAZA,PASTAZA,16,PASTAZA,1601,"Educación Inicial, Educación General Básica y Bachillerato",Particular,7
2023-2024 Inicio,17H00449,FEDERICO GARCIA LORCA,PICHINCHA,17,QUITO,1701,Educación General Básica y Bachillerato,Fiscal,94
2023-2024 Inicio,13H03179,FEDERICO GONZALEZ  SUAREZ,MANABI,13,ROCAFUERTE,1312,"Educación Inicial, Educación General Básica y Bachillerato",Fiscal,64
2023-2024 Inicio,17H01555,FERENC BOTAR KENDUR,PICHINCHA,17,QUITO,1701,Educación General Básica y Bachillerato,Particular,5
2023-2024 Inicio,17H01548,FILADELFIA,PICHINCHA,17,QUITO,1701,"Educación Inicial, Educación General Básica y Bachillerato",Particular,9
2023-2024 Inicio,08H01432,FISCOMISIONAL ROCAFUERTE,ESMERALDAS,8,RIOVERDE,807,"Educación Inicial, Educación General Básica y Bachillerato",Fiscomisional,79
2023-2024 Inicio,17H01193,FORESTAL,PICHINCHA,17,QUITO,1701,"Educación Inicial, Educación General Básica y Bachillerato",Fiscal,32
2023-2024 Inicio,17H02434,FRANCISCANA LA INMACULADA,PICHINCHA,17,RUMIÑAHUI,1705,"Educación Inicial, Educación General Básica y Bachillerato",Particular,47
2023-2024 Inicio,17H02159,FRANCISCO ANDRADE MARIN,PICHINCHA,17,CAYAMBE,1702,"Educación Inicial, Educación General Básica y Bachillerato",Fiscal,20
2023-2024 Inicio,13H00299,FRANKLIN DELANO ROOSEVELT,MANABI,13,PORTOVIEJO,1301,"Educación Inicial, Educación General Básica y Bachillerato",Fiscal,134
2023-2024 Inicio,17H00968,FRAU KLIER,PICHINCHA,17,QUITO,1701,"Educación Inicial, Educación General Básica y Bachillerato",Particular,38
2023-2024 Inicio,17H01403,FRAY JODOCO RICKE,PICHINCHA,17,QUITO,1701,"Educación Inicial, Educación General Básica y Bachillerato",Fiscal,39
2023-2024 Inicio,01H00604,GABRIEL ARSENIO ULLAURI,AZUAY,1,CUENCA,101,"Educación General Básica, Bachillerato y Ofertas Intensivas",Fiscal,35
2023-2024 Inicio,10H00311,GABRIEL GARCIA MORENO,IMBABURA,10,COTACACHI,1003,"Educación Inicial, Educación General Básica y Bachillerato",Fiscal,23
2023-2024 Inicio,13H05383,GABRIELA MERO QUIJIJE,MANABI,13,TOSAGUA,1315,"Educación Inicial, Educación General Básica y Bachillerato",Fiscal,27
2023-2024 Inicio,17H02427,GALILEO GALILEI,PICHINCHA,17,RUMIÑAHUI,1705,"Educación Inicial, Educación General Básica y Bachillerato",Particular,9
2023-2024 Inicio,13H02027,GALO PLAZA LASSO,MANABI,13,JIPIJAPA,1306,"Educación Inicial, Educación General Básica y Bachillerato",Fiscal,9
2023-2024 Inicio,22H00339,GALO PLAZA LASSO,ORELLANA,22,LA JOYA DE LOS SACHAS,2203,"Educación Inicial, Educación General Básica y Bachillerato",Fiscal,5
2023-2024 Inicio,17B00151,GENERAL ANTONIO ELIZALDE,PICHINCHA,17,CAYAMBE,1702,"Educación Inicial, Educación General Básica y Bachillerato",Fiscal,12
2023-2024 Inicio,13H03170,GENERAL ELOY ALFARO,MANABI,13,ROCAFUERTE,1312,"Educación Inicial, Educación General Básica y Bachillerato",Particular,37
2023-2024 Inicio,13H00891,GENERAL PINTAG,MANABI,13,BOLIVAR,1302,"Educación Inicial, Educación General Básica y Bachillerato",Fiscal,13
2023-2024 Inicio,17H02473,GEORGE MASON,PICHINCHA,17,RUMIÑAHUI,1705,"Educación Inicial, Educación General Básica y Bachillerato",Particular,16
2023-2024 Inicio,13H05433,GEORGI MARQUEZ SáNCHEZ,MANABI,13,PICHINCHA,1311,"Educación Inicial, Educación General Básica y Bachillerato",Fiscal,8
2023-2024 Inicio,09H03818,GIL RUPERTO MENENDEZ,GUAYAS,9,BALZAR,904,"Educación Inicial, Educación General Básica y Bachillerato",Fiscal,18
2023-2024 Inicio,17H02476,GIOVANNI ANTONIO FARINA,PICHINCHA,17,RUMIÑAHUI,1705,"Educación Inicial, Educación General Básica y Bachillerato",Particular,138
2023-2024 Inicio,13H03511,GONZALO S. CORDOVA,MANABI,13,SUCRE,1314,"Educación Inicial, Educación General Básica y Bachillerato",Fiscal,61
2023-2024 Inicio,17H01461,GONZALO ZALDUMBIDE,PICHINCHA,17,QUITO,1701,Educación General Básica y Bachillerato,Fiscal,360
2023-2024 Inicio,17H01805,GUAYLLABAMBA,PICHINCHA,17,QUITO,1701,Educación General Básica y Bachillerato,Fiscal,220
2023-2024 Inicio,17B00153,GUSTAVO ADOLFO BECQUER,PICHINCHA,17,CAYAMBE,1702,"Educación Inicial, Educación General Básica y Bachillerato",Fiscal,19
2023-2024 Inicio,08H01073,GUSTAVO BECERRA ORTIZ,SANTO DOMINGO DE LOS TSACHILAS,23,LA CONCORDIA,2302,Educación General Básica y Bachillerato,Fiscal,63
2023-2024 Inicio,17H02466,HENRY DUNANT,PICHINCHA,17,RUMIÑAHUI,1705,"Educación Inicial, Educación General Básica y Bachillerato",Particular,27
2023-2024 Inicio,08B00039,HERCILIO PIANCHICHE OREJUELA,ESMERALDAS,8,ELOY ALFARO,802,"Educación Inicial, Educación General Básica y Bachillerato",Fiscal,21
2023-2024 Inicio,13H03325,HONORATO VASQUEZ,MANABI,13,SANTA ANA,1313,Educación General Básica y Bachillerato,Fiscal,43
2023-2024 Inicio,17H00287,IE PARTICULAR ESTADOS UNIDOS DE NORTEAMERICA,PICHINCHA,17,QUITO,1701,"Educación Inicial, Educación General Básica y Bachillerato",Particular,7
2023-2024 Inicio,13H03925,ILINIZA NORTE,MANABI,13,PEDERNALES,1317,"Educación Inicial, Educación General Básica y Bachillerato",Particular,15
2023-2024 Inicio,22B00114,IMBABURA,ORELLANA,22,LA JOYA DE LOS SACHAS,2203,"Educación Inicial, Educación General Básica y Bachillerato",Fiscal,6
2023-2024 Inicio,17H01631,ING JUAN SUAREZ CHACON,PICHINCHA,17,QUITO,1701,Educación General Básica y Bachillerato,Fiscal,76
2023-2024 Inicio,17H00084,INSTITUCIÓN EDUCATIVA ARCO IRIS OCCIDENTAL,PICHINCHA,17,QUITO,1701,"Educación Inicial, Educación General Básica y Bachillerato",Particular,8
2023-2024 Inicio,17H01070,INSTITUCION EDUCATIVA DEMETRIO SAN PEDRO,PICHINCHA,17,QUITO,1701,Educación General Básica y Bachillerato,Particular,4
2023-2024 Inicio,17H02187,INSTITUCION EDUCATIVA ESPECIALIZADA CAPITAN GEOVANNI CALLES LASCANO,PICHINCHA,17,CAYAMBE,1702,"Educación Inicial, Educación General Básica y Bachillerato",Fiscal,19
2023-2024 Inicio,17H00175,INSTITUCIÓN EDUCATIVA FISCAL  ANDRES BELLO,PICHINCHA,17,QUITO,1701,Educación General Básica y Bachillerato,Fiscal,278
2023-2024 Inicio,17H01188,"INSTITUCIÓN EDUCATIVA FISCAL ""QUITO""",PICHINCHA,17,QUITO,1701,Educación General Básica y Bachillerato,Fiscal,352
2023-2024 Inicio,17H01740,INSTITUCIÓN EDUCATIVA FISCAL CUMBAYÁ,PICHINCHA,17,QUITO,1701,Educación General Básica y Bachillerato,Fiscal,234
2023-2024 Inicio,17H00483,INSTITUCIÓN EDUCATIVA FISCAL DR EMILIO UZCÁTEGUI,PICHINCHA,17,QUITO,1701,Educación General Básica y Bachillerato,Fiscal,296
2023-2024 Inicio,17H00014,INSTITUCION EDUCATIVA FISCAL LUIS NAPOLEON DILLON,PICHINCHA,17,QUITO,1701,Educación General Básica y Bachillerato,Fiscal,311
2023-2024 Inicio,17H01862,INSTITUCION EDUCATIVA FISCAL ONCE DE FEBRERO,PICHINCHA,17,QUITO,1701,Educación General Básica y Bachillerato,Fiscal,34
2023-2024 Inicio,17H00327,INSTITUCION EDUCATIVA HERMANO MIGUEL FEBRES CORDERO,PICHINCHA,17,QUITO,1701,Bachillerato y Ofertas Intensivas,Fiscal,6
2023-2024 Inicio,17H02139,INSTITUCIÓN EDUCATIVA HERNAN MALO GONZÁLEZ,PICHINCHA,17,QUITO,1701,"Educación Inicial, Educación General Básica y Bachillerato",Particular,20
2023-2024 Inicio,17H01985,INSTITUCIÓN EDUCATIVA MONTPELLIER INTERNACIONAL,PICHINCHA,17,QUITO,1701,Educación General Básica y Bachillerato,Particular,14
2023-2024 Inicio,17H02777,INSTITUCION EDUCATIVA PARTICULAR ETIEVAN,PICHINCHA,17,QUITO,1701,"Educación Inicial, Educación General Básica y Bachillerato",Particular,3
2023-2024 Inicio,17H04309,INSTITUCIÓN EDUCATIVA PARTICULAR JAIME ROLDÓS AGUILERA,PICHINCHA,17,QUITO,1701,Educación General Básica y Bachillerato,Particular,6
2023-2024 Inicio,17H03274,INSTITUCIÓN EDUCATIVA PARTICULAR LATINOAMERICANO,PICHINCHA,17,QUITO,1701,Educación General Básica y Bachillerato,Particular,70
2023-2024 Inicio,17H02849,INSTITUCIÓN EDUCATIVA PATRICK,PICHINCHA,17,QUITO,1701,Educación General Básica y Bachillerato,Particular,4
2023-2024 Inicio,17B00040,INSTITUCIÓN EDUCATIVA TRANSITO AMAGUAÑA,PICHINCHA,17,QUITO,1701,"Educación Inicial, Educación General Básica y Bachillerato",Particular,6
2023-2024 Inicio,17H00864,INSTITUTO NACIONAL MEJIA,PICHINCHA,17,QUITO,1701,Educación General Básica y Bachillerato,Fiscal,691
2023-2024 Inicio,13H03401,INTERAMERICANO,MANABI,13,SUCRE,1314,"Educación Inicial, Educación General Básica y Bachillerato",Particular,15
2023-2024 Inicio,04H00035,ISAAC ACOSTA CALDERON,CARCHI,4,TULCAN,401,"Educación Inicial, Educación General Básica y Bachillerato",Fiscal,25
2023-2024 Inicio,10H00336,ISLA SANTA ISABEL,IMBABURA,10,COTACACHI,1003,"Educación Inicial, Educación General Básica, Bachillerato y Ofertas Intensivas",Fiscal,28
2023-2024 Inicio,17B00157,ISLA SANTA MARIA,PICHINCHA,17,CAYAMBE,1702,"Educación Inicial, Educación General Básica y Bachillerato",Fiscal,11
2023-2024 Inicio,17H02333,ISMAEL PROAÑO ANDRADE,PICHINCHA,17,MEJIA,1703,"Educación Inicial, Educación General Básica y Bachillerato",Fiscal,232
2023-2024 Inicio,17H01830,JACINTO COLLAHUAZO,PICHINCHA,17,QUITO,1701,"Educación Inicial, Educación General Básica y Bachillerato",Fiscal,29
2023-2024 Inicio,13H03614,JACINTO SANTOS VERDUGA,MANABI,13,TOSAGUA,1315,"Educación Inicial, Educación General Básica y Bachillerato",Fiscal,20
2023-2024 Inicio,17H02467,JAHIBE,PICHINCHA,17,RUMIÑAHUI,1705,"Educación Inicial, Educación General Básica y Bachillerato",Particular,26
2023-2024 Inicio,13H05423,JAIME VERA HERRERA,MANABI,13,PAJAN,1310,"Educación Inicial, Educación General Básica y Bachillerato",Fiscal,11
2023-2024 Inicio,03H00132,JAVIER LOYOLA,CAÑAR,3,AZOGUES,301,Educación General Básica y Bachillerato,Fiscal,37
2023-2024 Inicio,13H05375,JEAN CARLOS GUTIERREZ RIVAS,MANABI,13,PORTOVIEJO,1301,"Educación Inicial, Educación General Básica y Bachillerato",Fiscal,26
2023-2024 Inicio,13H05431,JEAN PIERRE VÉLEZ SALTOS,MANABI,13,PICHINCHA,1311,"Educación Inicial, Educación General Básica y Bachillerato",Fiscal,11
2023-2024 Inicio,13H00036,JESUS MARIA,MANABI,13,PORTOVIEJO,1301,"Educación Inicial, Educación General Básica y Bachillerato",Particular,13
2023-2024 Inicio,18H00561,JORGE ALVAREZ,TUNGURAHUA,18,SANTIAGO DE PILLARO,1808,"Educación Inicial, Educación General Básica y Bachillerato",Fiscal,266
2023-2024 Inicio,17H00386,JORGE ICAZA,PICHINCHA,17,QUITO,1701,Educación General Básica y Bachillerato,Fiscal,98
2023-2024 Inicio,17H01377,JORGE MANTILLA ORTEGA,PICHINCHA,17,QUITO,1701,"Educación Inicial, Educación General Básica y Bachillerato",Fiscal,144
2023-2024 Inicio,13H03109,JOSE ALEJANDRO BERMUDEZ FARIAS,MANABI,13,ROCAFUERTE,1312,"Educación Inicial, Educación General Básica y Bachillerato",Fiscal,11
2023-2024 Inicio,13H05149,JOSE ANGEL,MANABI,13,PICHINCHA,1311,Educación General Básica y Bachillerato,Fiscal,14
2023-2024 Inicio,13H03180,JOSE AQUILES VALENCIA DELGADO,MANABI,13,ROCAFUERTE,1312,"Educación Inicial, Educación General Básica y Bachillerato",Fiscal,104
2023-2024 Inicio,17H00624,JOSE DE LA CUADRA,PICHINCHA,17,QUITO,1701,Educación General Básica y Bachillerato,Fiscal,99
2023-2024 Inicio,17H00066,JOSE ENRIQUE GUERRERO,PICHINCHA,17,QUITO,1701,"Educación Inicial, Educación General Básica y Bachillerato",Particular,12
2023-2024 Inicio,17H02225,JOSE JOAQUIN OLMEDO,PICHINCHA,17,CAYAMBE,1702,"Educación Inicial, Educación General Básica y Bachillerato",Fiscal,46
2023-2024 Inicio,13H03181,JOSE LEONIDAS DELGADO,MANABI,13,ROCAFUERTE,1312,"Educación Inicial, Educación General Básica y Bachillerato",Fiscal,15
2023-2024 Inicio,22B00135,JOSE MARIA TANDALIA,ORELLANA,22,LORETO,2204,"Educación Inicial, Educación General Básica y Bachillerato",Fiscal,8
2023-2024 Inicio,17H01714,JOSE MARIA VARGAS,PICHINCHA,17,QUITO,1701,"Educación Inicial, Educación General Básica y Bachillerato",Fiscal,41
2023-2024 Inicio,17H01794,JOSE MARIA VELASCO IBARRA,PICHINCHA,17,QUITO,1701,"Educación Inicial, Educación General Básica y Bachillerato",Fiscal,23
2023-2024 Inicio,17H02005,JOSE MEJIA DEL VALLE,PICHINCHA,17,QUITO,1701,"Educación Inicial, Educación General Básica y Bachillerato",Fiscal,18
2023-2024 Inicio,17H02252,JOSE MEJIA LEQUERICA,PICHINCHA,17,MEJIA,1703,"Educación Inicial, Educación General Básica y Bachillerato",Fiscal,110
2023-2024 Inicio,08H00567,JOSE RICARDO MARTINEZ COBO,ESMERALDAS,8,ELOY ALFARO,802,"Educación Inicial, Educación General Básica y Bachillerato",Fiscal,17
2023-2024 Inicio,13H03953,JOSE SALVADOR CASIMIRO MACIAS PAZMIÑO,MANABI,13,PEDERNALES,1317,"Educación Inicial, Educación General Básica y Bachillerato",Fiscal,12
2023-2024 Inicio,13H03631,JOSE VICENTE LUQUE,MANABI,13,TOSAGUA,1315,"Educación Inicial, Educación General Básica y Bachillerato",Fiscal,57
2023-2024 Inicio,13H01838,JOSE VILIULFO CEDEÑO SANCHEZ,MANABI,13,JIPIJAPA,1306,"Educación Inicial, Educación General Básica y Bachillerato",Fiscal,25
2023-2024 Inicio,04B00014,JUAN BAUTISTA AGUIRRE,CARCHI,4,TULCAN,401,"Educación Inicial, Educación General Básica y Bachillerato",Fiscal,4
2023-2024 Inicio,15B00086,JUAN BAUTISTA CHIMBO LOPEZ,NAPO,15,TENA,1501,"Educación Inicial, Educación General Básica y Bachillerato",Fiscomisional,4
2023-2024 Inicio,17H02439,JUAN DE SALINAS,PICHINCHA,17,RUMIÑAHUI,1705,"Educación Inicial, Educación General Básica y Bachillerato",Fiscal,333
2023-2024 Inicio,17H02399,JUAN MONTALVO,PICHINCHA,17,RUMIÑAHUI,1705,"Educación Inicial, Educación General Básica y Bachillerato",Fiscal,105
2023-2024 Inicio,22H00393,JUAN PABLO II,ORELLANA,22,LORETO,2204,"Educación Inicial, Educación General Básica y Bachillerato",Fiscomisional,152
2023-2024 Inicio,17H00077,JUAN PABLO II DEL CONDADO,PICHINCHA,17,QUITO,1701,"Educación Inicial, Educación General Básica y Bachillerato",Particular,19
2023-2024 Inicio,13H05424,JULEIDY DEYANEIRA PINCAY MONTESDEOCA,MANABI,13,PORTOVIEJO,1301,"Educación Inicial, Educación General Básica y Bachillerato",Fiscal,33
2023-2024 Inicio,13H00466,JULIA NAVARRETE MENDOZA,MANABI,13,PORTOVIEJO,1301,"Educación Inicial, Educación General Básica y Bachillerato",Particular,14
2023-2024 Inicio,17H00445,JULIO TOBAR DONOSO,PICHINCHA,17,QUITO,1701,Educación General Básica y Bachillerato,Fiscal,116
2023-2024 Inicio,10H00508,LA DOLOROSA,IMBABURA,10,PIMAMPIRO,1005,"Educación Inicial, Educación General Básica y Bachillerato",Particular,19
2023-2024 Inicio,22H00226,LA ESPERANZA,ORELLANA,22,ORELLANA,2201,"Educación Inicial, Educación General Básica y Bachillerato",Fiscal,28
2023-2024 Inicio,08H01091,LA INDEPENDENCIA,ESMERALDAS,8,QUININDE,804,"Educación Inicial, Educación General Básica y Bachillerato",Fiscal,22
2023-2024 Inicio,13H03426,LA INMACULADA,MANABI,13,SUCRE,1314,"Educación Inicial, Educación General Básica y Bachillerato",Particular,46
2023-2024 Inicio,10H00104,LA SALLE,IMBABURA,10,IBARRA,1001,"Educación Inicial, Educación General Básica y Bachillerato",Particular,63
2023-2024 Inicio,15H00261,LA SALLE,NAPO,15,TENA,1501,"Educación Inicial, Educación General Básica y Bachillerato",Fiscomisional,10
2023-2024 Inicio,13H03960,LA SIBERIA,MANABI,13,PEDERNALES,1317,"Educación Inicial, Educación General Básica y Bachillerato",Fiscal,29
2023-2024 Inicio,13H05422,LA UNIÓN,MANABI,13,JIPIJAPA,1306,"Educación Inicial, Educación General Básica y Bachillerato",Fiscal,7
2023-2024 Inicio,22H00325,LAGO SAN PEDRO,ORELLANA,22,LA JOYA DE LOS SACHAS,2203,"Educación Inicial, Educación General Básica y Bachillerato",Fiscal,12
2023-2024 Inicio,10H00337,LAS GOLONDRINAS,IMBABURA,10,COTACACHI,1003,Bachillerato y Ofertas Intensivas,Fiscal,12
2023-2024 Inicio,10H00284,LAS LOMAS,IMBABURA,10,COTACACHI,1003,"Educación Inicial, Educación General Básica y Bachillerato",Particular,35
2023-2024 Inicio,13H00319,LATINOAMERICANO,MANABI,13,PORTOVIEJO,1301,Educación General Básica y Bachillerato,Particular,29
2023-2024 Inicio,22H00110,LCDA. CARMITA TENEDA JIMENEZ,ORELLANA,22,ORELLANA,2201,"Educación Inicial, Educación General Básica y Bachillerato",Fiscal,25
2023-2024 Inicio,17H02015,LEONARDO MALDONADO PEREZ,PICHINCHA,17,QUITO,1701,Educación General Básica y Bachillerato,Fiscal,140
2023-2024 Inicio,15H00288,LEONIDAS PLAZA GUTIERREZ,NAPO,15,TENA,1501,"Educación Inicial, Educación General Básica y Bachillerato",Fiscal,10
2023-2024 Inicio,17H00177,LEONIDAS PLAZA GUTIERREZ,PICHINCHA,17,QUITO,1701,"Educación Inicial, Educación General Básica y Bachillerato",Fiscal,15
2023-2024 Inicio,17H02413,LEOPOLDO MERCADO,PICHINCHA,17,RUMIÑAHUI,1705,Educación General Básica y Bachillerato,Fiscal,118
2023-2024 Inicio,13H05379,LEOPOLDO N CHAVEZ,MANABI,13,JIPIJAPA,1306,"Educación Inicial, Educación General Básica y Bachillerato",Fiscal,10
2023-2024 Inicio,17H02421,LEV VYGOTSKY,PICHINCHA,17,RUMIÑAHUI,1705,"Educación Inicial, Educación General Básica y Bachillerato",Particular,69
2023-2024 Inicio,17H02477,LICEO DEL VALLE,PICHINCHA,17,RUMIÑAHUI,1705,"Educación Inicial, Educación General Básica y Bachillerato",Particular,39
2023-2024 Inicio,17H02946,LICEO JUAN MANTOVANI,PICHINCHA,17,RUMIÑAHUI,1705,Educación General Básica y Bachillerato,Particular,5
2023-2024 Inicio,17H00952,LICEO LA ALBORADA,PICHINCHA,17,QUITO,1701,"Educación Inicial, Educación General Básica y Bachillerato",Particular,21
2023-2024 Inicio,17H00742,LICEO MATOVELLE,PICHINCHA,17,QUITO,1701,"Educación Inicial, Educación General Básica y Bachillerato",Particular,20
2023-2024 Inicio,17H00068,LICEO SAN MARCOS DE QUITO,PICHINCHA,17,QUITO,1701,Educación General Básica y Bachillerato,Particular,7
2023-2024 Inicio,10H00026,LIDIA SEVILLA LEON,IMBABURA,10,IBARRA,1001,"Educación Inicial, Educación General Básica y Bachillerato",Particular,8
2023-2024 Inicio,17H00971,LIGDANO CHAVEZ,PICHINCHA,17,QUITO,1701,"Educación Inicial, Educación General Básica y Bachillerato",Fiscal,114
2023-2024 Inicio,08H01207,LIZARDO GOYES BENITEZ,ESMERALDAS,8,SAN LORENZO,805,"Educación Inicial, Educación General Básica y Bachillerato",Fiscal,6
2023-2024 Inicio,17H01826,LLANO CHICO,PICHINCHA,17,QUITO,1701,Educación General Básica y Bachillerato,Fiscal,109
2023-2024 Inicio,13H03251,LODANA,MANABI,13,SANTA ANA,1313,"Educación Inicial, Educación General Básica, Bachillerato y Ofertas Intensivas",Fiscal,50
2023-2024 Inicio,18H00560,LOS ANDES,TUNGURAHUA,18,SANTIAGO DE PILLARO,1808,Educación General Básica y Bachillerato,Fiscal,152
2023-2024 Inicio,17H01246,LOUIS VICTOR DE BROGLIE,PICHINCHA,17,QUITO,1701,"Educación Inicial, Educación General Básica y Bachillerato",Particular,44
2023-2024 Inicio,17H02465,LUIS ALFREDO MARTINEZ,PICHINCHA,17,RUMIÑAHUI,1705,Educación General Básica y Bachillerato,Particular,7
2023-2024 Inicio,17H01234,LUIS ENRIQUE RAZA BOLAÑOS,PICHINCHA,17,QUITO,1701,"Educación Inicial, Educación General Básica y Bachillerato",Fiscal,77
2023-2024 Inicio,17H02253,LUIS FELIPE BORJA,PICHINCHA,17,MEJIA,1703,"Educación Inicial, Educación General Básica y Bachillerato",Fiscal,83
2023-2024 Inicio,17H00384,LUIS FELIPE BORJA DEL ALCAZAR,PICHINCHA,17,QUITO,1701,Educación General Básica y Bachillerato,Fiscal,105
2023-2024 Inicio,17B00149,LUIS HUMBERTO SALGADO,PICHINCHA,17,CAYAMBE,1702,"Educación Inicial, Educación General Básica y Bachillerato",Fiscal,15
2023-2024 Inicio,03H00195,LUIS MANUEL GONZALEZ RODAS,CAÑAR,3,AZOGUES,301,Educación General Básica y Bachillerato,Fiscal,12
2023-2024 Inicio,17B00137,LUIS NAPOLEON DILLON,PICHINCHA,17,CAYAMBE,1702,"Educación Inicial, Educación General Básica y Bachillerato",Fiscal,10
2023-2024 Inicio,10H00289,LUIS ULPIANO DE LA TORRE,IMBABURA,10,COTACACHI,1003,"Educación General Básica, Bachillerato y Ofertas Intensivas",Fiscal,245
2023-2024 Inicio,08H01129,LUZ DEL EVANGELIO,SANTO DOMINGO DE LOS TSACHILAS,23,LA CONCORDIA,2302,Educación General Básica y Bachillerato,Particular,16
2023-2024 Inicio,17H01558,LUZ Y VIDA,PICHINCHA,17,QUITO,1701,"Educación Inicial, Educación General Básica y Bachillerato",Fiscal,28
2023-2024 Inicio,17H02248,MACHACHI,PICHINCHA,17,MEJIA,1703,"Educación Inicial, Educación General Básica y Bachillerato",Fiscal,217
2023-2024 Inicio,17H02461,MADRE DE LA DIVINA GRACIA,PICHINCHA,17,RUMIÑAHUI,1705,"Educación Inicial, Educación General Básica y Bachillerato",Particular,47
2023-2024 Inicio,10H00015,MADRE TERESA BACQ,IMBABURA,10,IBARRA,1001,"Educación Inicial, Educación General Básica y Bachillerato",Particular,71
2023-2024 Inicio,17H02367,MALCHINGUI,PICHINCHA,17,PEDRO MONCAYO,1704,"Educación Inicial, Educación General Básica y Bachillerato",Fiscal,85
2023-2024 Inicio,22B00109,MANABI,ORELLANA,22,ORELLANA,2201,"Educación Inicial, Educación General Básica y Bachillerato",Fiscal,2
2023-2024 Inicio,17B00152,MANUEL AGUILAR,PICHINCHA,17,CAYAMBE,1702,"Educación Inicial, Educación General Básica y Bachillerato",Fiscal,16
2023-2024 Inicio,17B00211,MANUEL ALBAN,PICHINCHA,17,CAYAMBE,1702,"Educación Inicial, Educación General Básica y Bachillerato",Fiscal,14
2023-2024 Inicio,13H00434,MANUEL ANDRADE URETA,MANABI,13,PORTOVIEJO,1301,"Educación Inicial, Educación General Básica y Bachillerato",Particular,27
2023-2024 Inicio,17H00647,MANUEL CORDOVA GALARZA,PICHINCHA,17,QUITO,1701,Educación General Básica y Bachillerato,Fiscal,70
2023-2024 Inicio,13H04574,MANUEL ESPINALES SANTANA,MANABI,13,EL CARMEN,1304,Educación General Básica y Bachillerato,Fiscal,13
2023-2024 Inicio,17H03218,MANUELA DE  SANTA CRUZ Y  ESPEJO D7,PICHINCHA,17,QUITO,1701,"Educación Inicial, Educación General Básica y Bachillerato",Fiscal,29
2023-2024 Inicio,10H00081,MARIA ANGELICA IDROBO,IMBABURA,10,IBARRA,1001,Educación General Básica y Bachillerato,Fiscal,72
2023-2024 Inicio,17H00539,MARIA ANGELICA IDROBO,PICHINCHA,17,QUITO,1701,"Educación Inicial, Educación General Básica y Bachillerato",Fiscal,378
2023-2024 Inicio,17H00716,MARIA AUXILIADORA,PICHINCHA,17,QUITO,1701,"Educación Inicial, Educación General Básica y Bachillerato",Particular,60
2023-2024 Inicio,13H00143,MARIA DE LA MERCED,MANABI,13,PORTOVIEJO,1301,Educación General Básica y Bachillerato,Particular,116
2023-2024 Inicio,17H02375,MARIA DE LAS MERCEDES SUAREZ,PICHINCHA,17,PEDRO MONCAYO,1704,"Educación Inicial, Educación General Básica y Bachillerato",Fiscal,7
2023-2024 Inicio,13H00152,MARIA INMACULADA,MANABI,13,PORTOVIEJO,1301,Educación General Básica y Bachillerato,Particular,19
2023-2024 Inicio,13H03603,MARIA LUISA ALDAZ ROMO,MANABI,13,TOSAGUA,1315,"Educación Inicial, Educación General Básica y Bachillerato",Particular,6
2023-2024 Inicio,13H02816,MARIA PIEDAD CASTILLO DE LEVI,MANABI,13,PAJAN,1310,"Educación Inicial, Educación General Básica y Bachillerato",Fiscal,110
2023-2024 Inicio,13H03624,MARIA TERESA TERAN DE CASTRO,MANABI,13,TOSAGUA,1315,"Educación Inicial, Educación General Básica y Bachillerato",Fiscal,11
2023-2024 Inicio,17H02242,MARIANO NEGRETE,PICHINCHA,17,MEJIA,1703,"Educación Inicial, Educación General Básica y Bachillerato",Particular,24
2023-2024 Inicio,17H03050,MARIE CLARAC,PICHINCHA,17,QUITO,1701,"Educación Inicial, Educación General Básica y Bachillerato",Particular,23
2023-2024 Inicio,13H05177,MARIE Y PIERRE CURIE,MANABI,13,EL CARMEN,1304,"Educación Inicial, Educación General Básica y Bachillerato",Particular,17
2023-2024 Inicio,17B00196,MARIETA DE VEINTIMILLA,PICHINCHA,17,PEDRO MONCAYO,1704,"Educación Inicial, Educación General Básica y Bachillerato",Fiscal,11
2023-2024 Inicio,17H00450,MARISCAL ANTONIO JOSE DE SUCRE D7,PICHINCHA,17,QUITO,1701,"Educación Inicial, Educación General Básica y Bachillerato",Fiscal,60
2023-2024 Inicio,17H02440,MARQUES DE SELVA ALEGRE,PICHINCHA,17,RUMIÑAHUI,1705,"Educación Inicial, Educación General Básica y Bachillerato",Particular,28
2023-2024 Inicio,13H03408,MARTHA BUCARAM DE ROLDOS,MANABI,13,SUCRE,1314,Educación General Básica y Bachillerato,Fiscal,18
2023-2024 Inicio,13H00780,MATER MISERICORDIAE,MANABI,13,BOLIVAR,1302,"Educación Inicial, Educación General Básica y Bachillerato",Particular,19
2023-2024 Inicio,13H05416,MATHIUS JOSUE QUINTANILLA SIERRA,MANABI,13,PORTOVIEJO,1301,"Educación Inicial, Educación General Básica y Bachillerato",Fiscal,55
2023-2024 Inicio,17H01774,MATOVELLE,PICHINCHA,17,QUITO,1701,"Educación Inicial, Educación General Básica y Bachillerato",Particular,65
2023-2024 Inicio,13H03462,MAURA BARRETO FALCONES,MANABI,13,SUCRE,1314,"Educación Inicial, Educación General Básica y Bachillerato",Fiscal,11
2023-2024 Inicio,17H02940,MAURICE RAVEL,PICHINCHA,17,QUITO,1701,"Educación Inicial, Educación General Básica y Bachillerato",Particular,25
2023-2024 Inicio,17H00940,MEDITERRANEO,PICHINCHA,17,QUITO,1701,Educación General Básica y Bachillerato,Particular,4
2023-2024 Inicio,17H00079,MENA DEL HIERRO,PICHINCHA,17,QUITO,1701,"Educación Inicial, Educación General Básica y Bachillerato",Particular,45
2023-2024 Inicio,13H00534,MERCEDES DE MARIA,MANABI,13,PORTOVIEJO,1301,"Educación Inicial, Educación General Básica y Bachillerato",Fiscomisional,48
2023-2024 Inicio,17H01625,MIGUEL ANGEL BUONARROTI,PICHINCHA,17,QUITO,1701,"Educación Inicial, Educación General Básica y Bachillerato",Particular,20
2023-2024 Inicio,13H04331,MIGUEL CENTENO,MANABI,13,SAN VICENTE,1322,"Educación Inicial, Educación General Básica y Bachillerato",Fiscal,20
2023-2024 Inicio,17H01620,MIGUEL DE CERVANTES SAAVEDRA,PICHINCHA,17,QUITO,1701,"Educación Inicial, Educación General Básica y Bachillerato",Particular,27
2023-2024 Inicio,17H01472,MIGUEL DE SANTIAGO,PICHINCHA,17,QUITO,1701,Educación General Básica y Bachillerato,Fiscal,466
2023-2024 Inicio,17B00217,MISION ANDINA,PICHINCHA,17,PEDRO MONCAYO,1704,"Educación Inicial, Educación General Básica y Bachillerato",Fiscal,56
2023-2024 Inicio,17H02031,MISION GEODESICA,PICHINCHA,17,QUITO,1701,Educación General Básica y Bachillerato,Particular,8
2023-2024 Inicio,17H02050,MITAD DEL MUNDO,PICHINCHA,17,QUITO,1701,"Educación General Básica, Bachillerato y Ofertas Intensivas",Fiscal,298
2023-2024 Inicio,17H00718,MODELO POLITECNICO,PICHINCHA,17,QUITO,1701,Educación General Básica y Bachillerato,Particular,32
2023-2024 Inicio,13H05396,MÓNICA EDITH NAZARENO  RÚA,MANABI,13,PEDERNALES,1317,"Educación Inicial, Educación General Básica y Bachillerato",Fiscal,13
2023-2024 Inicio,16H00178,MONSEÑOR ANTONIO CABRI,PASTAZA,16,SANTA CLARA,1603,"Educación Inicial, Educación General Básica y Bachillerato",Fiscomisional,34
2023-2024 Inicio,22H00271,MONSEÑOR OSCAR ARNULFO ROMERO,ORELLANA,22,LA JOYA DE LOS SACHAS,2203,"Educación Inicial, Educación General Básica y Bachillerato",Fiscomisional,112
2023-2024 Inicio,13H03883,MONTESSORI,MANABI,13,PEDERNALES,1317,"Educación Inicial, Educación General Básica y Bachillerato",Particular,40
2023-2024 Inicio,17H02183,MUNICIPAL CAYAMBE,PICHINCHA,17,CAYAMBE,1702,Educación General Básica y Bachillerato,Municipal,17
2023-2024 Inicio,21B00134,MUSHUK KAWSAY,SUCUMBIOS,21,CASCALES,2106,"Educación Inicial, Educación General Básica y Bachillerato",Fiscal,5
2023-2024 Inicio,17B00098,MUSHUK PAKARI,PICHINCHA,17,QUITO,1701,"Educación Inicial, Educación General Básica y Bachillerato",Fiscal,39
2023-2024 Inicio,23H00822,MYR. LUIS ANÍBAL YÉPEZ,SANTO DOMINGO DE LOS TSACHILAS,23,LA CONCORDIA,2302,"Educación Inicial, Educación General Básica y Bachillerato",Fiscal,30
2023-2024 Inicio,22H00246,NAMPAWE ONKYERE YATEWE,ORELLANA,22,AGUARICO,2202,Educación General Básica y Bachillerato,Fiscal,5
2023-2024 Inicio,17H02286,NASA,PICHINCHA,17,MEJIA,1703,"Educación Inicial, Educación General Básica y Bachillerato",Fiscal,31
2023-2024 Inicio,10B00031,NAZACOTA PUENTO,IMBABURA,10,COTACACHI,1003,"Educación Inicial, Educación General Básica y Bachillerato",Fiscal,13
2023-2024 Inicio,03H00260,NELSON VICENTE IZQUIERDO NAULA,CAÑAR,3,BIBLIAN,302,Educación General Básica y Bachillerato,Fiscal,35
2023-2024 Inicio,17H01268,NICOLAS GUILLEN,PICHINCHA,17,QUITO,1701,"Educación Inicial, Educación General Básica y Bachillerato",Fiscal,35
2023-2024 Inicio,17H01550,NICOLAS JIMENEZ,PICHINCHA,17,QUITO,1701,Educación General Básica y Bachillerato,Fiscal,191
2023-2024 Inicio,13H04718,NIÑO JESUS DE PRAGA,MANABI,13,SANTA ANA,1313,Educación General Básica y Bachillerato,Fiscal,9
2023-2024 Inicio,16H00020,NUESTRA  SEÑORA DE POMPEYA,PASTAZA,16,PASTAZA,1601,"Educación Inicial, Educación General Básica y Bachillerato",Fiscomisional,118
2023-2024 Inicio,17H00669,NUESTRA MADRE DE LA MERCED,PICHINCHA,17,QUITO,1701,"Educación Inicial, Educación General Básica y Bachillerato",Particular,34
2023-2024 Inicio,17H01291,NUEVA AURORA,PICHINCHA,17,QUITO,1701,"Educación Inicial, Educación General Básica y Bachillerato",Fiscal,120
2023-2024 Inicio,12H01407,NUEVA ERA,LOS RIOS,12,VINCES,1208,"Educación Inicial, Educación General Básica y Bachillerato",Particular,29
2023-2024 Inicio,09B00043,NUEVA UNIDAD EDUCATIVA COMUNITARIA INTERCULTURAL BILINGÜE RUMIÑAHUI,GUAYAS,9,GUAYAQUIL,901,"Educación Inicial, Educación General Básica y Bachillerato",Fiscal,84
2023-2024 Inicio,17H02847,NUEVO MUNDO EN LAS MANOS DE DIOS,PICHINCHA,17,RUMIÑAHUI,1705,Educación General Básica y Bachillerato,Particular,2
2023-2024 Inicio,13H01925,OCHO DE ENERO,MANABI,13,JIPIJAPA,1306,"Educación Inicial, Educación General Básica y Bachillerato",Fiscal,30
2023-2024 Inicio,13H05434,OLGA PATRICIA ACEBO ÁLVAREZ,MANABI,13,MANTA,1308,"Educación Inicial, Educación General Básica y Bachillerato",Fiscal,99
2023-2024 Inicio,13H00172,OLMEDO,MANABI,13,PORTOVIEJO,1301,"Educación Inicial, Educación General Básica y Bachillerato",Fiscal,425
2023-2024 Inicio,17H02787,OSWALDO GUAYASAMIN,PICHINCHA,17,RUMIÑAHUI,1705,"Educación Inicial, Educación General Básica y Bachillerato",Fiscal,65
2023-2024 Inicio,13H02068,OSWALDO GUAYASAMIN CALERO,MANABI,13,JIPIJAPA,1306,"Educación Inicial, Educación General Básica y Bachillerato",Fiscal,8
2023-2024 Inicio,13H03871,OVIDIO DECROLY,MANABI,13,PEDERNALES,1317,"Educación Inicial, Educación General Básica y Bachillerato",Particular,10
2023-2024 Inicio,17H01318,PABLO MUÑOZ VEGA,PICHINCHA,17,QUITO,1701,"Educación Inicial, Educación General Básica y Bachillerato",Particular,15
2023-2024 Inicio,13H00797,PABLO VI,MANABI,13,BOLIVAR,1302,"Educación Inicial, Educación General Básica y Bachillerato",Particular,17
2023-2024 Inicio,17H03006,PACHAMAMA,PICHINCHA,17,QUITO,1701,"Educación Inicial, Educación General Básica y Bachillerato",Particular,21
2023-2024 Inicio,17B00150,PADRE JUAN DE VELASCO,PICHINCHA,17,CAYAMBE,1702,"Educación Inicial, Educación General Básica y Bachillerato",Fiscal,26
2023-2024 Inicio,17H01839,PADRE MENTHEN,PICHINCHA,17,QUITO,1701,"Educación Inicial, Educación General Básica y Bachillerato",Fiscal,5
2023-2024 Inicio,15H00213,PADRE RAFAEL FERRER,NAPO,15,EL CHACO,1504,"Educación Inicial, Educación General Básica y Bachillerato",Fiscal,17
2023-2024 Inicio,16B00117,PASUCA,PASTAZA,16,PASTAZA,1601,"Educación Inicial, Educación General Básica y Bachillerato",Fiscal,3
2023-2024 Inicio,17H00103,PATRIMONIO DE LA HUMANIDAD,PICHINCHA,17,QUITO,1701,"Educación Inicial, Educación General Básica y Bachillerato",Fiscal,250
2023-2024 Inicio,17H04326,PCEI SECOMSYS,PICHINCHA,17,QUITO,1701,Bachillerato,Particular,21
2023-2024 Inicio,17H02133,PEDRO BOUGUER,PICHINCHA,17,QUITO,1701,"Educación Inicial, Educación General Básica, Bachillerato y Ofertas Intensivas",Fiscal,66
2023-2024 Inicio,13H03633,PEDRO SCHUMACHER,MANABI,13,TOSAGUA,1315,Educación General Básica y Bachillerato,Particular,54
2023-2024 Inicio,13H02947,PICHINCHA,MANABI,13,PAJAN,1310,"Educación Inicial, Educación General Básica y Bachillerato",Fiscal,20
2023-2024 Inicio,13H03003,PICHINCHA,MANABI,13,PICHINCHA,1311,"Educación Inicial, Educación General Básica y Bachillerato",Fiscal,170
2023-2024 Inicio,17H01836,PICHINCHA,PICHINCHA,17,QUITO,1701,"Educación Inicial, Educación General Básica y Bachillerato",Fiscal,9
2023-2024 Inicio,13H00329,PICOAZA,MANABI,13,PORTOVIEJO,1301,"Educación Inicial, Educación General Básica y Bachillerato",Fiscal,163
2023-2024 Inicio,17H03238,PIERRE DE COUBERTIN,PICHINCHA,17,QUITO,1701,"Educación Inicial, Educación General Básica y Bachillerato",Particular,18
2023-2024 Inicio,13H04595,PINCELADAS,MANABI,13,SUCRE,1314,"Educación Inicial, Educación General Básica y Bachillerato",Particular,15
2023-2024 Inicio,13H03498,PIO JARAMILLO ALVARADO,MANABI,13,SUCRE,1314,"Educación Inicial, Educación General Básica y Bachillerato",Fiscal,15
2023-2024 Inicio,16H00067,PIO JARAMILLO ALVARADO,PASTAZA,16,PASTAZA,1601,"Educación Inicial, Educación General Básica y Bachillerato",Fiscal,15
2023-2024 Inicio,17H00183,PISULI,PICHINCHA,17,QUITO,1701,"Educación Inicial, Educación General Básica y Bachillerato",Fiscal,21
2023-2024 Inicio,17H00217,PLANETA AZUL,PICHINCHA,17,QUITO,1701,"Educación Inicial, Educación General Básica y Bachillerato",Particular,12
2023-2024 Inicio,17H00625,POLICIA NACIONAL,PICHINCHA,17,QUITO,1701,"Educación Inicial, Educación General Básica y Bachillerato",Fiscal,290
2023-2024 Inicio,17H01988,POMASQUI,PICHINCHA,17,QUITO,1701,Educación General Básica y Bachillerato,Fiscal,318
2023-2024 Inicio,13H00288,PORTOVIEJO,MANABI,13,PORTOVIEJO,1301,"Educación General Básica, Bachillerato y Ofertas Intensivas",Fiscal,542
2023-2024 Inicio,09H02832,PRIMERO DE JUNIO,GUAYAS,9,GUAYAQUIL,901,Bachillerato,Fiscal,76
2023-2024 Inicio,22H00308,PRINCESA PACCHA,ORELLANA,22,LA JOYA DE LOS SACHAS,2203,"Educación Inicial, Educación General Básica y Bachillerato",Fiscal,16
2023-2024 Inicio,22B00037,PRISCILA BAER,ORELLANA,22,ORELLANA,2201,"Educación Inicial, Educación General Básica y Bachillerato",Fiscal,9
2023-2024 Inicio,17H01511,PROCER ANTONIO AGUIRRE,PICHINCHA,17,QUITO,1701,Educación General Básica y Bachillerato,Fiscal,27
2023-2024 Inicio,17H01752,PROF PEDRO ECHEVERRIA TERAN,PICHINCHA,17,QUITO,1701,"Educación Inicial, Educación General Básica y Bachillerato",Fiscal,108
2023-2024 Inicio,17H01640,PROFESOR LUIS MERANI,PICHINCHA,17,QUITO,1701,"Educación Inicial, Educación General Básica y Bachillerato",Particular,22
2023-2024 Inicio,13H04127,PROVINCIA DE MANABI,MANABI,13,PUERTO LOPEZ,1319,"Educación Inicial, Educación General Básica y Bachillerato",Fiscal,86
2023-2024 Inicio,16H00004,PROVINCIA DE PASTAZA,PASTAZA,16,PASTAZA,1601,"Educación Inicial, Educación General Básica y Bachillerato",Fiscal,35
2023-2024 Inicio,17H02155,PROVINCIA EL ORO,PICHINCHA,17,CAYAMBE,1702,"Educación Inicial, Educación General Básica y Bachillerato",Fiscal,83
2023-2024 Inicio,13H00635,PUEBLO NUEVO,MANABI,13,PORTOVIEJO,1301,Educación General Básica y Bachillerato,Fiscal,34
2023-2024 Inicio,13H03390,PUEBLO NUEVO,MANABI,13,SANTA ANA,1313,"Educación General Básica, Bachillerato y Ofertas Intensivas",Fiscal,65
2023-2024 Inicio,17H02012,PUELLARO,PICHINCHA,17,QUITO,1701,Educación General Básica y Bachillerato,Fiscal,63
2023-2024 Inicio,13H01057,QUINCHE CHAVARRIA DE INTRIAGO,MANABI,13,PICHINCHA,1311,"Educación Inicial, Educación General Básica y Bachillerato",Fiscal,10
2023-2024 Inicio,13H00192,QUINCHE FELIX REZABALA,MANABI,13,PORTOVIEJO,1301,Educación General Básica y Bachillerato,Fiscal,29
2023-2024 Inicio,17H00939,QUITO LUZ DE AMERICA BLANTACH,PICHINCHA,17,QUITO,1701,"Educación Inicial, Educación General Básica y Bachillerato",Particular,6
2023-2024 Inicio,17H00593,QUITO SUR,PICHINCHA,17,QUITO,1701,"Educación Inicial, Educación General Básica y Bachillerato",Fiscal,125
2023-2024 Inicio,17H00826,RAFAEL LARREA ANDRADE,PICHINCHA,17,QUITO,1701,"Educación Inicial, Educación General Básica y Bachillerato",Fiscal,161
2023-2024 Inicio,10H00344,RAFAEL LEON CARVAJAL,IMBABURA,10,COTACACHI,1003,"Educación Inicial, Educación General Básica y Bachillerato",Fiscal,10
2023-2024 Inicio,13H05397,RAMBUCHE,MANABI,13,JAMA,1320,"Educación Inicial, Educación General Básica y Bachillerato",Fiscal,32
2023-2024 Inicio,17H02386,RAMON GONZALEZ ARTIGAS,PICHINCHA,17,RUMIÑAHUI,1705,"Educación Inicial, Educación General Básica y Bachillerato",Fiscal,48
2023-2024 Inicio,22H00527,REID ANGELES DE LUZ,ORELLANA,22,LA JOYA DE LOS SACHAS,2203,"Educación Inicial, Educación General Básica y Bachillerato",Fiscal,5
2023-2024 Inicio,17H00441,REPLICA 24 DE MAYO,PICHINCHA,17,QUITO,1701,"Educación Inicial, Educación General Básica y Bachillerato",Fiscal,125
2023-2024 Inicio,17H01565,REPLICA JUAN PIO MONTUFAR,PICHINCHA,17,QUITO,1701,"Educación Inicial, Educación General Básica y Bachillerato",Fiscal,183
2023-2024 Inicio,17H00953,REPUBLICA DE RUMANIA,PICHINCHA,17,QUITO,1701,"Educación General Básica, Bachillerato y Ofertas Intensivas",Fiscal,239
2023-2024 Inicio,12H00815,REPUBLICA DEL ECUADOR,LOS RIOS,12,QUEVEDO,1205,"Educación Inicial, Educación General Básica y Bachillerato",Particular,5
2023-2024 Inicio,13H01922,REPUBLICA DEL ECUADOR,MANABI,13,JIPIJAPA,1306,"Educación Inicial, Educación General Básica y Bachillerato",Particular,32
2023-2024 Inicio,13H03362,REPUBLICA DEL ECUADOR,MANABI,13,SANTA ANA,1313,Educación General Básica y Bachillerato,Fiscal,9
2023-2024 Inicio,17H01638,REPUBLICA FEDERAL SUIZA,PICHINCHA,17,QUITO,1701,"Educación Inicial, Educación General Básica y Bachillerato",Particular,19
2023-2024 Inicio,16B00044,RIO BOBONAZA,PASTAZA,16,PASTAZA,1601,"Educación Inicial, Educación General Básica y Bachillerato",Fiscal,8
2023-2024 Inicio,22H00261,RIO CHINGUAL,ORELLANA,22,LA JOYA DE LOS SACHAS,2203,"Educación Inicial, Educación General Básica y Bachillerato",Fiscal,18
2023-2024 Inicio,22H00370,RIO COCA,ORELLANA,22,LA JOYA DE LOS SACHAS,2203,"Educación Inicial, Educación General Básica y Bachillerato",Fiscal,91
2023-2024 Inicio,13H04696,RIO CONGUILLO,MANABI,13,PICHINCHA,1311,"Educación Inicial, Educación General Básica y Bachillerato",Fiscal,7
2023-2024 Inicio,21B00060,RIO DASHINO,SUCUMBIOS,21,GONZALO PIZARRO,2102,Educación General Básica y Bachillerato,Fiscal,7
2023-2024 Inicio,06B00140,RIO JUBAL,CHIMBORAZO,6,ALAUSI,602,"Educación Inicial, Educación General Básica, Bachillerato y Ofertas Intensivas",Fiscal,9
2023-2024 Inicio,13H04062,RIO PUCA,MANABI,13,OLMEDO,1318,"Educación General Básica, Bachillerato y Ofertas Intensivas",Fiscal,153
2023-2024 Inicio,17H00135,ROBERTO ARREGUI MOSCOSO,PICHINCHA,17,QUITO,1701,Educación General Básica y Bachillerato,Fiscal,63
2023-2024 Inicio,03H00034,ROBERTO RODAS,CAÑAR,3,AZOGUES,301,Educación General Básica y Bachillerato,Fiscal,55
2023-2024 Inicio,08H01169,ROSA ZARATE,SANTO DOMINGO DE LOS TSACHILAS,23,LA CONCORDIA,2302,"Educación Inicial, Educación General Básica y Bachillerato",Fiscal,81
2023-2024 Inicio,17H02995,RUMIÑAHUI,PICHINCHA,17,RUMIÑAHUI,1705,"Educación Inicial, Educación General Básica y Bachillerato",Fiscal,171
2023-2024 Inicio,21B00027,RUMIPAMBA,ORELLANA,22,LA JOYA DE LOS SACHAS,2203,"Educación Inicial, Educación General Básica y Bachillerato",Fiscal,12
2023-2024 Inicio,10H00107,SAGRADO CORAZON DE JESUS,IMBABURA,10,IBARRA,1001,"Educación Inicial, Educación General Básica y Bachillerato",Particular,88
2023-2024 Inicio,08H01176,SAGRADOS CORAZONES,SANTO DOMINGO DE LOS TSACHILAS,23,LA CONCORDIA,2302,"Educación Inicial, Educación General Básica y Bachillerato",Particular,28
2023-2024 Inicio,17H03054,SAINT PATRICK,PICHINCHA,17,QUITO,1701,"Educación Inicial, Educación General Básica y Bachillerato",Particular,24
2023-2024 Inicio,13H04312,SALINAS,MANABI,13,SAN VICENTE,1322,"Educación Inicial, Educación General Básica, Bachillerato y Ofertas Intensivas",Fiscal,23
2023-2024 Inicio,13H03199,SALUSTIO GILER ALAVA,MANABI,13,SANTA ANA,1313,"Educación Inicial, Educación General Básica y Bachillerato",Fiscal,13
2023-2024 Inicio,06B00395,SALVADOR BUSTAMANTE CELI,CHIMBORAZO,6,GUAMOTE,606,"Educación Inicial, Educación General Básica y Bachillerato",Fiscal,13
2023-2024 Inicio,17H02795,SAMUEL BECKETT,PICHINCHA,17,CAYAMBE,1702,"Educación Inicial, Educación General Básica y Bachillerato",Particular,22
2023-2024 Inicio,17H03279,SAN AGUSTIN,PICHINCHA,17,QUITO,1701,"Educación Inicial, Educación General Básica y Bachillerato",Particular,10
2023-2024 Inicio,22B00102,SAN ANTONIO,ORELLANA,22,LA JOYA DE LOS SACHAS,2203,"Educación Inicial, Educación General Básica y Bachillerato",Fiscal,6
2023-2024 Inicio,04H00018,SAN ANTONIO DE PADUA,CARCHI,4,TULCAN,401,Educación General Básica y Bachillerato,Fiscomisional,104
2023-2024 Inicio,13H00489,SAN FRANCISCO DE ASIS,MANABI,13,PORTOVIEJO,1301,Educación General Básica y Bachillerato,Particular,58
2023-2024 Inicio,21H00558,SAN FRANCISCO DE ASIS,SUCUMBIOS,21,SHUSHUFINDI,2104,"Educación Inicial, Educación General Básica y Bachillerato",Municipal,39
2023-2024 Inicio,22B00083,SAN FRANCISCO DE ASIS,ORELLANA,22,AGUARICO,2202,"Educación Inicial, Educación General Básica y Bachillerato",Fiscal,20
2023-2024 Inicio,22B00138,SAN FRANCISCO DE ASIS,ORELLANA,22,LORETO,2204,"Educación Inicial, Educación General Básica y Bachillerato",Fiscal,50
2023-2024 Inicio,13H03513,SAN ISIDRO,MANABI,13,SUCRE,1314,"Educación Inicial, Educación General Básica, Bachillerato y Ofertas Intensivas",Fiscal,136
2023-2024 Inicio,17H02062,SAN JOSE DE MINAS,PICHINCHA,17,QUITO,1701,Educación General Básica y Bachillerato,Fiscal,95
2023-2024 Inicio,18H00611,SAN JOSE DE POALO,TUNGURAHUA,18,SANTIAGO DE PILLARO,1808,"Educación Inicial, Educación General Básica y Bachillerato",Fiscal,9
2023-2024 Inicio,17H00200,SAN PATRICIO DE LA PROVIDENCIA,PICHINCHA,17,QUITO,1701,"Educación Inicial, Educación General Básica y Bachillerato",Fiscomisional,24
2023-2024 Inicio,13H00725,SAN PLACIDO,MANABI,13,PORTOVIEJO,1301,Educación General Básica y Bachillerato,Fiscal,81
2023-2024 Inicio,17H02475,SAN RAFAEL,PICHINCHA,17,RUMIÑAHUI,1705,"Educación Inicial, Educación General Básica y Bachillerato",Fiscal,103
2023-2024 Inicio,16H00012,SAN VICENTE FERRER,PASTAZA,16,PASTAZA,1601,"Educación Inicial, Educación General Básica y Bachillerato",Fiscomisional,112
2023-2024 Inicio,13H00093,SANTA  MARTHA,MANABI,13,PORTOVIEJO,1301,"Educación Inicial, Educación General Básica y Bachillerato",Particular,9
2023-2024 Inicio,17H02435,SANTA ANA,PICHINCHA,17,RUMIÑAHUI,1705,"Educación Inicial, Educación General Básica y Bachillerato",Particular,26
2023-2024 Inicio,10H00325,SANTA ANA DE COTACACHI,IMBABURA,10,COTACACHI,1003,"Educación Inicial, Educación General Básica y Bachillerato",Fiscal,85
2023-2024 Inicio,13H03054,SANTA GEMA,MANABI,13,PICHINCHA,1311,"Educación Inicial, Educación General Básica y Bachillerato",Particular,18
2023-2024 Inicio,13H03635,SANTA LUISA DE MARILLAC,MANABI,13,TOSAGUA,1315,"Educación Inicial, Educación General Básica y Bachillerato",Fiscomisional,20
2023-2024 Inicio,04H00408,SANTA MARIANA DE JESUS,CARCHI,4,SAN PEDRO DE HUACA,406,"Educación Inicial, Educación General Básica y Bachillerato",Fiscomisional,16
2023-2024 Inicio,13H00481,SANTA MARIANA DE JESUS,MANABI,13,PORTOVIEJO,1301,"Educación Inicial, Educación General Básica y Bachillerato",Particular,41
2023-2024 Inicio,03H00018,SANTA MARIANITA DE BORRERO,CAÑAR,3,AZOGUES,301,"Educación Inicial, Educación General Básica y Bachillerato",Fiscal,27
2023-2024 Inicio,17H00662,SANTIAGO DE GUAYAQUIL,PICHINCHA,17,QUITO,1701,"Educación Inicial, Educación General Básica y Bachillerato",Fiscal,149
2023-2024 Inicio,22H00476,SANTIAGO DE QUITO,ORELLANA,22,LA JOYA DE LOS SACHAS,2203,"Educación Inicial, Educación General Básica y Bachillerato",Particular,47
2023-2024 Inicio,10H00290,SANTISIMO SACRAMENTO,IMBABURA,10,COTACACHI,1003,"Educación Inicial, Educación General Básica y Bachillerato",Particular,18
2023-2024 Inicio,13H00384,SANTO TOMAS,MANABI,13,PORTOVIEJO,1301,"Educación Inicial, Educación General Básica y Bachillerato",Particular,30
2023-2024 Inicio,17H02450,SANTO TOMAS DE AQUINO,PICHINCHA,17,RUMIÑAHUI,1705,"Educación Inicial, Educación General Básica y Bachillerato",Particular,56
2023-2024 Inicio,21H00713,SARAGURO,SUCUMBIOS,21,CASCALES,2106,"Educación Inicial, Educación General Básica y Bachillerato",Fiscal,8
2023-2024 Inicio,16B00073,SARAYAKU,PASTAZA,16,PASTAZA,1601,Educación General Básica y Bachillerato,Fiscal,12
2023-2024 Inicio,13H03399,SATHYA SAI,MANABI,13,SUCRE,1314,"Educación Inicial, Educación General Básica y Bachillerato",Fiscomisional,24
2023-2024 Inicio,13H03094,SEBASTIAN MUÑOZ,MANABI,13,PICHINCHA,1311,"Educación Inicial, Educación General Básica y Bachillerato",Fiscal,99
2023-2024 Inicio,02H00658,SEGUNDO ULPIANO FIGUEROA,BOLIVAR,2,CALUMA,206,Educación General Básica y Bachillerato,Municipal,17
2023-2024 Inicio,17H03140,SHAKESPEARE SCHOOL,PICHINCHA,17,QUITO,1701,"Educación Inicial, Educación General Básica y Bachillerato",Particular,19
2023-2024 Inicio,13H03183,SIMON BOLIVAR,MANABI,13,ROCAFUERTE,1312,"Educación Inicial, Educación General Básica y Bachillerato",Fiscal,58
2023-2024 Inicio,17H00791,SIMON BOLIVAR,PICHINCHA,17,QUITO,1701,Educación General Básica y Bachillerato,Fiscal,437
2023-2024 Inicio,17H01072,SURCOS,PICHINCHA,17,QUITO,1701,"Educación Inicial, Educación General Básica y Bachillerato",Particular,18
2023-2024 Inicio,17H02344,TABACUNDO,PICHINCHA,17,PEDRO MONCAYO,1704,"Educación General Básica, Bachillerato y Ofertas Intensivas",Fiscal,248
2023-2024 Inicio,17H00535,TECNICO ECUADOR,PICHINCHA,17,QUITO,1701,Educación General Básica y Bachillerato,Particular,78
2023-2024 Inicio,17H00307,TECNICO SALESIANO DON BOSCO,PICHINCHA,17,QUITO,1701,Educación General Básica y Bachillerato,Fiscomisional,278
2023-2024 Inicio,13H00111,TENIENTE HUGO ORTIZ,MANABI,13,PORTOVIEJO,1301,"Educación Inicial, Educación General Básica y Bachillerato",Particular,24
2023-2024 Inicio,17H02185,THOMAS RUSSELL,PICHINCHA,17,CAYAMBE,1702,"Educación Inicial, Educación General Básica y Bachillerato",Particular,34
2023-2024 Inicio,13H00475,TIBURCIO MACIAS,MANABI,13,PORTOVIEJO,1301,"Educación Inicial, Educación General Básica y Bachillerato",Fiscal,77
2023-2024 Inicio,13H05366,TRES CHARCOS,MANABI,13,ROCAFUERTE,1312,"Educación Inicial, Educación General Básica y Bachillerato",Fiscal,17
2023-2024 Inicio,17H01758,TRES DE DICIEMBRE,PICHINCHA,17,QUITO,1701,"Educación Inicial, Educación General Básica y Bachillerato",Fiscal,133
2023-2024 Inicio,02B00113,U E COMUNITARIA INTERCULTURAL BILINGÜE ALEJANDRO ANDRADE COELLO,BOLIVAR,2,GUARANDA,201,"Educación Inicial, Educación General Básica y Bachillerato",Fiscal,4
2023-2024 Inicio,17H02218,UE CARLOS VICENTE ANDRADE,PICHINCHA,17,CAYAMBE,1702,"Educación Inicial, Educación General Básica y Bachillerato",Fiscal,12
2023-2024 Inicio,17H00364,UE FISCOMISIONAL SANTA CRUZ DE LA PROVIDENCIA FE Y ALEGRIA,PICHINCHA,17,QUITO,1701,"Educación Inicial, Educación General Básica y Bachillerato",Fiscomisional,27
2023-2024 Inicio,17H02359,UE LEOPOLDO N CHAVEZ,PICHINCHA,17,PEDRO MONCAYO,1704,"Educación Inicial, Educación General Básica y Bachillerato",Fiscal,22
2023-2024 Inicio,17H00097,UE PARTICULAR CASA DE LA CULTURA ECUATORIANA BENJAMIN CARRION N2,PICHINCHA,17,QUITO,1701,"Educación Inicial, Educación General Básica y Bachillerato",Particular,45
2023-2024 Inicio,17H04166,UE PERPETUO SOCORRO,PICHINCHA,17,QUITO,1701,"Educación Inicial, Educación General Básica y Bachillerato",Particular,24
2023-2024 Inicio,08B00044,UECIB FISCOMISIONAL MARIA REINA DEL MUNDO,ESMERALDAS,8,QUININDE,804,"Educación Inicial, Educación General Básica y Bachillerato",Fiscomisional,27
2023-2024 Inicio,06B00517,UECIB GALO ATIAGA BUSTILLOS,CHIMBORAZO,6,GUAMOTE,606,Educación General Básica y Bachillerato,Fiscomisional,8
2023-2024 Inicio,21B00025,UECIB RICARDO CERDA TAPUY,SUCUMBIOS,21,LAGO AGRIO,2101,"Educación Inicial, Educación General Básica y Bachillerato",Fiscal,3
2023-2024 Inicio,10B00102,UECIB SAN AGUSTIN DE CAJAS,IMBABURA,10,OTAVALO,1004,"Educación Inicial, Educación General Básica y Bachillerato",Fiscal,5
2023-2024 Inicio,10B00163,UECIB SAN FRANCISCO DE PALMIRA,IMBABURA,10,SAN MIGUEL DE URCUQUI,1006,"Educación Inicial, Educación General Básica y Bachillerato",Fiscal,9
2023-2024 Inicio,17H00422,UEP BILINGÜE ACADEMIA MILITAR GENERAL MIGUEL ITURRALDE,PICHINCHA,17,QUITO,1701,"Educación Inicial, Educación General Básica y Bachillerato",Particular,67
2023-2024 Inicio,10H00086,UNDAD EDUCATIVA 28 DE SEPTIEMBRE,IMBABURA,10,IBARRA,1001,"Educación Inicial, Educación General Básica, Bachillerato y Ofertas Intensivas",Fiscal,21
2023-2024 Inicio,15H00055,UNIDA EDUCATIVA ESPECIALIZADA MONSEÑOR MAXIMILIANO SPILLER,NAPO,15,TENA,1501,"Educación Inicial, Educación General Básica y Bachillerato",Fiscomisional,12
2023-2024 Inicio,08H00584,UNIDAD   EDUCATIVA  FISCOMISIONAL SAN LUIS GONZAGA,ESMERALDAS,8,MUISNE,803,Educación General Básica y Bachillerato,Fiscomisional,27
2023-2024 Inicio,19H00016,UNIDAD  EDUCATIVA    12 DE FEBRERO,ZAMORA CHINCHIPE,19,ZAMORA,1901,"Educación Inicial, Educación General Básica y Bachillerato",Fiscal,221
2023-2024 Inicio,05H00399,UNIDAD  EDUCATIVA  GUAPARA,COTOPAXI,5,PANGUA,503,"Educación Inicial, Educación General Básica y Bachillerato",Fiscal,70
2023-2024 Inicio,13H05418,UNIDAD  EDUCATIVA  MARCOS STENIO HERRERA LOOR,MANABI,13,BOLIVAR,1302,"Educación Inicial, Educación General Básica y Bachillerato",Fiscal,8
2023-2024 Inicio,08H00726,UNIDAD  EDUCATIVA  PARTICULAR JAMBELI,ESMERALDAS,8,QUININDE,804,Educación General Básica y Bachillerato,Particular,20
2023-2024 Inicio,24H00031,UNIDAD  EDUCATIVA  PROF CLEOFE APOLINARIO ORRALA,SANTA ELENA,24,SANTA ELENA,2401,"Educación Inicial, Educación General Básica y Bachillerato",Fiscal,17
2023-2024 Inicio,13H02382,UNIDAD  EDUCATIVA  SAN JUAN,MANABI,13,MANTA,1308,Educación General Básica y Bachillerato,Fiscal,38
2023-2024 Inicio,13H02401,UNIDAD  EDUCATIVA FISCAL BOLIVIA NO 72,MANABI,13,MANTA,1308,"Educación Inicial, Educación General Básica y Bachillerato",Fiscal,16
2023-2024 Inicio,13H02738,UNIDAD  EDUCATIVA LUIS A MARTINEZ,MANABI,13,MONTECRISTI,1309,"Educación Inicial, Educación General Básica y Bachillerato",Fiscal,39
2023-2024 Inicio,09H03723,UNIDAD  EDUCATIVA PARTICULAR AMERICA DEL SUR,GUAYAS,9,DURAN,907,"Educación Inicial, Educación General Básica y Bachillerato",Particular,63
2023-2024 Inicio,11H00092,UNIDAD  EDUCATIVA PIO JARAMILLO ALVARADO,LOJA,11,LOJA,1101,"Educación General Básica, Bachillerato y Ofertas Intensivas",Fiscal,174
2023-2024 Inicio,12H01887,UNIDAD  EDUCATIVA PRIMERO DE AGOSTO,LOS RIOS,12,MOCACHE,1212,Educación General Básica y Bachillerato,Particular,42
2023-2024 Inicio,12H01139,UNIDAD  EDUCATIVA SEIS DE OCTUBRE DE VENTANAS,LOS RIOS,12,VENTANAS,1207,Educación General Básica y Bachillerato,Fiscal,317
2023-2024 Inicio,13H02465,UNIDAD  EDUCATIVA UMIÑA,MANABI,13,MANTA,1308,"Educación Inicial, Educación General Básica y Bachillerato",Fiscal,59
2023-2024 Inicio,03H00463,UNIDAD  EDUCATIVA VICTOR HUGO ABAD MUÑOZ,CAÑAR,3,CAÑAR,303,"Educación Inicial, Educación General Básica y Bachillerato",Fiscal,17
2023-2024 Inicio,14B00242,UNIDAD COMUNITARIA INTERCULTURAL BILINGÜE TIWI,MORONA SANTIAGO,14,TAISHA,1409,"Educación Inicial, Educación General Básica y Bachillerato",Fiscal,4
2023-2024 Inicio,20H00041,UNIDAD DE EDUCACIÓN  ESPECIALIZADA GALAPAGOS,GALAPAGOS,20,SANTA CRUZ,2003,"Educación Inicial, Educación General Básica y Bachillerato",Fiscal,2
2023-2024 Inicio,08H02155,UNIDAD DE EDUCACION ESPECIAL  NUEVO AMANECER,ESMERALDAS,8,MUISNE,803,"Educación Inicial, Educación General Básica y Bachillerato",Fiscal,14
2023-2024 Inicio,09H03470,UNIDAD DE EDUCACION ESPECIAL FISCAL DR FERNANDO LOPEZ LARA,GUAYAS,9,DURAN,907,"Educación Inicial, Educación General Básica y Bachillerato",Fiscal,27
2023-2024 Inicio,01H00988,UNIDAD DE EDUCACIÓN ESPECIAL GUALACEO,AZUAY,1,GUALACEO,103,Educación General Básica y Bachillerato,Fiscal,7
2023-2024 Inicio,14H00707,UNIDAD DE EDUCACION ESPECIAL JUAN TOLEDO TORRES,MORONA SANTIAGO,14,LIMON INDANZA,1403,Educación General Básica y Bachillerato,Fiscal,6
2023-2024 Inicio,03H00046,UNIDAD DE EDUCACION ESPECIAL MANUELA ESPEJO,CAÑAR,3,AZOGUES,301,"Educación Inicial, Educación General Básica y Bachillerato",Fiscal,6
2023-2024 Inicio,01H01160,UNIDAD DE EDUCACIÓN ESPECIAL NICOLÁS VÁSQUEZ,AZUAY,1,PAUTE,105,"Educación Inicial, Educación General Básica y Bachillerato",Fiscal,5
2023-2024 Inicio,13H02167,UNIDAD DE EDUCACIÓN ESPECIALIZADA  ANGELICA FLORES ZAMBRANO,MANABI,13,MANTA,1308,"Educación Inicial, Educación General Básica y Bachillerato",Fiscal,11
2023-2024 Inicio,18H00025,"UNIDAD DE EDUCACIÓN ESPECIALIZADA ""DR. CAMILO GALLEGOS DOMÍNGUEZ""",TUNGURAHUA,18,AMBATO,1801,Educación General Básica y Bachillerato,Fiscal,5
2023-2024 Inicio,13H04778,UNIDAD DE EDUCACION ESPECIALIZADA 16 DE NOVIEMBRE,MANABI,13,SAN VICENTE,1322,Educación General Básica y Bachillerato,Fiscal,5
2023-2024 Inicio,07H00354,UNIDAD DE EDUCACION ESPECIALIZADA 3 DE DICIEMBRE,EL ORO,7,MACHALA,701,Educación General Básica y Bachillerato,Fiscal,7
2023-2024 Inicio,13H01876,UNIDAD DE EDUCACION ESPECIALIZADA ANA LUZ SOLIS,MANABI,13,JIPIJAPA,1306,"Educación Inicial, Educación General Básica y Bachillerato",Fiscal,9
2023-2024 Inicio,19H00011,UNIDAD DE EDUCACION ESPECIALIZADA ANDRES FRANCISCO CORDOVA,ZAMORA CHINCHIPE,19,ZAMORA,1901,"Educación Inicial, Educación General Básica y Bachillerato",Fiscal,4
2023-2024 Inicio,07H01499,UNIDAD DE EDUCACIÓN ESPECIALIZADA CARIÑO,EL ORO,7,PASAJE,709,Educación General Básica y Bachillerato,Fiscal,10
2023-2024 Inicio,20H00048,UNIDAD DE EDUCACIÓN ESPECIALIZADA CORAZONES UNIDOS,GALAPAGOS,20,SAN CRISTOBAL,2001,Educación General Básica y Bachillerato,Fiscal,2
2023-2024 Inicio,04H00003,UNIDAD DE EDUCACION ESPECIALIZADA DEL CARCHI,CARCHI,4,TULCAN,401,Educación General Básica y Bachillerato,Fiscal,3
2023-2024 Inicio,08H01180,UNIDAD DE EDUCACION ESPECIALIZADA ENRIQUE BARTOLUCCI,SANTO DOMINGO DE LOS TSACHILAS,23,LA CONCORDIA,2302,"Educación Inicial, Educación General Básica y Bachillerato",Fiscal,5
2023-2024 Inicio,07H00719,UNIDAD DE EDUCACION ESPECIALIZADA HUAQUILLAS,EL ORO,7,HUAQUILLAS,707,Educación General Básica y Bachillerato,Fiscal,16
2023-2024 Inicio,13H00962,UNIDAD DE EDUCACION ESPECIALIZADA JUNTOS VENCEREMOS,MANABI,13,CHONE,1303,"Educación Inicial, Educación General Básica y Bachillerato",Fiscal,11
2023-2024 Inicio,07H01291,UNIDAD DE EDUCACIÓN ESPECIALIZADA KLEBER TINOCO PINEDA,EL ORO,7,ARENILLAS,702,"Educación Inicial, Educación General Básica y Bachillerato",Fiscal,4
2023-2024 Inicio,07H01058,UNIDAD DE EDUCACION ESPECIALIZADA MANUEL BENJAMIN PESANTES VALAREZO,EL ORO,7,SANTA ROSA,712,"Educación Inicial, Educación General Básica y Bachillerato",Fiscal,3
2023-2024 Inicio,04H00462,UNIDAD DE EDUCACIÓN ESPECIALIZADA MANUELA ESPEJO,CARCHI,4,ESPEJO,403,Educación General Básica y Bachillerato,Fiscal,1
2023-2024 Inicio,16H00001,UNIDAD DE EDUCACION ESPECIALIZADA PUYO,PASTAZA,16,PASTAZA,1601,"Educación Inicial, Educación General Básica y Bachillerato",Fiscal,16
2023-2024 Inicio,13H00800,UNIDAD DE EDUCACION ESPECIALIZADA YAMIL DOUMET SEPAK,MANABI,13,BOLIVAR,1302,"Educación Inicial, Educación General Básica y Bachillerato",Fiscal,9
2023-2024 Inicio,09H03548,UNIDAD EDUCACTIVA PARTICULAR EZRA TAFT BENSON,GUAYAS,9,DURAN,907,"Educación Inicial, Educación General Básica y Bachillerato",Particular,28
2023-2024 Inicio,19H00083,UNIDAD EDUCATIVA    IMBANA,ZAMORA CHINCHIPE,19,ZAMORA,1901,"Educación Inicial, Educación General Básica y Bachillerato",Fiscal,6
2023-2024 Inicio,08H00874,UNIDAD EDUCATIVA   ARMADA NACIONAL,ESMERALDAS,8,QUININDE,804,"Educación Inicial, Educación General Básica y Bachillerato",Fiscal,10
2023-2024 Inicio,08H01284,UNIDAD EDUCATIVA   CESAR PLAZA MONZON,ESMERALDAS,8,ATACAMES,806,"Educación Inicial, Educación General Básica y Bachillerato",Fiscal,16
2023-2024 Inicio,08H00669,UNIDAD EDUCATIVA   CHAMANGA,ESMERALDAS,8,MUISNE,803,"Educación Inicial, Educación General Básica y Bachillerato",Fiscal,94
2023-2024 Inicio,14H00166,UNIDAD EDUCATIVA   CIUDAD DE AZOGUES,MORONA SANTIAGO,14,GUALAQUIZA,1402,"Educación Inicial, Educación General Básica y Bachillerato",Fiscal,11
2023-2024 Inicio,05H00840,UNIDAD EDUCATIVA   INTERNACIONAL COTOPAXI,COTOPAXI,5,LATACUNGA,501,"Educación Inicial, Educación General Básica y Bachillerato",Particular,3
2023-2024 Inicio,08H00580,UNIDAD EDUCATIVA   MUISNE,ESMERALDAS,8,MUISNE,803,"Educación General Básica, Bachillerato y Ofertas Intensivas",Fiscal,145
2023-2024 Inicio,08H00094,UNIDAD EDUCATIVA   NELSON ORTIZ STEFANUTO,ESMERALDAS,8,ESMERALDAS,801,"Educación Inicial, Educación General Básica y Bachillerato",Fiscal,40
2023-2024 Inicio,13H02048,UNIDAD EDUCATIVA   PEDRO PABLO GOMEZ,MANABI,13,JIPIJAPA,1306,Educación General Básica y Bachillerato,Fiscal,22
2023-2024 Inicio,08H00412,UNIDAD EDUCATIVA   WALTER QUIÑONEZ SEVILLA,ESMERALDAS,8,ESMERALDAS,801,"Educación Inicial, Educación General Básica y Bachillerato",Fiscal,190
2023-2024 Inicio,09H05531,"UNIDAD EDUCATIVA  ""DR FRANCISCO ARIZAGA LUQUE""",GUAYAS,9,GUAYAQUIL,901,Educación General Básica y Bachillerato,Fiscal,145
2023-2024 Inicio,08H01119,UNIDAD EDUCATIVA  15 DE AGOSTO,ESMERALDAS,8,QUININDE,804,"Educación Inicial, Educación General Básica, Bachillerato y Ofertas Intensivas",Fiscal,39
2023-2024 Inicio,08H00391,UNIDAD EDUCATIVA  15 DE MARZO,ESMERALDAS,8,ESMERALDAS,801,"Educación Inicial, Educación General Básica y Bachillerato",Fiscal,35
2023-2024 Inicio,05H00617,UNIDAD EDUCATIVA  19 DE SEPTIEMBRE,COTOPAXI,5,SALCEDO,505,"Educación Inicial, Educación General Básica y Bachillerato",Fiscal,215
2023-2024 Inicio,08H00804,UNIDAD EDUCATIVA  24 DE MAYO,ESMERALDAS,8,QUININDE,804,"Educación Inicial, Educación General Básica y Bachillerato",Fiscal,30
2023-2024 Inicio,14H00277,UNIDAD EDUCATIVA  24 DE MAYO,MORONA SANTIAGO,14,SANTIAGO,1405,"Educación Inicial, Educación General Básica, Bachillerato y Ofertas Intensivas",Fiscal,29
2023-2024 Inicio,09H03791,UNIDAD EDUCATIVA  29 DE SEPTIEMBRE,GUAYAS,9,EL EMPALME,908,"Educación Inicial, Educación General Básica y Bachillerato",Fiscal,126
2023-2024 Inicio,02H00493,UNIDAD EDUCATIVA  5 DE OCTUBRE,BOLIVAR,2,ECHEANDIA,204,"Educación Inicial, Educación General Básica y Bachillerato",Fiscal,89
2023-2024 Inicio,21H00417,UNIDAD EDUCATIVA  8 DE MARZO,SUCUMBIOS,21,PUTUMAYO,2103,Educación General Básica y Bachillerato,Fiscal,70
2023-2024 Inicio,12H00139,UNIDAD EDUCATIVA  ABDON CALDERON MUÑOZ,LOS RIOS,12,BABAHOYO,1201,"Educación Inicial, Educación General Básica y Bachillerato",Fiscal,18
2023-2024 Inicio,12H00718,UNIDAD EDUCATIVA  AMERICA,LOS RIOS,12,QUEVEDO,1205,"Educación Inicial, Educación General Básica y Bachillerato",Particular,116
2023-2024 Inicio,08H00811,UNIDAD EDUCATIVA  ANDRES F CORDOVA,ESMERALDAS,8,QUININDE,804,"Educación Inicial, Educación General Básica y Bachillerato",Fiscal,54
2023-2024 Inicio,03H00207,UNIDAD EDUCATIVA  ANDRES GURITAVE,CAÑAR,3,AZOGUES,301,Educación General Básica y Bachillerato,Fiscal,29
2023-2024 Inicio,08H01384,UNIDAD EDUCATIVA  ARMENGOL LARA VALENCIA,ESMERALDAS,8,RIOVERDE,807,"Educación Inicial, Educación General Básica y Bachillerato",Fiscal,44
2023-2024 Inicio,08H01275,UNIDAD EDUCATIVA  ATACAMES,ESMERALDAS,8,ATACAMES,806,"Educación Inicial, Educación General Básica y Bachillerato",Fiscal,272
2023-2024 Inicio,06H00326,UNIDAD EDUCATIVA  AUTACHI,CHIMBORAZO,6,RIOBAMBA,601,"Educación Inicial, Educación General Básica y Bachillerato",Fiscal,6
2023-2024 Inicio,24H00260,UNIDAD EDUCATIVA  AYANGUE,SANTA ELENA,24,SANTA ELENA,2401,"Educación Inicial, Educación General Básica y Bachillerato",Fiscal,21
2023-2024 Inicio,06H01094,UNIDAD EDUCATIVA  BATZACÓN,CHIMBORAZO,6,GUANO,607,"Educación Inicial, Educación General Básica y Bachillerato",Fiscal,13
2023-2024 Inicio,17H01739,"UNIDAD EDUCATIVA  BILINGÜE ""SEK - LOS VALLES""",PICHINCHA,17,QUITO,1701,"Educación Inicial, Educación General Básica y Bachillerato",Particular,27
2023-2024 Inicio,17H01755,UNIDAD EDUCATIVA  BILINGÜE MENOR SAN FRANCISCO DE QUITO,PICHINCHA,17,QUITO,1701,"Educación Inicial, Educación General Básica y Bachillerato",Particular,116
2023-2024 Inicio,13H00783,UNIDAD EDUCATIVA  BOLIVAR,MANABI,13,BOLIVAR,1302,"Educación Inicial, Educación General Básica, Bachillerato y Ofertas Intensivas",Fiscal,31
2023-2024 Inicio,13H04196,UNIDAD EDUCATIVA  BRASIL LEONIDAS GARCIA,MANABI,13,JAMA,1320,"Educación General Básica, Bachillerato y Ofertas Intensivas",Fiscal,75
2023-2024 Inicio,02H00659,UNIDAD EDUCATIVA  CALUMA,BOLIVAR,2,CALUMA,206,Educación General Básica y Bachillerato,Fiscal,301
2023-2024 Inicio,09H00327,UNIDAD EDUCATIVA  CARLOS ARMANDO ROMERO RODAS,GUAYAS,9,GUAYAQUIL,901,"Educación Inicial, Educación General Básica y Bachillerato",Fiscal,113
2023-2024 Inicio,08H01120,UNIDAD EDUCATIVA  CARLOS CUEVA TAMARIZ,ESMERALDAS,8,QUININDE,804,"Educación Inicial, Educación General Básica y Bachillerato",Fiscal,5
2023-2024 Inicio,06H01238,UNIDAD EDUCATIVA  CARLOS MARIA DE  LA CONDAMINE,CHIMBORAZO,6,PALLATANGA,608,"Educación Inicial, Educación General Básica y Bachillerato",Fiscal,68
2023-2024 Inicio,05H00114,UNIDAD EDUCATIVA  CATORCE DE JULIO   JUAN ABEL  ECHEVERRIA,COTOPAXI,5,LATACUNGA,501,"Educación Inicial, Educación General Básica y Bachillerato",Fiscal,53
2023-2024 Inicio,07H00550,UNIDAD EDUCATIVA  CHILLA,EL ORO,7,CHILLA,705,"Educación Inicial, Educación General Básica y Bachillerato",Fiscal,25
2023-2024 Inicio,08H01369,UNIDAD EDUCATIVA  CHONTADURO,ESMERALDAS,8,RIOVERDE,807,"Educación Inicial, Educación General Básica, Bachillerato y Ofertas Intensivas",Fiscal,16
2023-2024 Inicio,08H00815,UNIDAD EDUCATIVA  CIUDAD DE GUARANDA,ESMERALDAS,8,QUININDE,804,Educación General Básica y Bachillerato,Fiscal,22
2023-2024 Inicio,07H00320,UNIDAD EDUCATIVA  CIUDAD DE MACHALA,EL ORO,7,MACHALA,701,"Educación Inicial, Educación General Básica y Bachillerato",Fiscal,100
2023-2024 Inicio,06H00145,UNIDAD EDUCATIVA  COMBATIENTES DE TAPI,CHIMBORAZO,6,RIOBAMBA,601,Educación General Básica y Bachillerato,Fiscal,158
2023-2024 Inicio,17B00058,UNIDAD EDUCATIVA  COMUNITARIA INTERCULTURAL BILINGÜE AMAWTA RIKCHARI,PICHINCHA,17,QUITO,1701,"Educación Inicial, Educación General Básica y Bachillerato",Fiscal,5
2023-2024 Inicio,14B00261,UNIDAD EDUCATIVA  COMUNITARIA INTERCULTURAL BILINGUE KAMIJIU,MORONA SANTIAGO,14,TAISHA,1409,Educación General Básica y Bachillerato,Fiscal,9
2023-2024 Inicio,01B00054,UNIDAD EDUCATIVA  COMUNITARIA INTERCULTURAL BILINGUE SHIÑA,AZUAY,1,NABON,104,"Educación Inicial, Educación General Básica y Bachillerato",Fiscal,29
2023-2024 Inicio,14B00092,UNIDAD EDUCATIVA  CORDILLERA DEL  CONDOR,MORONA SANTIAGO,14,LIMON INDANZA,1403,"Educación Inicial, Educación General Básica y Bachillerato",Fiscal,12
2023-2024 Inicio,18H00518,UNIDAD EDUCATIVA  COTALO,TUNGURAHUA,18,SAN PEDRO DE PELILEO,1807,"Educación Inicial, Educación General Básica y Bachillerato",Fiscal,28
2023-2024 Inicio,12H00145,UNIDAD EDUCATIVA  DARIO C GUEVARA,LOS RIOS,12,BABAHOYO,1201,"Educación Inicial, Educación General Básica y Bachillerato",Fiscal,49
2023-2024 Inicio,08H00241,UNIDAD EDUCATIVA  DEL MILENIO CHINCA,ESMERALDAS,8,ESMERALDAS,801,"Educación Inicial, Educación General Básica y Bachillerato",Fiscal,83
2023-2024 Inicio,09H05500,UNIDAD EDUCATIVA  DEL MILENIO DR ALFREDO RAUL VERA VERA,GUAYAS,9,GUAYAQUIL,901,"Educación Inicial, Educación General Básica y Bachillerato",Fiscal,226
2023-2024 Inicio,08H01433,UNIDAD EDUCATIVA  DEL MILENIO PROFESORA CONSUELO BENAVIDES,ESMERALDAS,8,SAN LORENZO,805,"Educación Inicial, Educación General Básica y Bachillerato",Fiscal,55
2023-2024 Inicio,02H00219,UNIDAD EDUCATIVA  DIEGO DE ALMAGRO,BOLIVAR,2,GUARANDA,201,"Educación Inicial, Educación General Básica y Bachillerato",Fiscal,111
2023-2024 Inicio,08H00187,UNIDAD EDUCATIVA  DR  LUIS PRADO VITERI,ESMERALDAS,8,ESMERALDAS,801,"Educación Inicial, Educación General Básica y Bachillerato",Fiscal,36
2023-2024 Inicio,11H00465,UNIDAD EDUCATIVA  DR BALTAZAR AGUIRRE,LOJA,11,LOJA,1101,"Educación Inicial, Educación General Básica y Bachillerato",Fiscal,29
2023-2024 Inicio,24H00161,UNIDAD EDUCATIVA  DR EMILIANO CRESPO TORAL,SANTA ELENA,24,SANTA ELENA,2401,"Educación General Básica, Bachillerato y Ofertas Intensivas",Fiscal,63
2023-2024 Inicio,12H01102,UNIDAD EDUCATIVA  DR JAIME ROLDOS AGUILERA,LOS RIOS,12,VENTANAS,1207,"Educación Inicial, Educación General Básica y Bachillerato",Particular,36
2023-2024 Inicio,07H00574,UNIDAD EDUCATIVA  DR JOSE MARIA VELASCO IBARRA,EL ORO,7,EL GUABO,706,"Educación Inicial, Educación General Básica, Bachillerato y Ofertas Intensivas",Fiscal,277
2023-2024 Inicio,05H00213,UNIDAD EDUCATIVA  DR MARIO MALDONADO,COTOPAXI,5,LATACUNGA,501,Educación General Básica y Bachillerato,Fiscal,3
2023-2024 Inicio,09H00093,UNIDAD EDUCATIVA  DR RAFAEL GARCIA GOYENA,GUAYAS,9,GUAYAQUIL,901,"Educación Inicial, Educación General Básica y Bachillerato",Fiscal,191
2023-2024 Inicio,08H00400,UNIDAD EDUCATIVA  EDILFO BENNETT ANGULO,ESMERALDAS,8,ESMERALDAS,801,"Educación Inicial, Educación General Básica y Bachillerato",Fiscal,42
2023-2024 Inicio,06H00168,UNIDAD EDUCATIVA  EL DESPERTAR,CHIMBORAZO,6,RIOBAMBA,601,"Educación Inicial, Educación General Básica y Bachillerato",Particular,25
2023-2024 Inicio,06H00602,UNIDAD EDUCATIVA  ELOY ALFARO,CHIMBORAZO,6,ALAUSI,602,"Educación Inicial, Educación General Básica y Bachillerato",Fiscal,19
2023-2024 Inicio,11H00370,UNIDAD EDUCATIVA  ELVIA BÉLGICA JIMÉNEZ DE GONZÁLEZ,LOJA,11,LOJA,1101,"Educación Inicial, Educación General Básica y Bachillerato",Fiscal,16
2023-2024 Inicio,18H00065,UNIDAD EDUCATIVA  EMANUEL,TUNGURAHUA,18,AMBATO,1801,"Educación Inicial, Educación General Básica y Bachillerato",Particular,17
2023-2024 Inicio,07H00332,UNIDAD EDUCATIVA  ENRIQUE MORA SARES,EL ORO,7,MACHALA,701,"Educación Inicial, Educación General Básica y Bachillerato",Fiscal,69
2023-2024 Inicio,08H01558,UNIDAD EDUCATIVA  EUGENIO CHUZING ALDAZ,ESMERALDAS,8,RIOVERDE,807,"Educación Inicial, Educación General Básica y Bachillerato",Fiscal,16
2023-2024 Inicio,08H00080,UNIDAD EDUCATIVA  FAUSTO MOLINA,ESMERALDAS,8,ESMERALDAS,801,"Educación Inicial, Educación General Básica y Bachillerato",Fiscal,101
2023-2024 Inicio,05H00240,UNIDAD EDUCATIVA  FEDERACIÓN DEPORTIVA DE COTOPAXI,COTOPAXI,5,LA MANA,502,"Educación Inicial, Educación General Básica y Bachillerato",Fiscal,174
2023-2024 Inicio,09H01098,UNIDAD EDUCATIVA  FISCAL 26 DE NOVIEMBRE,GUAYAS,9,GUAYAQUIL,901,"Educación General Básica, Bachillerato y Ofertas Intensivas",Fiscal,126
2023-2024 Inicio,09H01803,UNIDAD EDUCATIVA  FISCAL ADALBERTO ORTIZ QUIÑONEZ,GUAYAS,9,GUAYAQUIL,901,"Educación Inicial, Educación General Básica, Bachillerato y Ofertas Intensivas",Fiscal,164
2023-2024 Inicio,09H05745,UNIDAD EDUCATIVA  FISCAL ALEJANDRO JATIVA MARTINEZ,GUAYAS,9,GUAYAQUIL,901,"Educación Inicial, Educación General Básica y Bachillerato",Fiscal,98
2023-2024 Inicio,09H05983,UNIDAD EDUCATIVA  FISCAL BERNARDITA CORREA DELGADO,GUAYAS,9,GUAYAQUIL,901,"Educación Inicial, Educación General Básica y Bachillerato",Fiscal,90
2023-2024 Inicio,17H01367,UNIDAD EDUCATIVA  FISCAL FUERZA AEREA ECUATORIANA N1,PICHINCHA,17,QUITO,1701,Educación General Básica y Bachillerato,Fiscal,160
2023-2024 Inicio,09H05712,UNIDAD EDUCATIVA  FISCAL JULIO ESTRADA ICAZA,GUAYAS,9,GUAYAQUIL,901,"Educación Inicial, Educación General Básica y Bachillerato",Fiscal,112
2023-2024 Inicio,13H02711,UNIDAD EDUCATIVA  FISCAL MIGUEL ANGEL TORRES LUNA,MANABI,13,MONTECRISTI,1309,"Educación Inicial, Educación General Básica y Bachillerato",Fiscal,18
2023-2024 Inicio,05H00147,UNIDAD EDUCATIVA  FISCAL PATRIA,COTOPAXI,5,LATACUNGA,501,Educación General Básica y Bachillerato,Fiscal,76
2023-2024 Inicio,09H05461,UNIDAD EDUCATIVA  FISCAL TRANSITO AMAGUAÑA,GUAYAS,9,GUAYAQUIL,901,"Educación Inicial, Educación General Básica y Bachillerato",Fiscal,385
2023-2024 Inicio,09H01182,UNIDAD EDUCATIVA  FISCAL VIOLETA LUNA CARRERA,GUAYAS,9,GUAYAQUIL,901,"Educación Inicial, Educación General Básica y Bachillerato",Fiscal,142
2023-2024 Inicio,08H01199,UNIDAD EDUCATIVA  FISCOMISIONAL 10 DE AGOSTO,ESMERALDAS,8,SAN LORENZO,805,"Educación Inicial, Educación General Básica y Bachillerato",Fiscomisional,103
2023-2024 Inicio,13H02443,UNIDAD EDUCATIVA  FISCOMISIONAL JOSE DE ANCHIETA FE Y ALEGRIA NO 3,MANABI,13,MANTA,1308,"Educación Inicial, Educación General Básica y Bachillerato",Fiscomisional,151
2023-2024 Inicio,11H01836,UNIDAD EDUCATIVA  FISCOMISIONAL JULIO ERNESTO CELI,LOJA,11,ESPINDOLA,1106,Educación General Básica y Bachillerato,Fiscomisional,29
2023-2024 Inicio,14H00324,UNIDAD EDUCATIVA  FISCOMISIONAL RIO UPANO,MORONA SANTIAGO,14,SUCUA,1406,"Educación Inicial, Educación General Básica y Bachillerato",Fiscomisional,111
2023-2024 Inicio,01H00475,UNIDAD EDUCATIVA  FISCOMISIONAL TECNICO SALESIANO,AZUAY,1,CUENCA,101,Educación General Básica y Bachillerato,Fiscomisional,384
2023-2024 Inicio,11H01444,UNIDAD EDUCATIVA  FRANCISCO CAMPOS,LOJA,11,SARAGURO,1111,"Educación Inicial, Educación General Básica y Bachillerato",Fiscal,9
2023-2024 Inicio,06H00061,UNIDAD EDUCATIVA  GEORGE WASHINGTON,CHIMBORAZO,6,RIOBAMBA,601,"Educación Inicial, Educación General Básica y Bachillerato",Particular,6
2023-2024 Inicio,12H00435,UNIDAD EDUCATIVA  GUARE,LOS RIOS,12,BABA,1202,Educación General Básica y Bachillerato,Fiscal,23
2023-2024 Inicio,05H00318,UNIDAD EDUCATIVA  GUASAGANDA,COTOPAXI,5,LA MANA,502,"Educación Inicial, Educación General Básica y Bachillerato",Fiscal,57
2023-2024 Inicio,07H00289,UNIDAD EDUCATIVA  HÉROES DE JAMBELÍ,EL ORO,7,MACHALA,701,"Educación Inicial, Educación General Básica y Bachillerato",Fiscal,17
2023-2024 Inicio,09H04202,UNIDAD EDUCATIVA  IBRAILA WONSANG DE ASAN,GUAYAS,9,MILAGRO,910,"Educación Inicial, Educación General Básica y Bachillerato",Particular,41
2023-2024 Inicio,03H00439,UNIDAD EDUCATIVA  INGAPIRCA,CAÑAR,3,CAÑAR,303,Educación General Básica y Bachillerato,Fiscal,35
2023-2024 Inicio,06B00106,UNIDAD EDUCATIVA  INTERCULTURAL BILINGUE CHIMBORAZO,CHIMBORAZO,6,RIOBAMBA,601,"Educación Inicial, Educación General Básica y Bachillerato",Fiscal,9
2023-2024 Inicio,06B00096,UNIDAD EDUCATIVA  INTERCULTURAL BILINGUE INTERANDINA,CHIMBORAZO,6,RIOBAMBA,601,"Educación Inicial, Educación General Básica y Bachillerato",Fiscal,4
2023-2024 Inicio,18B00008,UNIDAD EDUCATIVA  INTERCULTURAL BILINGÜE LUIS CHIRIBOGA,TUNGURAHUA,18,AMBATO,1801,"Educación Inicial, Educación General Básica y Bachillerato",Fiscal,11
2023-2024 Inicio,06B00072,UNIDAD EDUCATIVA  INTERCULTURAL BILINGUE SANGAY,CHIMBORAZO,6,RIOBAMBA,601,Educación General Básica y Bachillerato,Fiscal,11
2023-2024 Inicio,06B00020,UNIDAD EDUCATIVA  INTERCULTURAL BILINGUE SHIRY CACHA,CHIMBORAZO,6,RIOBAMBA,601,"Educación Inicial, Educación General Básica y Bachillerato",Fiscal,15
2023-2024 Inicio,06H00232,UNIDAD EDUCATIVA  ISABEL DE GODIN,CHIMBORAZO,6,RIOBAMBA,601,"Educación Inicial, Educación General Básica y Bachillerato",Fiscal,276
2023-2024 Inicio,05H00781,UNIDAD EDUCATIVA  ISINLIVI,COTOPAXI,5,SIGCHOS,507,"Educación Inicial, Educación General Básica y Bachillerato",Fiscal,13
2023-2024 Inicio,10H00410,UNIDAD EDUCATIVA  JACINTO COLLAHUAZO,IMBABURA,10,OTAVALO,1004,"Educación Inicial, Educación General Básica y Bachillerato",Fiscal,299
2023-2024 Inicio,13H04195,UNIDAD EDUCATIVA  JAMA,MANABI,13,JAMA,1320,"Educación Inicial, Educación General Básica y Bachillerato",Fiscal,109
2023-2024 Inicio,17H00926,UNIDAD EDUCATIVA  JORGE CRUZ POLANCO,PICHINCHA,17,QUITO,1701,"Educación Inicial, Educación General Básica y Bachillerato",Particular,15
2023-2024 Inicio,13H02136,UNIDAD EDUCATIVA  JUAN ANTONIO VERGARA,MANABI,13,JUNIN,1307,"Educación Inicial, Educación General Básica y Bachillerato",Fiscal,57
2023-2024 Inicio,08H00276,UNIDAD EDUCATIVA  JUAN MONTALVO,ESMERALDAS,8,RIOVERDE,807,"Educación Inicial, Educación General Básica, Bachillerato y Ofertas Intensivas",Fiscal,60
2023-2024 Inicio,13H04021,UNIDAD EDUCATIVA  JUAN MONTALVO,MANABI,13,PEDERNALES,1317,"Educación Inicial, Educación General Básica y Bachillerato",Fiscal,42
2023-2024 Inicio,02H00137,UNIDAD EDUCATIVA  LA PALMA,BOLIVAR,2,GUARANDA,201,Educación General Básica y Bachillerato,Fiscal,9
2023-2024 Inicio,08H01276,UNIDAD EDUCATIVA  LCDA AGUEDA GONZALEZ QUIÑONEZ,ESMERALDAS,8,ATACAMES,806,"Educación Inicial, Educación General Básica y Bachillerato",Fiscal,169
2023-2024 Inicio,06H00130,UNIDAD EDUCATIVA  LEONARDO DA VINCI,CHIMBORAZO,6,RIOBAMBA,601,"Educación Inicial, Educación General Básica y Bachillerato",Particular,7
2023-2024 Inicio,08H00542,UNIDAD EDUCATIVA  LEOPOLDO N CHAVEZ,ESMERALDAS,8,ELOY ALFARO,802,"Educación Inicial, Educación General Básica y Bachillerato",Fiscal,25
2023-2024 Inicio,11H01709,UNIDAD EDUCATIVA  LIC  MIGUEL ANTOLIANO SALINAS JARAMILLO,LOJA,11,QUILANGA,1115,"Educación Inicial, Educación General Básica y Bachillerato",Fiscal,8
2023-2024 Inicio,06H00110,UNIDAD EDUCATIVA  LICEO POLICIAL CHIMBORAZO,CHIMBORAZO,6,RIOBAMBA,601,"Educación Inicial, Educación General Básica y Bachillerato",Fiscal,48
2023-2024 Inicio,20H00027,UNIDAD EDUCATIVA  LOMA LINDA,GALAPAGOS,20,SANTA CRUZ,2003,"Educación Inicial, Educación General Básica y Bachillerato",Particular,12
2023-2024 Inicio,18H00026,UNIDAD EDUCATIVA  LUIS A  MARTINEZ,TUNGURAHUA,18,AMBATO,1801,"Educación Inicial, Educación General Básica y Bachillerato",Fiscal,115
2023-2024 Inicio,08H01448,UNIDAD EDUCATIVA  LUIS VARGAS TORRES,ESMERALDAS,8,ESMERALDAS,801,"Educación Inicial, Educación General Básica y Bachillerato",Fiscal,121
2023-2024 Inicio,11H01239,UNIDAD EDUCATIVA  MANUEL  JOSE  JARAMILLO,LOJA,11,PALTAS,1109,"Educación Inicial, Educación General Básica y Bachillerato",Fiscal,10
2023-2024 Inicio,03H00530,UNIDAD EDUCATIVA  MANUEL DE  J CALLE,CAÑAR,3,LA TRONCAL,304,"Educación Inicial, Educación General Básica y Bachillerato",Fiscal,45
2023-2024 Inicio,03H00166,UNIDAD EDUCATIVA  MANUEL SEGUNDO ORMAZA BRIONES,CAÑAR,3,AZOGUES,301,Educación General Básica y Bachillerato,Fiscal,12
2023-2024 Inicio,08H00073,UNIDAD EDUCATIVA  MARGARITA CORTES,ESMERALDAS,8,ESMERALDAS,801,"Educación Inicial, Educación General Básica y Bachillerato",Fiscal,198
2023-2024 Inicio,11H00473,UNIDAD EDUCATIVA  MARIA AUXILIADORA,LOJA,11,CALVAS,1102,"Educación Inicial, Educación General Básica y Bachillerato",Fiscomisional,49
2023-2024 Inicio,11H00283,UNIDAD EDUCATIVA  MARIETA DE VEINTIMILLA,LOJA,11,LOJA,1101,"Educación Inicial, Educación General Básica y Bachillerato",Fiscal,61
2023-2024 Inicio,18H00036,UNIDAD EDUCATIVA  MARIO COBO BARONA,TUNGURAHUA,18,AMBATO,1801,"Educación Inicial, Educación General Básica y Bachillerato",Fiscal,304
2023-2024 Inicio,05H00679,UNIDAD EDUCATIVA  MARISCAL ANTONIO JOSE DE SUCRE,COTOPAXI,5,SAQUISILI,506,"Educación Inicial, Educación General Básica y Bachillerato",Fiscal,52
2023-2024 Inicio,06H00166,UNIDAD EDUCATIVA  MIGUEL ANGEL LEON PONTON,CHIMBORAZO,6,RIOBAMBA,601,"Educación Inicial, Educación General Básica y Bachillerato",Fiscal,235
2023-2024 Inicio,05H00413,UNIDAD EDUCATIVA  MORASPUNGO,COTOPAXI,5,PANGUA,503,"Educación General Básica, Bachillerato y Ofertas Intensivas",Fiscal,134
2023-2024 Inicio,17H01031,UNIDAD EDUCATIVA  MUNICIPAL JUAN WISNETH,PICHINCHA,17,QUITO,1701,Bachillerato y Ofertas Intensivas,Municipal,56
2023-2024 Inicio,01H01085,UNIDAD EDUCATIVA  NABON,AZUAY,1,NABON,104,"Educación Inicial, Educación General Básica y Bachillerato",Fiscal,82
2023-2024 Inicio,14H00169,UNIDAD EDUCATIVA  NUEVA TARQUI,MORONA SANTIAGO,14,GUALAQUIZA,1402,"Educación Inicial, Educación General Básica y Bachillerato",Fiscal,10
2023-2024 Inicio,01H01441,UNIDAD EDUCATIVA  OÑA,AZUAY,1,OÑA,110,"Educación Inicial, Educación General Básica y Bachillerato",Fiscal,56
2023-2024 Inicio,05H00350,UNIDAD EDUCATIVA  PANGUA,COTOPAXI,5,PANGUA,503,Educación General Básica y Bachillerato,Fiscal,84
2023-2024 Inicio,05H00629,UNIDAD EDUCATIVA  PAPAHURCO,COTOPAXI,5,SALCEDO,505,"Educación Inicial, Educación General Básica y Bachillerato",Fiscal,14
2023-2024 Inicio,13H02750,UNIDAD EDUCATIVA  PARTICULAR  RUBEN DARIO,MANABI,13,MONTECRISTI,1309,"Educación Inicial, Educación General Básica y Bachillerato",Particular,5
2023-2024 Inicio,17H01019,UNIDAD EDUCATIVA  PARTICULAR ANDINO,PICHINCHA,17,QUITO,1701,"Educación Inicial, Educación General Básica y Bachillerato",Particular,40
2023-2024 Inicio,08H00801,UNIDAD EDUCATIVA  PARTICULAR ANDRÉS BELLO,ESMERALDAS,8,QUININDE,804,"Educación Inicial, Educación General Básica y Bachillerato",Particular,3
2023-2024 Inicio,09H01857,UNIDAD EDUCATIVA  PARTICULAR BILINGÜE ESPIRITU SANTO,GUAYAS,9,GUAYAQUIL,901,"Educación Inicial, Educación General Básica y Bachillerato",Particular,88
2023-2024 Inicio,08H00706,UNIDAD EDUCATIVA  PARTICULAR CATOLICA SAGRADA FAMILIA DE NAZARET,ESMERALDAS,8,QUININDE,804,"Educación Inicial, Educación General Básica y Bachillerato",Particular,39
2023-2024 Inicio,08H00045,UNIDAD EDUCATIVA  PARTICULAR CRISTIANA  DEL SALVADOR,ESMERALDAS,8,ESMERALDAS,801,Educación General Básica y Bachillerato,Particular,12
2023-2024 Inicio,09H00674,UNIDAD EDUCATIVA  PARTICULAR INSTITUTO COELLO,GUAYAS,9,GUAYAQUIL,901,Educación General Básica y Bachillerato,Particular,182
2023-2024 Inicio,01H00451,UNIDAD EDUCATIVA  PARTICULAR INTEGRACION IBEROAMERICANO,AZUAY,1,CUENCA,101,"Educación Inicial, Educación General Básica y Bachillerato",Particular,6
2023-2024 Inicio,23H00755,UNIDAD EDUCATIVA  PARTICULAR JAPON,SANTO DOMINGO DE LOS TSACHILAS,23,SANTO DOMINGO,2301,Educación General Básica y Bachillerato,Particular,31
2023-2024 Inicio,17H01384,UNIDAD EDUCATIVA  PARTICULAR JIM IRWIN,PICHINCHA,17,QUITO,1701,"Educación Inicial, Educación General Básica y Bachillerato",Particular,90
2023-2024 Inicio,07H00571,UNIDAD EDUCATIVA  PARTICULAR JOSE MORA QUIÑONEZ,EL ORO,7,EL GUABO,706,Educación General Básica y Bachillerato,Particular,40
2023-2024 Inicio,09H03727,UNIDAD EDUCATIVA  PARTICULAR LOS ANDES,GUAYAS,9,DURAN,907,"Educación Inicial, Educación General Básica y Bachillerato",Particular,30
2023-2024 Inicio,07H00810,UNIDAD EDUCATIVA  PARTICULAR MARISCAL SUCRE,EL ORO,7,PASAJE,709,"Educación Inicial, Educación General Básica y Bachillerato",Particular,14
2023-2024 Inicio,09H01212,UNIDAD EDUCATIVA  PARTICULAR NUESTRA SEÑORA DEL CARMEN,GUAYAS,9,GUAYAQUIL,901,"Educación Inicial, Educación General Básica y Bachillerato",Particular,45
2023-2024 Inicio,11H00133,UNIDAD EDUCATIVA  PARTICULAR SAN GERARDO,LOJA,11,LOJA,1101,"Educación Inicial, Educación General Básica y Bachillerato",Particular,68
2023-2024 Inicio,09H06045,UNIDAD EDUCATIVA  PARTICULAR STEINER INTERNACIONAL,GUAYAS,9,GUAYAQUIL,901,"Educación Inicial, Educación General Básica y Bachillerato",Particular,34
2023-2024 Inicio,13H02333,UNIDAD EDUCATIVA  PARTICULAR TALENTOS DE MANTA,MANABI,13,MANTA,1308,"Educación Inicial, Educación General Básica y Bachillerato",Particular,47
2023-2024 Inicio,18H00139,UNIDAD EDUCATIVA  PEDRO FERMIN CEVALLOS,TUNGURAHUA,18,AMBATO,1801,"Educación Inicial, Educación General Básica y Bachillerato",Fiscal,177
2023-2024 Inicio,18H00279,UNIDAD EDUCATIVA  PILAHUIN,TUNGURAHUA,18,AMBATO,1801,"Educación Inicial, Educación General Básica y Bachillerato",Fiscal,25
2023-2024 Inicio,18H00201,UNIDAD EDUCATIVA  PIO LOPEZ,TUNGURAHUA,18,AMBATO,1801,"Educación Inicial, Educación General Básica y Bachillerato",Fiscal,18
2023-2024 Inicio,09H00346,UNIDAD EDUCATIVA  PROVINCIA DEL AZUAY,GUAYAS,9,GUAYAQUIL,901,"Educación Inicial, Educación General Básica y Bachillerato",Fiscal,147
2023-2024 Inicio,12H00874,UNIDAD EDUCATIVA  QUEVEDO,LOS RIOS,12,QUEVEDO,1205,"Educación General Básica, Bachillerato y Ofertas Intensivas",Fiscal,560
2023-2024 Inicio,08H00812,UNIDAD EDUCATIVA  QUININDE,ESMERALDAS,8,QUININDE,804,"Educación Inicial, Educación General Básica, Bachillerato y Ofertas Intensivas",Fiscal,106
2023-2024 Inicio,08H00395,UNIDAD EDUCATIVA  RAUL DELGADO GARAY,ESMERALDAS,8,ESMERALDAS,801,"Educación Inicial, Educación General Básica y Bachillerato",Fiscal,21
2023-2024 Inicio,12H02518,UNIDAD EDUCATIVA  REPLICA EUGENIO ESPEJO,LOS RIOS,12,BABAHOYO,1201,"Educación Inicial, Educación General Básica y Bachillerato",Fiscal,96
2023-2024 Inicio,08H00853,UNIDAD EDUCATIVA  REPUBLICA DE CUBA,ESMERALDAS,8,QUININDE,804,"Educación Inicial, Educación General Básica y Bachillerato",Fiscal,28
2023-2024 Inicio,06H00034,UNIDAD EDUCATIVA  RIOBAMBA,CHIMBORAZO,6,RIOBAMBA,601,"Educación Inicial, Educación General Básica y Bachillerato",Fiscal,306
2023-2024 Inicio,11H00861,UNIDAD EDUCATIVA  ROSA HERLINDA GARCIA DE GARCIA,LOJA,11,ESPINDOLA,1106,"Educación Inicial, Educación General Básica y Bachillerato",Fiscal,34
2023-2024 Inicio,12H01708,UNIDAD EDUCATIVA  SAGRADO CORAZÓN DE JESÙS,LOS RIOS,12,BUENA FE,1210,Educación General Básica y Bachillerato,Fiscomisional,32
2023-2024 Inicio,12H01720,UNIDAD EDUCATIVA  SAN FRANCISCO DE ASIS,LOS RIOS,12,VALENCIA,1211,"Educación Inicial, Educación General Básica y Bachillerato",Particular,15
2023-2024 Inicio,05H00801,UNIDAD EDUCATIVA  SAN FRANCISCO DE LAS PAMPAS,COTOPAXI,5,SIGCHOS,507,"Educación Inicial, Educación General Básica y Bachillerato",Fiscal,35
2023-2024 Inicio,08H00620,UNIDAD EDUCATIVA  SAN FRANCISCO DEL CABO,ESMERALDAS,8,MUISNE,803,"Educación Inicial, Educación General Básica y Bachillerato",Fiscal,41
2023-2024 Inicio,10B00105,UNIDAD EDUCATIVA  SAN JUAN DE ILUMAN,IMBABURA,10,OTAVALO,1004,"Educación Inicial, Educación General Básica, Bachillerato y Ofertas Intensivas",Fiscal,42
2023-2024 Inicio,06H00237,UNIDAD EDUCATIVA  SANTO TOMAS APOSTOL,CHIMBORAZO,6,RIOBAMBA,601,Educación General Básica y Bachillerato,Fiscomisional,178
2023-2024 Inicio,05H00683,UNIDAD EDUCATIVA  SAQUISILI,COTOPAXI,5,SAQUISILI,506,"Educación General Básica, Bachillerato y Ofertas Intensivas",Fiscal,203
2023-2024 Inicio,08H00995,UNIDAD EDUCATIVA  SERAFINA QUINTERO,ESMERALDAS,8,QUININDE,804,"Educación Inicial, Educación General Básica, Bachillerato y Ofertas Intensivas",Fiscal,16
2023-2024 Inicio,14H00081,UNIDAD EDUCATIVA  SINAI,MORONA SANTIAGO,14,MORONA,1401,"Educación Inicial, Educación General Básica y Bachillerato",Fiscal,10
2023-2024 Inicio,06H01341,UNIDAD EDUCATIVA  SULTANA DE LOS ANDES,CHIMBORAZO,6,CUMANDA,610,"Educación Inicial, Educación General Básica y Bachillerato",Fiscal,65
2023-2024 Inicio,01H01445,UNIDAD EDUCATIVA  SUSUDEL,AZUAY,1,OÑA,110,"Educación Inicial, Educación General Básica y Bachillerato",Fiscal,11
2023-2024 Inicio,13H04783,UNIDAD EDUCATIVA  TABUGA,MANABI,13,JAMA,1320,"Educación Inicial, Educación General Básica y Bachillerato",Fiscal,20
2023-2024 Inicio,09H04028,UNIDAD EDUCATIVA  TECNOMUNDO,GUAYAS,9,EL TRIUNFO,909,"Educación Inicial, Educación General Básica y Bachillerato",Particular,29
2023-2024 Inicio,09H00135,UNIDAD EDUCATIVA  TEODORO MALDONADO CARBO,GUAYAS,9,GUAYAQUIL,901,"Educación General Básica, Bachillerato y Ofertas Intensivas",Fiscal,135
2023-2024 Inicio,17H01721,UNIDAD EDUCATIVA  THOMAS JEFFERSON,PICHINCHA,17,QUITO,1701,"Educación Inicial, Educación General Básica y Bachillerato",Particular,18
2023-2024 Inicio,13H02170,UNIDAD EDUCATIVA  VEINTICUATRO DE MAYO,MANABI,13,MANTA,1308,"Educación Inicial, Educación General Básica y Bachillerato",Particular,95
2023-2024 Inicio,05H00091,UNIDAD EDUCATIVA  VICENTE LEON,COTOPAXI,5,LATACUNGA,501,"Educación Inicial, Educación General Básica, Bachillerato y Ofertas Intensivas",Fiscal,208
2023-2024 Inicio,08H00900,"UNIDAD EDUCATIVA ""10 DE OCTUBRE""",ESMERALDAS,8,QUININDE,804,Educación General Básica y Bachillerato,Fiscal,7
2023-2024 Inicio,10H00545,UNIDAD EDUCATIVA CAHUASQUI,IMBABURA,10,SAN MIGUEL DE URCUQUI,1006,"Educación Inicial, Educación General Básica y Bachillerato",Fiscal,20
2023-2024 Inicio,13H05362,UNIDAD EDUCATIVA DR MANUEL BENJAMIN CARRION,MANABI,13,BOLIVAR,1302,"Educación Inicial, Educación General Básica y Bachillerato",Fiscal,12
2023-2024 Inicio,13H05364,UNIDAD EDUCATIVA FRANCISCO ANTONIO DAZA ZAMBRANO,MANABI,13,JUNIN,1307,"Educación Inicial, Educación General Básica y Bachillerato",Fiscal,44
2023-2024 Inicio,13H02427,UNIDAD EDUCATIVA LUCIO  ANNEO SENECA,MANABI,13,MANTA,1308,"Educación Inicial, Educación General Básica y Bachillerato",Particular,28
2023-2024 Inicio,13H05181,UNIDAD EDUCATIVA PEDRO AGUSTIN LOPEZ RAMOS,MANABI,13,PEDERNALES,1317,"Educación Inicial, Educación General Básica y Bachillerato",Fiscal,123
2023-2024 Inicio,08H02403,UNIDAD EDUCATIVA ROSA CEVALLOS,ESMERALDAS,8,MUISNE,803,"Educación Inicial, Educación General Básica y Bachillerato",Fiscal,33
2023-2024 Inicio,13H05365,UNIDAD EDUCATIVA VICENTE ROCAFUERTE,MANABI,13,JUNIN,1307,"Educación Inicial, Educación General Básica y Bachillerato",Fiscal,24
2023-2024 Inicio,06H00774,UNIDAD EDUCATIVA 10 DE AGOSTO,CHIMBORAZO,6,COLTA,603,"Educación Inicial, Educación General Básica y Bachillerato",Fiscal,5
2023-2024 Inicio,02H00496,UNIDAD EDUCATIVA 10 DE ENERO,BOLIVAR,2,SAN MIGUEL,205,Educación General Básica y Bachillerato,Fiscal,121
2023-2024 Inicio,02H00128,UNIDAD EDUCATIVA 10 DE NOVIEMBRE,BOLIVAR,2,GUARANDA,201,"Educación General Básica, Bachillerato y Ofertas Intensivas",Fiscal,37
2023-2024 Inicio,08H00221,UNIDAD EDUCATIVA 10 DE SEPTIEMBRE,ESMERALDAS,8,ESMERALDAS,801,"Educación Inicial, Educación General Básica y Bachillerato",Fiscal,32
2023-2024 Inicio,21H00543,UNIDAD EDUCATIVA 11 DE JULIO,SUCUMBIOS,21,SHUSHUFINDI,2104,"Educación Inicial, Educación General Básica y Bachillerato",Fiscal,112
2023-2024 Inicio,17H03641,UNIDAD EDUCATIVA 11 DE NOVIEMBRE,PICHINCHA,17,MEJIA,1703,"Educación Inicial, Educación General Básica y Bachillerato",Fiscal,104
2023-2024 Inicio,12H00987,UNIDAD EDUCATIVA 11 DE OCTUBRE,LOS RIOS,12,URDANETA,1206,"Educación General Básica, Bachillerato y Ofertas Intensivas",Fiscal,212
2023-2024 Inicio,08H00695,UNIDAD EDUCATIVA 12 DE ENERO,ESMERALDAS,8,QUININDE,804,"Educación Inicial, Educación General Básica y Bachillerato",Fiscal,29
2023-2024 Inicio,14H00453,UNIDAD EDUCATIVA 12 DE FEBRERO,MORONA SANTIAGO,14,PABLO SEXTO,1411,"Educación Inicial, Educación General Básica y Bachillerato",Fiscal,54
2023-2024 Inicio,13H04027,UNIDAD EDUCATIVA 12 DE OCTUBRE,MANABI,13,PEDERNALES,1317,"Educación Inicial, Educación General Básica, Bachillerato y Ofertas Intensivas",Fiscal,32
2023-2024 Inicio,12H01423,UNIDAD EDUCATIVA 13 DE ENERO,LOS RIOS,12,VINCES,1208,Educación General Básica y Bachillerato,Fiscal,124
2023-2024 Inicio,07H00954,UNIDAD EDUCATIVA 13 DE MAYO,EL ORO,7,PORTOVELO,711,"Educación Inicial, Educación General Básica y Bachillerato",Fiscal,97
2023-2024 Inicio,13H00788,UNIDAD EDUCATIVA 13 DE OCTUBRE,MANABI,13,BOLIVAR,1302,Educación General Básica y Bachillerato,Fiscal,196
2023-2024 Inicio,23H00661,UNIDAD EDUCATIVA 14 DE ENERO,SANTO DOMINGO DE LOS TSACHILAS,23,SANTO DOMINGO,2301,"Educación Inicial, Educación General Básica y Bachillerato",Fiscal,22
2023-2024 Inicio,05H00550,UNIDAD EDUCATIVA 14 DE OCTUBRE - VICENTE ROCAFUERTE,COTOPAXI,5,PUJILI,504,"Educación Inicial, Educación General Básica y Bachillerato",Fiscal,21
2023-2024 Inicio,06H00687,UNIDAD EDUCATIVA 15 DE AGOSTO,CHIMBORAZO,6,COLTA,603,"Educación Inicial, Educación General Básica y Bachillerato",Fiscal,7
2023-2024 Inicio,03H00031,UNIDAD EDUCATIVA 16 DE ABRIL,CAÑAR,3,AZOGUES,301,"Educación Inicial, Educación General Básica y Bachillerato",Fiscal,76
2023-2024 Inicio,01H01584,UNIDAD EDUCATIVA 16 DE JULIO,AZUAY,1,CAMILO PONCE ENRIQUEZ,115,"Educación Inicial, Educación General Básica y Bachillerato",Fiscal,13
2023-2024 Inicio,12H00468,UNIDAD EDUCATIVA 16 DE JULIO,LOS RIOS,12,BABA,1202,Educación General Básica y Bachillerato,Fiscal,50
2023-2024 Inicio,12H01191,UNIDAD EDUCATIVA 16 DE MAYO,LOS RIOS,12,QUINSALOMA,1213,"Educación General Básica, Bachillerato y Ofertas Intensivas",Fiscal,250
2023-2024 Inicio,08H00431,UNIDAD EDUCATIVA 16 DE OCTUBRE,ESMERALDAS,8,ELOY ALFARO,802,"Educación Inicial, Educación General Básica y Bachillerato",Fiscal,67
2023-2024 Inicio,18H00465,UNIDAD EDUCATIVA 17 DE ABRIL,TUNGURAHUA,18,QUERO,1806,"Educación Inicial, Educación General Básica, Bachillerato y Ofertas Intensivas",Fiscal,179
2023-2024 Inicio,09H03907,UNIDAD EDUCATIVA 17 DE AGOSTO,GUAYAS,9,EL EMPALME,908,Educación General Básica y Bachillerato,Fiscal,28
2023-2024 Inicio,08H00449,UNIDAD EDUCATIVA 17 DE DICIEMBRE,ESMERALDAS,8,ELOY ALFARO,802,"Educación Inicial, Educación General Básica y Bachillerato",Fiscal,20
2023-2024 Inicio,10H00063,UNIDAD EDUCATIVA 17 DE JULIO,IMBABURA,10,IBARRA,1001,"Educación Inicial, Educación General Básica y Bachillerato",Fiscal,221
2023-2024 Inicio,09H04174,UNIDAD EDUCATIVA 17 DE SEPTIEMBRE,GUAYAS,9,MILAGRO,910,"Educación General Básica, Bachillerato y Ofertas Intensivas",Fiscal,411
2023-2024 Inicio,09H05023,UNIDAD EDUCATIVA 19 DE AGOSTO,GUAYAS,9,SAN JACINTO DE YAGUACHI,920,"Educación Inicial, Educación General Básica, Bachillerato y Ofertas Intensivas",Fiscal,86
2023-2024 Inicio,05H01050,UNIDAD EDUCATIVA 19 DE MAYO,COTOPAXI,5,LA MANA,502,Educación General Básica y Bachillerato,Particular,13
2023-2024 Inicio,04H00272,UNIDAD EDUCATIVA 19 DE NOVIEMBRE,CARCHI,4,MIRA,404,"Educación Inicial, Educación General Básica y Bachillerato",Fiscal,25
2023-2024 Inicio,08H00437,UNIDAD EDUCATIVA 2 DE AGOSTO,ESMERALDAS,8,ELOY ALFARO,802,"Educación Inicial, Educación General Básica y Bachillerato",Fiscal,23
2023-2024 Inicio,06H00343,UNIDAD EDUCATIVA 21 DE ABRIL,CHIMBORAZO,6,RIOBAMBA,601,"Educación Inicial, Educación General Básica y Bachillerato",Fiscal,27
2023-2024 Inicio,09H05373,UNIDAD EDUCATIVA 21 DE JULIO,GUAYAS,9,SAN JACINTO DE YAGUACHI,920,"Educación Inicial, Educación General Básica y Bachillerato",Fiscal,367
2023-2024 Inicio,08H00147,UNIDAD EDUCATIVA 21 DE SEPTIEMBRE,ESMERALDAS,8,ESMERALDAS,801,"Educación Inicial, Educación General Básica y Bachillerato",Fiscal,86
2023-2024 Inicio,13H01227,UNIDAD EDUCATIVA 22 DE AGOSTO,MANABI,13,CHONE,1303,"Educación Inicial, Educación General Básica y Bachillerato",Fiscal,52
2023-2024 Inicio,08H02400,UNIDAD EDUCATIVA 22 DE MARZO,ESMERALDAS,8,SAN LORENZO,805,"Educación Inicial, Educación General Básica y Bachillerato",Fiscal,89
2023-2024 Inicio,17H02592,UNIDAD EDUCATIVA 22 DE OCTUBRE,PICHINCHA,17,PUERTO QUITO,1709,"Educación Inicial, Educación General Básica y Bachillerato",Fiscal,35
2023-2024 Inicio,02H00180,UNIDAD EDUCATIVA 23 DE ABRIL,BOLIVAR,2,GUARANDA,201,"Educación Inicial, Educación General Básica y Bachillerato",Fiscal,13
2023-2024 Inicio,12H00388,UNIDAD EDUCATIVA 23 DE JUNIO,LOS RIOS,12,BABA,1202,"Educación General Básica, Bachillerato y Ofertas Intensivas",Fiscal,234
2023-2024 Inicio,17H01877,UNIDAD EDUCATIVA 24 DE JULIO,PICHINCHA,17,QUITO,1701,"Educación Inicial, Educación General Básica y Bachillerato",Fiscal,43
2023-2024 Inicio,01H00647,UNIDAD EDUCATIVA 24 DE MAYO,AZUAY,1,CUENCA,101,"Educación Inicial, Educación General Básica y Bachillerato",Fiscal,6
2023-2024 Inicio,06H00772,UNIDAD EDUCATIVA 24 DE MAYO,CHIMBORAZO,6,COLTA,603,"Educación Inicial, Educación General Básica y Bachillerato",Fiscal,17
2023-2024 Inicio,12H00884,UNIDAD EDUCATIVA 24 DE MAYO,LOS RIOS,12,QUEVEDO,1205,Educación General Básica y Bachillerato,Fiscal,51
2023-2024 Inicio,03H00471,UNIDAD EDUCATIVA 25 DE ENERO,CAÑAR,3,CAÑAR,303,"Educación Inicial, Educación General Básica y Bachillerato",Fiscal,8
2023-2024 Inicio,13H00863,UNIDAD EDUCATIVA 25 DE JULIO,MANABI,13,BOLIVAR,1302,"Educación Inicial, Educación General Básica y Bachillerato",Fiscal,9
2023-2024 Inicio,08H01195,UNIDAD EDUCATIVA 26 DE AGOSTO,ESMERALDAS,8,SAN LORENZO,805,"Educación Inicial, Educación General Básica y Bachillerato",Fiscal,63
2023-2024 Inicio,01H01148,UNIDAD EDUCATIVA 26 DE FEBRERO,AZUAY,1,PAUTE,105,"Educación Inicial, Educación General Básica, Bachillerato y Ofertas Intensivas",Fiscal,202
2023-2024 Inicio,21H00488,UNIDAD EDUCATIVA 26 DE OCTUBRE,SUCUMBIOS,21,SHUSHUFINDI,2104,"Educación Inicial, Educación General Básica y Bachillerato",Fiscal,11
2023-2024 Inicio,09H02943,UNIDAD EDUCATIVA 26 DE SEPTIEMBRE,GUAYAS,9,BALZAR,904,"Educación General Básica, Bachillerato y Ofertas Intensivas",Fiscal,398
2023-2024 Inicio,13H01159,UNIDAD EDUCATIVA 26 DE SEPTIEMBRE,MANABI,13,CHONE,1303,"Educación Inicial, Educación General Básica y Bachillerato",Fiscal,19
2023-2024 Inicio,21H00024,UNIDAD EDUCATIVA 26 DE SEPTIEMBRE,SUCUMBIOS,21,LAGO AGRIO,2101,"Educación Inicial, Educación General Básica y Bachillerato",Fiscal,36
2023-2024 Inicio,09H04860,UNIDAD EDUCATIVA 27 DE NOVIEMBRE,GUAYAS,9,SALITRE,919,"Educación Inicial, Educación General Básica y Bachillerato",Fiscal,140
2023-2024 Inicio,06H00741,UNIDAD EDUCATIVA 28 DE AGOSTO,CHIMBORAZO,6,COLTA,603,"Educación Inicial, Educación General Básica y Bachillerato",Fiscal,12
2023-2024 Inicio,12H00217,UNIDAD EDUCATIVA 29 DE AGOSTO,LOS RIOS,12,BABAHOYO,1201,"Educación General Básica, Bachillerato y Ofertas Intensivas",Fiscal,86
2023-2024 Inicio,11H01194,UNIDAD EDUCATIVA 29 DE MAYO,LOJA,11,PALTAS,1109,Educación General Básica y Bachillerato,Fiscal,6
2023-2024 Inicio,06H01010,UNIDAD EDUCATIVA 29 DE SEPTIEMBRE,CHIMBORAZO,6,GUAMOTE,606,"Educación Inicial, Educación General Básica y Bachillerato",Fiscal,11
2023-2024 Inicio,10H00070,UNIDAD EDUCATIVA 3 DE DICIEMBRE,IMBABURA,10,IBARRA,1001,"Educación Inicial, Educación General Básica y Bachillerato",Fiscal,4
2023-2024 Inicio,05H00380,UNIDAD EDUCATIVA 3 DE NOVIEMBRE,COTOPAXI,5,PANGUA,503,"Educación Inicial, Educación General Básica y Bachillerato",Fiscal,13
2023-2024 Inicio,03H00504,UNIDAD EDUCATIVA 31  DE OCTUBRE,CAÑAR,3,LA TRONCAL,304,"Educación Inicial, Educación General Básica y Bachillerato",Fiscal,96
2023-2024 Inicio,08H01228,UNIDAD EDUCATIVA 4 DE OCTUBRE,ESMERALDAS,8,SAN LORENZO,805,"Educación Inicial, Educación General Básica y Bachillerato",Fiscal,7
2023-2024 Inicio,08H00342,UNIDAD EDUCATIVA 5 DE AGOSTO,ESMERALDAS,8,ESMERALDAS,801,"Educación Inicial, Educación General Básica, Bachillerato y Ofertas Intensivas",Fiscal,205
2023-2024 Inicio,01H01562,UNIDAD EDUCATIVA 5 DE JUNIO,AZUAY,1,CAMILO PONCE ENRIQUEZ,115,"Educación Inicial, Educación General Básica y Bachillerato",Fiscal,26
2023-2024 Inicio,13H01547,UNIDAD EDUCATIVA 5 DE JUNIO,MANABI,13,EL CARMEN,1304,"Educación Inicial, Educación General Básica y Bachillerato",Fiscal,91
2023-2024 Inicio,03H00558,UNIDAD EDUCATIVA 6 DE AGOSTO,CAÑAR,3,LA TRONCAL,304,"Educación Inicial, Educación General Básica y Bachillerato",Fiscal,29
2023-2024 Inicio,13H03531,UNIDAD EDUCATIVA 6 DE DICIEMBRE,MANABI,13,SUCRE,1314,"Educación Inicial, Educación General Básica y Bachillerato",Fiscal,65
2023-2024 Inicio,23H00231,UNIDAD EDUCATIVA 6 DE OCTUBRE,SANTO DOMINGO DE LOS TSACHILAS,23,SANTO DOMINGO,2301,"Educación Inicial, Educación General Básica y Bachillerato",Fiscal,53
2023-2024 Inicio,09H05035,UNIDAD EDUCATIVA 7 DE AGOSTO,GUAYAS,9,SAN JACINTO DE YAGUACHI,920,Educación General Básica y Bachillerato,Municipal,26
2023-2024 Inicio,24H00320,UNIDAD EDUCATIVA 7 DE NOVIEMBRE,SANTA ELENA,24,SALINAS,2403,Educación General Básica y Bachillerato,Particular,4
2023-2024 Inicio,07H01260,UNIDAD EDUCATIVA 7 DE SEPTIEMBRE,EL ORO,7,ZARUMA,713,"Educación Inicial, Educación General Básica y Bachillerato",Fiscal,11
2023-2024 Inicio,02H00543,UNIDAD EDUCATIVA 8 DE  NOVIEMBRE,BOLIVAR,2,SAN MIGUEL,205,"Educación Inicial, Educación General Básica y Bachillerato",Fiscal,29
2023-2024 Inicio,11H00703,UNIDAD EDUCATIVA 8 DE DICIEMBRE,LOJA,11,CATAMAYO,1103,"Educación Inicial, Educación General Básica y Bachillerato",Fiscal,22
2023-2024 Inicio,13H01554,UNIDAD EDUCATIVA 8 DE JUNIO,MANABI,13,EL CARMEN,1304,"Educación Inicial, Educación General Básica y Bachillerato",Fiscal,25
2023-2024 Inicio,07H00386,UNIDAD EDUCATIVA 9 DE MAYO,EL ORO,7,MACHALA,701,"Educación Inicial, Educación General Básica y Bachillerato",Fiscal,34
2023-2024 Inicio,23H00396,UNIDAD EDUCATIVA 9 DE OCTUBRE,SANTO DOMINGO DE LOS TSACHILAS,23,SANTO DOMINGO,2301,"Educación Inicial, Educación General Básica y Bachillerato",Fiscal,144
2023-2024 Inicio,08H00935,UNIDAD EDUCATIVA ABDON CALDERON,ESMERALDAS,8,ELOY ALFARO,802,"Educación Inicial, Educación General Básica y Bachillerato",Fiscal,28
2023-2024 Inicio,12H00786,UNIDAD EDUCATIVA ABDON CALDERON,LOS RIOS,12,QUEVEDO,1205,"Educación Inicial, Educación General Básica y Bachillerato",Particular,82
2023-2024 Inicio,01H00655,UNIDAD EDUCATIVA ABDÓN CALDERÓN,AZUAY,1,CAMILO PONCE ENRIQUEZ,115,"Educación Inicial, Educación General Básica y Bachillerato",Fiscal,55
2023-2024 Inicio,09H04145,UNIDAD EDUCATIVA ABDON CALDERON MUÑOZ,GUAYAS,9,MILAGRO,910,Educación General Básica y Bachillerato,Fiscal,111
2023-2024 Inicio,10H00249,UNIDAD EDUCATIVA ABELARDO MONCAYO,IMBABURA,10,ANTONIO ANTE,1002,"Educación Inicial, Educación General Básica y Bachillerato",Fiscal,182
2023-2024 Inicio,19H00353,UNIDAD EDUCATIVA ABELARDO MONCAYO,ZAMORA CHINCHIPE,19,EL PANGUI,1906,"Educación Inicial, Educación General Básica y Bachillerato",Fiscal,16
2023-2024 Inicio,01H00420,UNIDAD EDUCATIVA ABELARDO TAMARIZ CRESPO,AZUAY,1,CUENCA,101,Educación General Básica y Bachillerato,Fiscal,69
2023-2024 Inicio,17H02860,UNIDAD EDUCATIVA ACADEMIA ALIANZA INTERNACIONAL,PICHINCHA,17,QUITO,1701,"Educación Inicial, Educación General Básica y Bachillerato",Particular,31
2023-2024 Inicio,17H01076,UNIDAD EDUCATIVA ACADEMIA ALMIRANTE NELSON,PICHINCHA,17,QUITO,1701,"Educación Inicial, Educación General Básica y Bachillerato",Particular,55
2023-2024 Inicio,09H00878,UNIDAD EDUCATIVA ACADEMIA NAVAL ALMIRANTE ILLINGWORTH,GUAYAS,9,GUAYAQUIL,901,"Educación Inicial, Educación General Básica y Bachillerato",Particular,861
2023-2024 Inicio,09H04956,UNIDAD EDUCATIVA ACADEMIA NAVAL CAPITAN LEONARDO ABAD ASTUDILLO,SANTA ELENA,24,LA LIBERTAD,2402,"Educación Inicial, Educación General Básica y Bachillerato",Particular,60
2023-2024 Inicio,06H00255,UNIDAD EDUCATIVA ADOLFO KOLPING,CHIMBORAZO,6,RIOBAMBA,601,Educación General Básica y Bachillerato,Particular,19
2023-2024 Inicio,12H00116,UNIDAD EDUCATIVA ADOLFO MARÍA ASTUDILLO,LOS RIOS,12,BABAHOYO,1201,"Educación Inicial, Educación General Básica y Bachillerato",Fiscal,151
2023-2024 Inicio,11H00164,UNIDAD EDUCATIVA ADOLFO VALAREZO,LOJA,11,LOJA,1101,"Educación Inicial, Educación General Básica y Bachillerato",Fiscal,100
2023-2024 Inicio,18H00160,UNIDAD EDUCATIVA ADVENTISTA AMBATO,TUNGURAHUA,18,AMBATO,1801,"Educación Inicial, Educación General Básica y Bachillerato",Particular,15
2023-2024 Inicio,17H00387,UNIDAD EDUCATIVA ADVENTISTA DEL SUR,PICHINCHA,17,QUITO,1701,"Educación Inicial, Educación General Básica y Bachillerato",Particular,21
2023-2024 Inicio,09H03079,UNIDAD EDUCATIVA AGROPECUARIO BALZAR,GUAYAS,9,BALZAR,904,Educación General Básica y Bachillerato,Fiscal,21
2023-2024 Inicio,12H00539,UNIDAD EDUCATIVA AGUIRRE ABAD,LOS RIOS,12,MONTALVO,1203,Educación General Básica y Bachillerato,Fiscal,97
2023-2024 Inicio,01H00514,UNIDAD EDUCATIVA AGUSTIN CUESTA VINTIMILLA,AZUAY,1,CUENCA,101,"Educación Inicial, Educación General Básica y Bachillerato",Fiscal,6
2023-2024 Inicio,10H00004,UNIDAD EDUCATIVA AGUSTIN CUEVA DAVILA,IMBABURA,10,IBARRA,1001,"Educación Inicial, Educación General Básica y Bachillerato",Fiscal,20
2023-2024 Inicio,01H01407,UNIDAD EDUCATIVA AGUSTIN IGLESIAS,AZUAY,1,SIGSIG,109,"Educación Inicial, Educación General Básica y Bachillerato",Fiscal,18
2023-2024 Inicio,13H05376,UNIDAD EDUCATIVA AHITANA NAJHABY PONCE SANTANA,MANABI,13,MANTA,1308,Educación General Básica y Bachillerato,Fiscal,43
2023-2024 Inicio,15H00073,UNIDAD EDUCATIVA AHUANO,NAPO,15,TENA,1501,"Educación Inicial, Educación General Básica y Bachillerato",Fiscal,19
2023-2024 Inicio,09H00386,UNIDAD EDUCATIVA AIDA LEON DE RODRIGUEZ LARA,GUAYAS,9,GUAYAQUIL,901,"Educación Inicial, Educación General Básica y Bachillerato",Fiscal,66
2023-2024 Inicio,09H04190,UNIDAD EDUCATIVA ALBERT EINSTEIN,GUAYAS,9,MILAGRO,910,"Educación Inicial, Educación General Básica y Bachillerato",Particular,51
2023-2024 Inicio,01H00049,UNIDAD EDUCATIVA ALBERTO ANDRADE ARIZAGA-BRUMMEL,AZUAY,1,CUENCA,101,"Educación Inicial, Educación General Básica y Bachillerato",Fiscal,56
2023-2024 Inicio,10H00261,UNIDAD EDUCATIVA ALBERTO ENRIQUEZ,IMBABURA,10,ANTONIO ANTE,1002,"Educación Inicial, Educación General Básica y Bachillerato",Fiscal,241
2023-2024 Inicio,18H00370,UNIDAD EDUCATIVA ALBERTO GUERRA,TUNGURAHUA,18,CEVALLOS,1803,"Educación Inicial, Educación General Básica y Bachillerato",Fiscal,18
2023-2024 Inicio,19H00410,UNIDAD EDUCATIVA ALBERTO SAETAMA MASACHE,ZAMORA CHINCHIPE,19,PALANDA,1908,"Educación Inicial, Educación General Básica y Bachillerato",Fiscal,7
2023-2024 Inicio,09H05583,UNIDAD EDUCATIVA ALBORADA,GUAYAS,9,MILAGRO,910,"Educación Inicial, Educación General Básica y Bachillerato",Particular,19
2023-2024 Inicio,09H04186,UNIDAD EDUCATIVA ALEC PETERSON,GUAYAS,9,MILAGRO,910,"Educación Inicial, Educación General Básica y Bachillerato",Particular,41
2023-2024 Inicio,17H01457,UNIDAD EDUCATIVA ALEJANDRO ANDRADE COELLO,PICHINCHA,17,QUITO,1701,"Educación Inicial, Educación General Básica y Bachillerato",Fiscal,38
2023-2024 Inicio,01H00938,UNIDAD EDUCATIVA ALEJANDRO ANDRADE CORDERO,AZUAY,1,GIRON,102,Educación General Básica y Bachillerato,Fiscal,50
2023-2024 Inicio,08H00760,UNIDAD EDUCATIVA ALEJANDRO OTOYA BRIONES,ESMERALDAS,8,QUININDE,804,"Educación Inicial, Educación General Básica y Bachillerato",Fiscal,47
2023-2024 Inicio,13H04540,UNIDAD EDUCATIVA ALEJANDRO VERA,MANABI,13,FLAVIO ALFARO,1305,"Educación Inicial, Educación General Básica y Bachillerato",Fiscal,3
2023-2024 Inicio,12H01892,UNIDAD EDUCATIVA ALEJO LASCANO,LOS RIOS,12,MOCACHE,1212,"Educación Inicial, Educación General Básica y Bachillerato",Fiscal,31
2023-2024 Inicio,23H00824,UNIDAD EDUCATIVA ALESSANDRO VOLTA,SANTO DOMINGO DE LOS TSACHILAS,23,SANTO DOMINGO,2301,"Educación Inicial, Educación General Básica, Bachillerato y Ofertas Intensivas",Fiscal,389
2023-2024 Inicio,04H00202,UNIDAD EDUCATIVA ALFONSO HERRERA,CARCHI,4,ESPEJO,403,"Educación Inicial, Educación General Básica y Bachillerato",Fiscal,72
2023-2024 Inicio,01H00977,UNIDAD EDUCATIVA ALFONSO LITUMA CORREA,AZUAY,1,GUALACEO,103,Educación General Básica y Bachillerato,Fiscal,137
2023-2024 Inicio,08H00369,UNIDAD EDUCATIVA ALFONSO QUIÑONEZ GEORGE,ESMERALDAS,8,ESMERALDAS,801,"Educación Inicial, Educación General Básica y Bachillerato",Fiscal,81
2023-2024 Inicio,10H00097,UNIDAD EDUCATIVA ALFREDO ALBUJA GALINDO,IMBABURA,10,IBARRA,1001,"Educación Inicial, Educación General Básica y Bachillerato",Municipal,49
2023-2024 Inicio,10H00462,UNIDAD EDUCATIVA ALFREDO PEREZ GUERRERO,IMBABURA,10,OTAVALO,1004,"Educación Inicial, Educación General Básica y Bachillerato",Fiscal,131
2023-2024 Inicio,05H00595,UNIDAD EDUCATIVA ALICIA MARCUARD DE YEROVI,COTOPAXI,5,SALCEDO,505,"Educación Inicial, Educación General Básica y Bachillerato",Municipal,24
2023-2024 Inicio,13H01454,UNIDAD EDUCATIVA ALIDA ZAMBRANO GARCIA,MANABI,13,EL CARMEN,1304,"Educación Inicial, Educación General Básica y Bachillerato",Fiscal,100
2023-2024 Inicio,23H00465,UNIDAD EDUCATIVA ALLURIQUIN,SANTO DOMINGO DE LOS TSACHILAS,23,SANTO DOMINGO,2301,Educación General Básica y Bachillerato,Fiscal,97
2023-2024 Inicio,24H00335,UNIDAD EDUCATIVA ALMIRANTE ALFREDO POVEDA BURBANO,SANTA ELENA,24,SALINAS,2403,Educación General Básica y Bachillerato,Particular,96
2023-2024 Inicio,19H00234,UNIDAD EDUCATIVA ALONSO DE MERCADILLO,ZAMORA CHINCHIPE,19,YACUAMBI,1904,"Educación Inicial, Educación General Básica, Bachillerato y Ofertas Intensivas",Fiscal,31
2023-2024 Inicio,17H04281,UNIDAD EDUCATIVA ALTO CENEPA,PICHINCHA,17,QUITO,1701,Educación General Básica y Bachillerato,Particular,26
2023-2024 Inicio,09H03050,UNIDAD EDUCATIVA ALVARADO,GUAYAS,9,BALZAR,904,Educación General Básica y Bachillerato,Fiscal,66
2023-2024 Inicio,01H00733,UNIDAD EDUCATIVA AMADEO MALDONADO VÁSQUEZ,AZUAY,1,CUENCA,101,Educación General Básica y Bachillerato,Fiscal,13
2023-2024 Inicio,01H01500,UNIDAD EDUCATIVA AMALUZA,AZUAY,1,SEVILLA DE ORO,113,"Educación Inicial, Educación General Básica y Bachillerato",Fiscal,11
2023-2024 Inicio,13H00918,UNIDAD EDUCATIVA AMAZONAS,MANABI,13,CHONE,1303,Educación General Básica y Bachillerato,Fiscal,278
2023-2024 Inicio,16H00026,UNIDAD EDUCATIVA AMAZONICA,PASTAZA,16,PASTAZA,1601,Educación General Básica y Bachillerato,Particular,30
2023-2024 Inicio,11H00532,UNIDAD EDUCATIVA AMBATO,LOJA,11,CALVAS,1102,"Educación Inicial, Educación General Básica y Bachillerato",Fiscal,26
2023-2024 Inicio,18H00108,UNIDAD EDUCATIVA AMBATO,TUNGURAHUA,18,AMBATO,1801,"Educación Inicial, Educación General Básica y Bachillerato",Fiscal,240
2023-2024 Inicio,18H00220,UNIDAD EDUCATIVA AMBATO DE LOS ANGELES,TUNGURAHUA,18,AMBATO,1801,"Educación Inicial, Educación General Básica, Bachillerato y Ofertas Intensivas",Fiscal,27
2023-2024 Inicio,03H00620,UNIDAD EDUCATIVA AMBROSIO ANDRADE PALACIOS,CAÑAR,3,SUSCAL,307,Educación General Básica y Bachillerato,Fiscal,32
2023-2024 Inicio,06H00204,UNIDAD EDUCATIVA AMELIA GALLEGOS DIAZ,CHIMBORAZO,6,RIOBAMBA,601,"Educación Inicial, Educación General Básica, Bachillerato y Ofertas Intensivas",Fiscal,65
2023-2024 Inicio,07H01205,UNIDAD EDUCATIVA AMÉRICA,EL ORO,7,ZARUMA,713,"Educación Inicial, Educación General Básica y Bachillerato",Fiscal,15
2023-2024 Inicio,06H00226,UNIDAD EDUCATIVA AMERICAN HIGH SCHOOL,CHIMBORAZO,6,RIOBAMBA,601,"Educación Inicial, Educación General Básica y Bachillerato",Particular,9
2023-2024 Inicio,24H00361,UNIDAD EDUCATIVA AMERICANO,SANTA ELENA,24,LA LIBERTAD,2402,Educación General Básica y Bachillerato,Fiscomisional,247
2023-2024 Inicio,17H03296,UNIDAD EDUCATIVA AMERICANO DE QUITO,PICHINCHA,17,QUITO,1701,"Educación Inicial, Educación General Básica y Bachillerato",Particular,133
2023-2024 Inicio,10H00050,UNIDAD EDUCATIVA ANA LUISA LEORO,IMBABURA,10,IBARRA,1001,"Educación Inicial, Educación General Básica y Bachillerato",Fiscal,88
2023-2024 Inicio,05H00008,UNIDAD EDUCATIVA ANA PAEZ,COTOPAXI,5,LATACUNGA,501,"Educación Inicial, Educación General Básica y Bachillerato",Fiscal,89
2023-2024 Inicio,12H01082,UNIDAD EDUCATIVA ANA ROSA VALDIVIESO DE LANDIVAR,LOS RIOS,12,VENTANAS,1207,"Educación Inicial, Educación General Básica y Bachillerato",Fiscal,57
2023-2024 Inicio,24H00179,UNIDAD EDUCATIVA ANCON,SANTA ELENA,24,SANTA ELENA,2401,Educación General Básica y Bachillerato,Fiscal,139
2023-2024 Inicio,08H01211,UNIDAD EDUCATIVA ANCON DE SARDINAS,ESMERALDAS,8,SAN LORENZO,805,"Educación Inicial, Educación General Básica y Bachillerato",Fiscal,17
2023-2024 Inicio,06H01529,UNIDAD EDUCATIVA ANDES COLLEGE,CHIMBORAZO,6,RIOBAMBA,601,"Educación Inicial, Educación General Básica y Bachillerato",Particular,10
2023-2024 Inicio,18H00194,UNIDAD EDUCATIVA ANDINO,TUNGURAHUA,18,AMBATO,1801,"Educación Inicial, Educación General Básica y Bachillerato",Particular,12
2023-2024 Inicio,09H01663,UNIDAD EDUCATIVA ANDRES BELLO LOPEZ,GUAYAS,9,GUAYAQUIL,901,"Educación Inicial, Educación General Básica y Bachillerato",Particular,15
2023-2024 Inicio,03H00281,UNIDAD EDUCATIVA ANDRES F CORDOVA,CAÑAR,3,CAÑAR,303,"Educación General Básica, Bachillerato y Ofertas Intensivas",Fiscal,148
2023-2024 Inicio,05H00522,UNIDAD EDUCATIVA ANGAMARCA,COTOPAXI,5,PUJILI,504,"Educación Inicial, Educación General Básica, Bachillerato y Ofertas Intensivas",Fiscal,26
2023-2024 Inicio,08H00258,UNIDAD EDUCATIVA ANGEL BONILLA,ESMERALDAS,8,ESMERALDAS,801,"Educación Inicial, Educación General Básica y Bachillerato",Fiscal,6
2023-2024 Inicio,02H00268,UNIDAD EDUCATIVA ÁNGEL JACINTO VILLARES ESPÍN,BOLIVAR,2,CHILLANES,202,Educación General Básica y Bachillerato,Fiscal,15
2023-2024 Inicio,14H00057,UNIDAD EDUCATIVA ANGEL NOGUERA VILLAREAL,MORONA SANTIAGO,14,MORONA,1401,"Educación Inicial, Educación General Básica y Bachillerato",Fiscal,58
2023-2024 Inicio,02H00015,UNIDAD EDUCATIVA ANGEL POLIBIO CHAVES,BOLIVAR,2,GUARANDA,201,"Educación Inicial, Educación General Básica y Bachillerato",Fiscal,170
2023-2024 Inicio,07H00472,UNIDAD EDUCATIVA ANGEL TINOCO RUIZ,EL ORO,7,ATAHUALPA,703,"Educación Inicial, Educación General Básica y Bachillerato",Fiscal,44
2023-2024 Inicio,13H01305,UNIDAD EDUCATIVA ANGUSTIA ARAGUNDI,MANABI,13,CHONE,1303,Educación General Básica y Bachillerato,Fiscal,7
2023-2024 Inicio,13H01379,UNIDAD EDUCATIVA ANIBAL ANDRADE SOLORZANO,MANABI,13,CHONE,1303,Educación General Básica y Bachillerato,Fiscal,20
2023-2024 Inicio,13H05410,UNIDAD EDUCATIVA ANIBAL GONZALEZ ALAVA,MANABI,13,TOSAGUA,1315,"Educación Inicial, Educación General Básica y Bachillerato",Fiscal,28
2023-2024 Inicio,18H00627,UNIDAD EDUCATIVA ANIBAL SALGADO RUIZ,TUNGURAHUA,18,TISALEO,1809,"Educación Inicial, Educación General Básica, Bachillerato y Ofertas Intensivas",Fiscal,69
2023-2024 Inicio,13H03743,UNIDAD EDUCATIVA ANIBAL SAN ANDRES ROBLEDO,MANABI,13,24 DE MAYO,1316,"Educación Inicial, Educación General Básica y Bachillerato",Fiscal,14
2023-2024 Inicio,13H04262,UNIDAD EDUCATIVA ANÍBAL SAN ANDRÉS ROBLEDO,MANABI,13,JARAMIJO,1321,"Educación Inicial, Educación General Básica y Bachillerato",Fiscal,62
2023-2024 Inicio,15B00201,UNIDAD EDUCATIVA ANTIOQUIA,NAPO,15,TENA,1501,"Educación Inicial, Educación General Básica y Bachillerato",Particular,13
2023-2024 Inicio,10H00240,UNIDAD EDUCATIVA ANTONIO ANTE,IMBABURA,10,ANTONIO ANTE,1002,"Educación Inicial, Educación General Básica, Bachillerato y Ofertas Intensivas",Fiscal,64
2023-2024 Inicio,01H00381,UNIDAD EDUCATIVA ANTONIO ÁVILA MALDONADO,AZUAY,1,CUENCA,101,"Educación Inicial, Educación General Básica y Bachillerato",Fiscal,170
2023-2024 Inicio,08H00259,UNIDAD EDUCATIVA ANTONIO FLORES JIJON,ESMERALDAS,8,ESMERALDAS,801,"Educación Inicial, Educación General Básica y Bachillerato",Fiscal,24
2023-2024 Inicio,24H00077,UNIDAD EDUCATIVA ANTONIO ISSA YAZBEK,SANTA ELENA,24,SANTA ELENA,2401,"Educación Inicial, Educación General Básica, Bachillerato y Ofertas Intensivas",Fiscal,34
2023-2024 Inicio,12H00943,UNIDAD EDUCATIVA ANTONIO JOSE DE SUCRE,LOS RIOS,12,QUEVEDO,1205,Educación General Básica y Bachillerato,Fiscal,7
2023-2024 Inicio,12H01058,UNIDAD EDUCATIVA ANTONIO JOSE DE SUCRE,LOS RIOS,12,URDANETA,1206,"Educación Inicial, Educación General Básica y Bachillerato",Fiscal,14
2023-2024 Inicio,13H01595,UNIDAD EDUCATIVA ANTONIO JOSE DE SUCRE,MANABI,13,EL CARMEN,1304,"Educación Inicial, Educación General Básica y Bachillerato",Fiscal,28
2023-2024 Inicio,15H00094,UNIDAD EDUCATIVA ANTONIO NEUMANE,NAPO,15,TENA,1501,"Educación Inicial, Educación General Básica y Bachillerato",Fiscal,7
2023-2024 Inicio,10H00298,UNIDAD EDUCATIVA APUELA,IMBABURA,10,COTACACHI,1003,"Educación Inicial, Educación General Básica y Bachillerato",Fiscal,62
2023-2024 Inicio,12H01386,UNIDAD EDUCATIVA ARCADIO SOTO SANTANA,LOS RIOS,12,VINCES,1208,Educación General Básica y Bachillerato,Particular,3
2023-2024 Inicio,15H00157,UNIDAD EDUCATIVA ARCHIDONA,NAPO,15,ARCHIDONA,1503,"Educación Inicial, Educación General Básica, Bachillerato y Ofertas Intensivas",Fiscal,215
2023-2024 Inicio,09H04094,UNIDAD EDUCATIVA ARQUEOLOGO JULIO VITERI GAMBOA,GUAYAS,9,MILAGRO,910,"Educación Inicial, Educación General Básica y Bachillerato",Fiscal,52
2023-2024 Inicio,09H05115,UNIDAD EDUCATIVA ARSENIO LOPEZ,GUAYAS,9,SIMON BOLIVAR,922,Educación General Básica y Bachillerato,Fiscomisional,152
2023-2024 Inicio,22H00109,UNIDAD EDUCATIVA ARTURO BORJA,ORELLANA,22,ORELLANA,2201,"Educación Inicial, Educación General Básica y Bachillerato",Fiscal,21
2023-2024 Inicio,10H00021,UNIDAD EDUCATIVA ATAHUALPA,IMBABURA,10,IBARRA,1001,"Educación Inicial, Educación General Básica, Bachillerato y Ofertas Intensivas",Fiscal,72
2023-2024 Inicio,13H00784,UNIDAD EDUCATIVA ATAHUALPA,MANABI,13,BOLIVAR,1302,"Educación Inicial, Educación General Básica, Bachillerato y Ofertas Intensivas",Fiscal,51
2023-2024 Inicio,18H00175,UNIDAD EDUCATIVA ATAHUALPA,TUNGURAHUA,18,AMBATO,1801,"Educación Inicial, Educación General Básica y Bachillerato",Fiscal,243
2023-2024 Inicio,05H00185,UNIDAD EDUCATIVA ATANASIO VITERI KAROLYS,COTOPAXI,5,LATACUNGA,501,"Educación Inicial, Educación General Básica y Bachillerato",Fiscal,6
2023-2024 Inicio,18H00206,UNIDAD EDUCATIVA ATENAS,TUNGURAHUA,18,AMBATO,1801,"Educación Inicial, Educación General Básica y Bachillerato",Particular,61
2023-2024 Inicio,01H01183,UNIDAD EDUCATIVA ATENAS DEL ECUADOR,AZUAY,1,PAUTE,105,"Educación Inicial, Educación General Básica y Bachillerato",Fiscal,20
2023-2024 Inicio,23H00265,UNIDAD EDUCATIVA AUGUSTO ARIAS,SANTO DOMINGO DE LOS TSACHILAS,23,SANTO DOMINGO,2301,Educación General Básica y Bachillerato,Fiscal,289
2023-2024 Inicio,18H00179,UNIDAD EDUCATIVA AUGUSTO NICOLAS MARTINEZ,TUNGURAHUA,18,AMBATO,1801,"Educación Inicial, Educación General Básica y Bachillerato",Fiscal,24
2023-2024 Inicio,13H00967,UNIDAD EDUCATIVA AUGUSTO SOLORZANO HOYOS,MANABI,13,CHONE,1303,"Educación General Básica, Bachillerato y Ofertas Intensivas",Fiscal,101
2023-2024 Inicio,12H00638,UNIDAD EDUCATIVA AURORA ESTRADA Y AYALA,LOS RIOS,12,PUEBLOVIEJO,1204,Educación General Básica y Bachillerato,Fiscal,113
2023-2024 Inicio,17H01337,UNIDAD EDUCATIVA AVIACIÓN CIVIL,PICHINCHA,17,QUITO,1701,Educación General Básica y Bachillerato,Fiscal,352
2023-2024 Inicio,07H00485,UNIDAD EDUCATIVA AYAPAMBA,EL ORO,7,ATAHUALPA,703,"Educación Inicial, Educación General Básica y Bachillerato",Fiscal,23
2023-2024 Inicio,12H00114,UNIDAD EDUCATIVA BABAHOYO,LOS RIOS,12,BABAHOYO,1201,"Educación General Básica, Bachillerato y Ofertas Intensivas",Fiscal,588
2023-2024 Inicio,12H00120,UNIDAD EDUCATIVA BABAHUYUS,LOS RIOS,12,BABAHOYO,1201,Educación General Básica y Bachillerato,Particular,30
2023-2024 Inicio,15H00226,UNIDAD EDUCATIVA BAEZA,NAPO,15,QUIJOS,1507,"Educación Inicial, Educación General Básica y Bachillerato",Fiscal,35
2023-2024 Inicio,09H02898,UNIDAD EDUCATIVA BALAO,GUAYAS,9,BALAO,903,Educación General Básica y Bachillerato,Fiscal,140
2023-2024 Inicio,08H01297,UNIDAD EDUCATIVA BALNEARIO DE SUA,ESMERALDAS,8,ATACAMES,806,"Educación Inicial, Educación General Básica y Bachillerato",Fiscal,50
2023-2024 Inicio,01B00052,UNIDAD EDUCATIVA BALTAZAR AGUIRRE,AZUAY,1,NABON,104,"Educación Inicial, Educación General Básica y Bachillerato",Fiscal,19
2023-2024 Inicio,18H00331,UNIDAD EDUCATIVA BAÑOS,TUNGURAHUA,18,BAÑOS DE AGUA SANTA,1802,Educación General Básica y Bachillerato,Fiscal,140
2023-2024 Inicio,08H01219,UNIDAD EDUCATIVA BARON DE CARONDELET,ESMERALDAS,8,SAN LORENZO,805,"Educación Inicial, Educación General Básica y Bachillerato",Fiscal,20
2023-2024 Inicio,13H05372,UNIDAD EDUCATIVA BARQUERO,MANABI,13,CHONE,1303,"Educación Inicial, Educación General Básica y Bachillerato",Fiscal,46
2023-2024 Inicio,12H00152,UNIDAD EDUCATIVA BARREIRO,LOS RIOS,12,BABAHOYO,1201,Educación General Básica y Bachillerato,Fiscal,82
2023-2024 Inicio,13H05414,UNIDAD EDUCATIVA BARTOLOME RUIZ,MANABI,13,PAJAN,1310,"Educación Inicial, Educación General Básica y Bachillerato",Fiscal,8
2023-2024 Inicio,09H02975,UNIDAD EDUCATIVA BASICA MANUELA CAÑIZARES,GUAYAS,9,BALZAR,904,"Educación Inicial, Educación General Básica y Bachillerato",Fiscal,29
2023-2024 Inicio,08H00921,UNIDAD EDUCATIVA BATALLA DE PICHINCHA,ESMERALDAS,8,QUININDE,804,"Educación Inicial, Educación General Básica, Bachillerato y Ofertas Intensivas",Fiscal,41
2023-2024 Inicio,07H00408,UNIDAD EDUCATIVA BATALLÓN CAYAMBE NRO 3,EL ORO,7,ARENILLAS,702,"Educación Inicial, Educación General Básica y Bachillerato",Fiscal,23
2023-2024 Inicio,18H00098,UNIDAD EDUCATIVA BAUTISTA,TUNGURAHUA,18,AMBATO,1801,Educación General Básica y Bachillerato,Particular,15
2023-2024 Inicio,05H00133,UNIDAD EDUCATIVA BELISARIO QUEVEDO,COTOPAXI,5,LATACUNGA,501,"Educación Inicial, Educación General Básica y Bachillerato",Fiscal,27
2023-2024 Inicio,05H00900,UNIDAD EDUCATIVA BELISARIO QUEVEDO,COTOPAXI,5,PUJILI,504,"Educación Inicial, Educación General Básica y Bachillerato",Fiscal,213
2023-2024 Inicio,07H00516,UNIDAD EDUCATIVA BELLAMARIA,EL ORO,7,BALSAS,704,"Educación Inicial, Educación General Básica y Bachillerato",Fiscal,36
2023-2024 Inicio,06H00510,UNIDAD EDUCATIVA BENITO JUAREZ,CHIMBORAZO,6,RIOBAMBA,601,"Educación Inicial, Educación General Básica y Bachillerato",Fiscal,10
2023-2024 Inicio,18H00396,UNIDAD EDUCATIVA BENJAMIN ARAUJO,TUNGURAHUA,18,PATATE,1805,Educación General Básica y Bachillerato,Fiscal,87
2023-2024 Inicio,17H01485,UNIDAD EDUCATIVA BENJAMÍN CARRIÓN,PICHINCHA,17,QUITO,1701,"Educación Inicial, Educación General Básica y Bachillerato",Fiscal,47
2023-2024 Inicio,12H02167,UNIDAD EDUCATIVA BENJAMIN FRANKLIN,LOS RIOS,12,QUEVEDO,1205,"Educación Inicial, Educación General Básica y Bachillerato",Particular,30
2023-2024 Inicio,01H00010,UNIDAD EDUCATIVA BENJAMÍN RAMIREZ ARTEAGA,AZUAY,1,CUENCA,101,"Educación Inicial, Educación General Básica, Bachillerato y Ofertas Intensivas",Fiscal,21
2023-2024 Inicio,17H02512,UNIDAD EDUCATIVA BERNABE DE LARRAUL,PICHINCHA,17,SAN MIGUEL DE LOS BANCOS,1707,Educación General Básica y Bachillerato,Fiscomisional,21
2023-2024 Inicio,17H01044,UNIDAD EDUCATIVA BICENTENARIO D7 VESPERTINO,PICHINCHA,17,QUITO,1701,Educación General Básica y Bachillerato,Fiscal,133
2023-2024 Inicio,13H03852,UNIDAD EDUCATIVA BILINGÜE ANTOINE DE SAINT EXUPERY,MANABI,13,PEDERNALES,1317,"Educación Inicial, Educación General Básica y Bachillerato",Particular,7
2023-2024 Inicio,09H00822,UNIDAD EDUCATIVA BILINGÜE BOSTON,GUAYAS,9,GUAYAQUIL,901,"Educación Inicial, Educación General Básica y Bachillerato",Particular,18
2023-2024 Inicio,09H03427,UNIDAD EDUCATIVA BILINGUE DELTA,GUAYAS,9,DAULE,906,"Educación Inicial, Educación General Básica y Bachillerato",Particular,69
2023-2024 Inicio,09H01966,UNIDAD EDUCATIVA BILINGÜE NUEVA SEMILLA,GUAYAS,9,GUAYAQUIL,901,"Educación Inicial, Educación General Básica y Bachillerato",Particular,120
2023-2024 Inicio,17H02681,UNIDAD EDUCATIVA BILINGUE PARTICULAR CAMPO VERDE,PICHINCHA,17,QUITO,1701,"Educación Inicial, Educación General Básica y Bachillerato",Particular,50
2023-2024 Inicio,09H02085,UNIDAD EDUCATIVA BILINGÜE PARTICULAR SAGRADOS CORAZONES,GUAYAS,9,GUAYAQUIL,901,"Educación Inicial, Educación General Básica y Bachillerato",Particular,98
2023-2024 Inicio,09H06178,UNIDAD EDUCATIVA BILINGÜE TEJAR,GUAYAS,9,DAULE,906,"Educación Inicial, Educación General Básica y Bachillerato",Particular,65
2023-2024 Inicio,09H03203,UNIDAD EDUCATIVA BILINGÜE TORREMAR,GUAYAS,9,DAULE,906,Educación General Básica y Bachillerato,Particular,74
2023-2024 Inicio,17H01017,UNIDAD EDUCATIVA BINACIONAL COLEGIO ECUATORIANO ESPAÑOL AMERICA LATINA,PICHINCHA,17,QUITO,1701,"Educación Inicial, Educación General Básica y Bachillerato",Particular,32
2023-2024 Inicio,17H02677,"UNIDAD EDUCATIVA BINACIONAL PARTICULAR ""ALEMAN DE QUITO""",PICHINCHA,17,QUITO,1701,"Educación Inicial, Educación General Básica y Bachillerato",Particular,86
2023-2024 Inicio,09H00975,UNIDAD EDUCATIVA BINACIONAL PARTICULAR ALEMAN HUMBOLDT,GUAYAS,9,GUAYAQUIL,901,"Educación Inicial, Educación General Básica y Bachillerato",Particular,86
2023-2024 Inicio,05H00858,UNIDAD EDUCATIVA BLAISE PASCAL,COTOPAXI,5,SALCEDO,505,"Educación Inicial, Educación General Básica y Bachillerato",Particular,18
2023-2024 Inicio,13H05409,UNIDAD EDUCATIVA BLANCA CUADROS ZAMBRANO,MANABI,13,ROCAFUERTE,1312,"Educación Inicial, Educación General Básica y Bachillerato",Fiscal,49
2023-2024 Inicio,13H05390,UNIDAD EDUCATIVA BOCANA DEL BUA,MANABI,13,CHONE,1303,Educación General Básica y Bachillerato,Fiscal,23
2023-2024 Inicio,04H00025,UNIDAD EDUCATIVA BOLIVAR,CARCHI,4,TULCAN,401,"Educación Inicial, Educación General Básica y Bachillerato",Fiscal,208
2023-2024 Inicio,18H00138,UNIDAD EDUCATIVA BOLIVAR,TUNGURAHUA,18,AMBATO,1801,"Educación Inicial, Educación General Básica, Bachillerato y Ofertas Intensivas",Fiscal,291
2023-2024 Inicio,12H00816,UNIDAD EDUCATIVA BOLIVARIANO,LOS RIOS,12,QUEVEDO,1205,"Educación Inicial, Educación General Básica y Bachillerato",Particular,40
2023-2024 Inicio,12H01316,UNIDAD EDUCATIVA BOLIVARIANO,LOS RIOS,12,VINCES,1208,Educación General Básica y Bachillerato,Particular,4
2023-2024 Inicio,08H00461,UNIDAD EDUCATIVA BORBON,ESMERALDAS,8,ELOY ALFARO,802,"Educación Inicial, Educación General Básica y Bachillerato",Fiscal,81
2023-2024 Inicio,10H00551,UNIDAD EDUCATIVA BUENOS AIRES,IMBABURA,10,SAN MIGUEL DE URCUQUI,1006,"Educación Inicial, Educación General Básica y Bachillerato",Fiscal,13
2023-2024 Inicio,11H00874,UNIDAD EDUCATIVA CABO CASTILLO,LOJA,11,ESPINDOLA,1106,"Educación Inicial, Educación General Básica y Bachillerato",Fiscal,13
2023-2024 Inicio,22H00043,UNIDAD EDUCATIVA CABO WILSON CUEVA PILLAJO,ORELLANA,22,ORELLANA,2201,"Educación Inicial, Educación General Básica y Bachillerato",Fiscal,12
2023-2024 Inicio,09H04812,UNIDAD EDUCATIVA CABUYAL,GUAYAS,9,SANTA LUCIA,918,Educación General Básica y Bachillerato,Fiscal,38
2023-2024 Inicio,23H00264,UNIDAD EDUCATIVA CALAZACON,SANTO DOMINGO DE LOS TSACHILAS,23,SANTO DOMINGO,2301,Educación General Básica y Bachillerato,Fiscal,115
2023-2024 Inicio,13H01096,UNIDAD EDUCATIVA CAMILO DELGADO BALDA,MANABI,13,CHONE,1303,"Educación Inicial, Educación General Básica y Bachillerato",Fiscal,6
2023-2024 Inicio,11H01086,UNIDAD EDUCATIVA CAMILO GALLEGOS DOMINGUEZ,LOJA,11,MACARA,1108,"Educación Inicial, Educación General Básica y Bachillerato",Fiscal,11
2023-2024 Inicio,06H00024,UNIDAD EDUCATIVA CAMILO GALLEGOS TOLEDO,CHIMBORAZO,6,RIOBAMBA,601,"Educación Inicial, Educación General Básica y Bachillerato",Fiscal,72
2023-2024 Inicio,09H04292,UNIDAD EDUCATIVA CAMINO DE VIDA,GUAYAS,9,NARANJAL,911,"Educación Inicial, Educación General Básica y Bachillerato",Particular,7
2023-2024 Inicio,02H00557,UNIDAD EDUCATIVA CAMINO REAL,BOLIVAR,2,SAN MIGUEL,205,"Educación Inicial, Educación General Básica y Bachillerato",Fiscal,18
2023-2024 Inicio,06H00032,UNIDAD EDUCATIVA CAP  EDMUNDO CHIRIBOGA,CHIMBORAZO,6,RIOBAMBA,601,"Educación Inicial, Educación General Básica y Bachillerato",Fiscal,319
2023-2024 Inicio,18H00012,UNIDAD EDUCATIVA CAP GIOVANNI CALLES,TUNGURAHUA,18,SAN PEDRO DE PELILEO,1807,"Educación Inicial, Educación General Básica y Bachillerato",Particular,53
2023-2024 Inicio,24H00523,UNIDAD EDUCATIVA CAP RAFAEL MORAN VALVERDE,SANTA ELENA,24,SALINAS,2403,"Educación Inicial, Educación General Básica y Bachillerato",Particular,11
2023-2024 Inicio,07H00710,UNIDAD EDUCATIVA CAPITAN CESAR EDMUNDO CHIRIBOGA,EL ORO,7,HUAQUILLAS,707,"Educación Inicial, Educación General Básica y Bachillerato",Fiscal,88
2023-2024 Inicio,10H00132,UNIDAD EDUCATIVA CAPITAN CRISTOBAL DE TROYA,IMBABURA,10,IBARRA,1001,Educación General Básica y Bachillerato,Fiscal,13
2023-2024 Inicio,05H00393,UNIDAD EDUCATIVA CAPITÁN GALO MOLINA,COTOPAXI,5,PANGUA,503,"Educación Inicial, Educación General Básica y Bachillerato",Fiscal,14
2023-2024 Inicio,12H00155,UNIDAD EDUCATIVA CARACOL,LOS RIOS,12,BABAHOYO,1201,"Educación Inicial, Educación General Básica y Bachillerato",Fiscal,112
2023-2024 Inicio,10H00007,UNIDAD EDUCATIVA CARANQUI,IMBABURA,10,IBARRA,1001,"Educación Inicial, Educación General Básica y Bachillerato",Fiscal,23
2023-2024 Inicio,11H00500,UNIDAD EDUCATIVA CARIAMANGA,LOJA,11,CALVAS,1102,"Educación Inicial, Educación General Básica, Bachillerato y Ofertas Intensivas",Fiscal,66
2023-2024 Inicio,21H00294,UNIDAD EDUCATIVA CARLOS ALBERTO FLORES RODRIGUEZ,SUCUMBIOS,21,LAGO AGRIO,2101,Educación General Básica y Bachillerato,Fiscal,14
2023-2024 Inicio,05H00778,UNIDAD EDUCATIVA CARLOS BAYARDO LIMAICO BASSANTES,COTOPAXI,5,SIGCHOS,507,"Educación Inicial, Educación General Básica y Bachillerato",Fiscal,6
2023-2024 Inicio,08H00364,UNIDAD EDUCATIVA CARLOS CONCHA TORRES,ESMERALDAS,8,ESMERALDAS,801,"Educación Inicial, Educación General Básica y Bachillerato",Fiscal,88
2023-2024 Inicio,15H00249,UNIDAD EDUCATIVA CARLOS JULIO AROSEMENA TOLA,NAPO,15,CARLOS JULIO AROSEMENA TOLA,1509,"Educación Inicial, Educación General Básica y Bachillerato",Fiscal,58
2023-2024 Inicio,24H00012,UNIDAD EDUCATIVA CARLOS JULIO AROSEMENA TOLA,SANTA ELENA,24,SANTA ELENA,2401,"Educación Inicial, Educación General Básica y Bachillerato",Fiscal,66
2023-2024 Inicio,03H00010,UNIDAD EDUCATIVA CARLOS LENIN AVILA,CAÑAR,3,AZOGUES,301,Educación General Básica y Bachillerato,Fiscal,19
2023-2024 Inicio,13H01107,UNIDAD EDUCATIVA CARLOS MARIA CASTRO,MANABI,13,CHONE,1303,"Educación Inicial, Educación General Básica y Bachillerato",Fiscal,40
2023-2024 Inicio,04H00255,UNIDAD EDUCATIVA CARLOS MARTINEZ ACOSTA,CARCHI,4,MIRA,404,"Educación Inicial, Educación General Básica, Bachillerato y Ofertas Intensivas",Fiscal,67
2023-2024 Inicio,09H05098,UNIDAD EDUCATIVA CARLOS MATAMOROS JARA,GUAYAS,9,PLAYAS,921,"Educación Inicial, Educación General Básica y Bachillerato",Fiscal,37
2023-2024 Inicio,13H01160,UNIDAD EDUCATIVA CARLOS POMERIO ZAMBRANO,MANABI,13,CHONE,1303,Educación General Básica y Bachillerato,Fiscal,93
2023-2024 Inicio,01H00486,UNIDAD EDUCATIVA CARLOS RIGOBERTO VINTIMILLA,AZUAY,1,CUENCA,101,"Educación Inicial, Educación General Básica y Bachillerato",Fiscal,52
2023-2024 Inicio,15H00046,UNIDAD EDUCATIVA CARLOS TOMÁS RIVADENEYRA,NAPO,15,TENA,1501,"Educación Inicial, Educación General Básica y Bachillerato",Fiscal,14
2023-2024 Inicio,09H04111,UNIDAD EDUCATIVA CARLOS ZEVALLOS MENENDEZ,GUAYAS,9,EL TRIUNFO,909,Educación General Básica y Bachillerato,Fiscal,74
2023-2024 Inicio,13H04752,UNIDAD EDUCATIVA CARMELINA TEOFILA MOREIRA,MANABI,13,CHONE,1303,"Educación Inicial, Educación General Básica y Bachillerato",Fiscal,13
2023-2024 Inicio,18H00143,UNIDAD EDUCATIVA CARMEN BARONA,TUNGURAHUA,18,AMBATO,1801,"Educación Inicial, Educación General Básica y Bachillerato",Particular,19
2023-2024 Inicio,19H00295,UNIDAD EDUCATIVA CARMEN VALDIVIEZO,ZAMORA CHINCHIPE,19,EL PANGUI,1906,Educación General Básica y Bachillerato,Fiscal,5
2023-2024 Inicio,24H00003,UNIDAD EDUCATIVA CARRERA SANCHEZ BRUNO,SANTA ELENA,24,SANTA ELENA,2401,Educación General Básica y Bachillerato,Particular,65
2023-2024 Inicio,12H01752,UNIDAD EDUCATIVA CASCADA DE AGOYAN,LOS RIOS,12,VALENCIA,1211,Educación General Básica y Bachillerato,Fiscal,12
2023-2024 Inicio,21H00679,UNIDAD EDUCATIVA CASCALES,SUCUMBIOS,21,CASCALES,2106,"Educación Inicial, Educación General Básica, Bachillerato y Ofertas Intensivas",Fiscal,107
2023-2024 Inicio,09H04079,UNIDAD EDUCATIVA CATALINA CADENA MIRANDA,GUAYAS,9,EL TRIUNFO,909,"Educación General Básica, Bachillerato y Ofertas Intensivas",Fiscal,262
2023-2024 Inicio,17H03193,UNIDAD EDUCATIVA CATÓLICA BILINGÜE JOSÉ ENGLING,PICHINCHA,17,QUITO,1701,"Educación Inicial, Educación General Básica y Bachillerato",Particular,67
2023-2024 Inicio,13H01277,UNIDAD EDUCATIVA CAYAMBE,MANABI,13,CHONE,1303,"Educación Inicial, Educación General Básica y Bachillerato",Fiscal,30
2023-2024 Inicio,13H00190,UNIDAD EDUCATIVA CAYETANO CEDEÑO,MANABI,13,PORTOVIEJO,1301,"Educación Inicial, Educación General Básica y Bachillerato",Fiscal,27
2023-2024 Inicio,01H00237,UNIDAD EDUCATIVA CAZADORES DE LOS RIOS,AZUAY,1,CUENCA,101,"Educación Inicial, Educación General Básica y Bachillerato",Fiscal,33
2023-2024 Inicio,05H00077,UNIDAD EDUCATIVA CEC,COTOPAXI,5,LATACUNGA,501,"Educación Inicial, Educación General Básica y Bachillerato",Particular,24
2023-2024 Inicio,17H01053,UNIDAD EDUCATIVA CELIANO MONGE,PICHINCHA,17,QUITO,1701,"Educación Inicial, Educación General Básica y Bachillerato",Fiscal,238
2023-2024 Inicio,17H02556,UNIDAD EDUCATIVA CELICA,PICHINCHA,17,PEDRO VICENTE MALDONADO,1708,"Educación Inicial, Educación General Básica y Bachillerato",Fiscal,43
2023-2024 Inicio,06H01312,UNIDAD EDUCATIVA CELSO AUGUSTO RODRÍGUEZ,CHIMBORAZO,6,CUMANDA,610,"Educación Inicial, Educación General Básica y Bachillerato",Fiscal,53
2023-2024 Inicio,17H00314,UNIDAD EDUCATIVA CENTRAL TECNICO,PICHINCHA,17,QUITO,1701,Educación General Básica y Bachillerato,Fiscal,483
2023-2024 Inicio,17H02663,UNIDAD EDUCATIVA CEPE,PICHINCHA,17,PUERTO QUITO,1709,"Educación Inicial, Educación General Básica y Bachillerato",Fiscal,59
2023-2024 Inicio,24H00413,UNIDAD EDUCATIVA CEREZAL - BELLAVISTA,SANTA ELENA,24,SANTA ELENA,2401,"Educación Inicial, Educación General Básica y Bachillerato",Fiscal,33
2023-2024 Inicio,05H00045,UNIDAD EDUCATIVA CERIT,COTOPAXI,5,LATACUNGA,501,"Educación Inicial, Educación General Básica y Bachillerato",Particular,14
2023-2024 Inicio,17H02231,UNIDAD EDUCATIVA CESAR ARROYO,PICHINCHA,17,CAYAMBE,1702,"Educación Inicial, Educación General Básica y Bachillerato",Fiscal,40
2023-2024 Inicio,18H00176,UNIDAD EDUCATIVA CESAR AUGUSTO SALAZAR CHAVEZ,TUNGURAHUA,18,AMBATO,1801,"Educación Inicial, Educación General Básica y Bachillerato",Fiscal,20
2023-2024 Inicio,01H00076,UNIDAD EDUCATIVA CESAR DAVILA ANDRADE,AZUAY,1,CUENCA,101,"Educación Inicial, Educación General Básica y Bachillerato",Fiscal,249
2023-2024 Inicio,05H00078,UNIDAD EDUCATIVA CESAR VIERA,COTOPAXI,5,LATACUNGA,501,Educación General Básica y Bachillerato,Fiscal,60
2023-2024 Inicio,24H00148,UNIDAD EDUCATIVA CESAREO CARRERA ANDRADE,SANTA ELENA,24,SANTA ELENA,2401,"Educación Inicial, Educación General Básica y Bachillerato",Fiscal,71
2023-2024 Inicio,10H00273,UNIDAD EDUCATIVA CHALTURA,IMBABURA,10,ANTONIO ANTE,1002,"Educación Inicial, Educación General Básica, Bachillerato y Ofertas Intensivas",Fiscal,16
2023-2024 Inicio,18H00479,UNIDAD EDUCATIVA CHARLES DARWIN HIGH SCHOOL,TUNGURAHUA,18,SAN PEDRO DE PELILEO,1807,"Educación Inicial, Educación General Básica y Bachillerato",Particular,14
2023-2024 Inicio,01H00578,UNIDAD EDUCATIVA CHECA,AZUAY,1,CUENCA,101,"Educación Inicial, Educación General Básica y Bachillerato",Fiscal,40
2023-2024 Inicio,02H00240,UNIDAD EDUCATIVA CHILLANES,BOLIVAR,2,CHILLANES,202,"Educación Inicial, Educación General Básica y Bachillerato",Fiscal,198
2023-2024 Inicio,02H00341,UNIDAD EDUCATIVA CHIMBO,BOLIVAR,2,CHIMBO,203,Educación General Básica y Bachillerato,Fiscal,10
2023-2024 Inicio,05H00266,UNIDAD EDUCATIVA CHIPE HAMBURGO,COTOPAXI,5,LA MANA,502,"Educación Inicial, Educación General Básica y Bachillerato",Fiscal,37
2023-2024 Inicio,01H00581,UNIDAD EDUCATIVA CHIQUINTAD,AZUAY,1,CUENCA,101,"Educación Inicial, Educación General Básica, Bachillerato y Ofertas Intensivas",Fiscal,67
2023-2024 Inicio,03H00344,UNIDAD EDUCATIVA CHONTAMARCA,CAÑAR,3,CAÑAR,303,"Educación Inicial, Educación General Básica y Bachillerato",Fiscal,16
2023-2024 Inicio,01H01462,UNIDAD EDUCATIVA CHORDELEG,AZUAY,1,CHORDELEG,111,"Educación General Básica, Bachillerato y Ofertas Intensivas",Fiscal,172
2023-2024 Inicio,23H00830,UNIDAD EDUCATIVA CHRISTIAN S. ARILDSEN JACOBSEN,SANTO DOMINGO DE LOS TSACHILAS,23,SANTO DOMINGO,2301,"Educación Inicial, Educación General Básica y Bachillerato",Fiscal,16
2023-2024 Inicio,14B00262,UNIDAD EDUCATIVA CHUJI,MORONA SANTIAGO,14,TAISHA,1409,"Educación Inicial, Educación General Básica y Bachillerato",Fiscal,10
2023-2024 Inicio,06H00854,UNIDAD EDUCATIVA CHUNCHI,CHIMBORAZO,6,CHUNCHI,605,"Educación Inicial, Educación General Básica, Bachillerato y Ofertas Intensivas",Fiscal,55
2023-2024 Inicio,16H00098,UNIDAD EDUCATIVA CHUWITAYU,PASTAZA,16,PASTAZA,1601,"Educación Inicial, Educación General Básica y Bachillerato",Fiscal,14
2023-2024 Inicio,06H01530,UNIDAD EDUCATIVA CICALPA,CHIMBORAZO,6,COLTA,603,"Educación Inicial, Educación General Básica y Bachillerato",Fiscal,20
2023-2024 Inicio,09H00124,UNIDAD EDUCATIVA CIENCIA Y FE,GUAYAS,9,GUAYAQUIL,901,"Educación Inicial, Educación General Básica y Bachillerato",Particular,140
2023-2024 Inicio,06H00537,UNIDAD EDUCATIVA CIUDAD DE ALAUSÍ,CHIMBORAZO,6,ALAUSI,602,"Educación Inicial, Educación General Básica y Bachillerato",Fiscal,70
2023-2024 Inicio,08H01050,UNIDAD EDUCATIVA CIUDAD DE AMBATO,ESMERALDAS,8,QUININDE,804,"Educación Inicial, Educación General Básica y Bachillerato",Fiscal,22
2023-2024 Inicio,09H03062,UNIDAD EDUCATIVA CIUDAD DE BALZAR,GUAYAS,9,BALZAR,904,Educación General Básica y Bachillerato,Fiscal,273
2023-2024 Inicio,23H00408,UNIDAD EDUCATIVA CIUDAD DE CARACAS,SANTO DOMINGO DE LOS TSACHILAS,23,SANTO DOMINGO,2301,"Educación Inicial, Educación General Básica y Bachillerato",Fiscal,166
2023-2024 Inicio,22H00145,UNIDAD EDUCATIVA CIUDAD DE COCA,ORELLANA,22,ORELLANA,2201,"Educación Inicial, Educación General Básica y Bachillerato",Fiscal,31
2023-2024 Inicio,01H00122,UNIDAD EDUCATIVA CIUDAD DE CUENCA,AZUAY,1,CUENCA,101,"Educación Inicial, Educación General Básica y Bachillerato",Fiscal,54
2023-2024 Inicio,09H02436,UNIDAD EDUCATIVA CIUDAD DE CUENCA,GUAYAS,9,GUAYAQUIL,901,"Educación Inicial, Educación General Básica y Bachillerato",Particular,3
2023-2024 Inicio,09H00299,UNIDAD EDUCATIVA CIUDAD DE ESMERALDAS,GUAYAS,9,GUAYAQUIL,901,"Educación Inicial, Educación General Básica y Bachillerato",Fiscal,100
2023-2024 Inicio,01H00942,UNIDAD EDUCATIVA CIUDAD DE GIRON,AZUAY,1,GIRON,102,"Educación General Básica, Bachillerato y Ofertas Intensivas",Fiscal,110
2023-2024 Inicio,23H00827,UNIDAD EDUCATIVA CIUDAD DE GUARANDA,SANTO DOMINGO DE LOS TSACHILAS,23,SANTO DOMINGO,2301,"Educación Inicial, Educación General Básica y Bachillerato",Fiscal,48
2023-2024 Inicio,07H01131,UNIDAD EDUCATIVA CIUDAD DE GUAYAQUIL,EL ORO,7,SANTA ROSA,712,"Educación Inicial, Educación General Básica y Bachillerato",Fiscal,3
2023-2024 Inicio,07H00564,UNIDAD EDUCATIVA CIUDAD DE HUAQUILLAS,EL ORO,7,HUAQUILLAS,707,"Educación Inicial, Educación General Básica y Bachillerato",Fiscal,62
2023-2024 Inicio,10H00079,UNIDAD EDUCATIVA CIUDAD DE IBARRA,IMBABURA,10,IBARRA,1001,"Educación Inicial, Educación General Básica, Bachillerato y Ofertas Intensivas",Fiscal,42
2023-2024 Inicio,22H00268,UNIDAD EDUCATIVA CIUDAD DE IBARRA,ORELLANA,22,LA JOYA DE LOS SACHAS,2203,"Educación Inicial, Educación General Básica, Bachillerato y Ofertas Intensivas",Fiscal,69
2023-2024 Inicio,13H05391,UNIDAD EDUCATIVA CIUDAD DE JIPIJAPA,MANABI,13,EL CARMEN,1304,"Educación Inicial, Educación General Básica y Bachillerato",Fiscal,17
2023-2024 Inicio,13H01842,UNIDAD EDUCATIVA CIUDAD DE JIPIJAPA,MANABI,13,JIPIJAPA,1306,Educación General Básica y Bachillerato,Fiscal,16
2023-2024 Inicio,19H00394,UNIDAD EDUCATIVA CIUDAD DE LATACUNGA,ZAMORA CHINCHIPE,19,CENTINELA DEL CONDOR,1907,"Educación Inicial, Educación General Básica y Bachillerato",Fiscal,17
2023-2024 Inicio,23H00390,UNIDAD EDUCATIVA CIUDAD DE MACARA,SANTO DOMINGO DE LOS TSACHILAS,23,SANTO DOMINGO,2301,"Educación Inicial, Educación General Básica y Bachillerato",Fiscal,24
2023-2024 Inicio,13H01593,UNIDAD EDUCATIVA CIUDAD DE PAJAN,MANABI,13,EL CARMEN,1304,"Educación Inicial, Educación General Básica y Bachillerato",Fiscal,14
2023-2024 Inicio,01H01151,UNIDAD EDUCATIVA CIUDAD DE PAUTE,AZUAY,1,PAUTE,105,"Educación Inicial, Educación General Básica y Bachillerato",Fiscal,70
2023-2024 Inicio,21H00621,UNIDAD EDUCATIVA CIUDAD DE PORTOVIEJO,SUCUMBIOS,21,SHUSHUFINDI,2104,"Educación Inicial, Educación General Básica y Bachillerato",Fiscal,21
2023-2024 Inicio,12H02076,UNIDAD EDUCATIVA CIUDAD DE QUEVEDO,LOS RIOS,12,QUEVEDO,1205,Educación General Básica y Bachillerato,Municipal,106
2023-2024 Inicio,13H01405,UNIDAD EDUCATIVA CIUDAD DE ROCAFUERTE,MANABI,13,EL CARMEN,1304,"Educación Inicial, Educación General Básica y Bachillerato",Fiscal,13
2023-2024 Inicio,15H00035,UNIDAD EDUCATIVA CIUDAD DE TENA,NAPO,15,TENA,1501,"Educación Inicial, Educación General Básica, Bachillerato y Ofertas Intensivas",Fiscal,88
2023-2024 Inicio,12H01796,UNIDAD EDUCATIVA CIUDAD DE VALENCIA,LOS RIOS,12,VALENCIA,1211,"Educación General Básica, Bachillerato y Ofertas Intensivas",Fiscal,359
2023-2024 Inicio,23H00012,UNIDAD EDUCATIVA CLEMENCIA RODRIGUEZ DE MORA,SANTO DOMINGO DE LOS TSACHILAS,23,SANTO DOMINGO,2301,"Educación Inicial, Educación General Básica y Bachillerato",Fiscal,47
2023-2024 Inicio,12H00021,UNIDAD EDUCATIVA CLEMENTE BAQUERIZO,LOS RIOS,12,BABAHOYO,1201,Educación General Básica y Bachillerato,Fiscal,44
2023-2024 Inicio,17H01573,UNIDAD EDUCATIVA CLUB ÁRABE ECUATORIANO,PICHINCHA,17,QUITO,1701,Educación General Básica y Bachillerato,Fiscal,124
2023-2024 Inicio,06B00158,UNIDAD EDUCATIVA COCAN,CHIMBORAZO,6,ALAUSI,602,"Educación Inicial, Educación General Básica, Bachillerato y Ofertas Intensivas",Fiscal,9
2023-2024 Inicio,17H02348,UNIDAD EDUCATIVA COCHASQUI,PICHINCHA,17,PEDRO MONCAYO,1704,"Educación Inicial, Educación General Básica y Bachillerato",Fiscal,149
2023-2024 Inicio,09H03105,UNIDAD EDUCATIVA COLIMES,GUAYAS,9,COLIMES,905,"Educación General Básica, Bachillerato y Ofertas Intensivas",Fiscal,231
2023-2024 Inicio,13H00206,UNIDAD EDUCATIVA COLON,MANABI,13,PORTOVIEJO,1301,"Educación Inicial, Educación General Básica y Bachillerato",Fiscal,82
2023-2024 Inicio,13H05404,UNIDAD EDUCATIVA COLÓN ARTEAGA GARCÍA,MANABI,13,CHONE,1303,"Educación Inicial, Educación General Básica y Bachillerato",Fiscal,62
2023-2024 Inicio,17H03233,UNIDAD EDUCATIVA COMANDANTE LIZARDO ALFONSO VILLA MARIN,PICHINCHA,17,MEJIA,1703,"Educación Inicial, Educación General Básica y Bachillerato",Particular,10
2023-2024 Inicio,12H00819,UNIDAD EDUCATIVA COMANDANTE RAFAEL MORAN VALVERDE,LOS RIOS,12,QUEVEDO,1205,"Educación Inicial, Educación General Básica y Bachillerato",Particular,11
2023-2024 Inicio,06H00908,UNIDAD EDUCATIVA COMPUD,CHIMBORAZO,6,CHUNCHI,605,"Educación Inicial, Educación General Básica y Bachillerato",Fiscal,12
2023-2024 Inicio,15B00127,UNIDAD EDUCATIVA COMUNIT INTERCULT BILINGUE MIGUEL TUNAY,NAPO,15,ARCHIDONA,1503,"Educación Inicial, Educación General Básica y Bachillerato",Fiscal,10
2023-2024 Inicio,08B00018,UNIDAD EDUCATIVA COMUNITARIA  INTERCULTURAL BILINGÜE COZOPANGUI,ESMERALDAS,8,SAN LORENZO,805,"Educación Inicial, Educación General Básica y Bachillerato",Fiscal,11
2023-2024 Inicio,08B00014,UNIDAD EDUCATIVA COMUNITARIA  INTERCULTURAL BILINGÜE LUCIANO GERMAN NASTACUAZ,ESMERALDAS,8,SAN LORENZO,805,"Educación Inicial, Educación General Básica y Bachillerato",Fiscal,5
2023-2024 Inicio,05B00117,UNIDAD EDUCATIVA COMUNITARIA  INTERCULTURAL BILINGÜE SUMAK KAWSAY,COTOPAXI,5,LATACUNGA,501,"Educación Inicial, Educación General Básica y Bachillerato",Fiscal,2
2023-2024 Inicio,15B00065,UNIDAD EDUCATIVA COMUNITARIA INTERCULT BILINGÜE SUMAK SACHA,NAPO,15,TENA,1501,"Educación Inicial, Educación General Básica y Bachillerato",Fiscal,6
2023-2024 Inicio,15B00023,UNIDAD EDUCATIVA COMUNITARIA INTERCULTURAL  BILINGÜE KANAMBU,NAPO,15,TENA,1501,"Educación Inicial, Educación General Básica y Bachillerato",Fiscal,23
2023-2024 Inicio,21B00113,UNIDAD EDUCATIVA COMUNITARIA INTERCULTURAL AB MARTHA BUCARAM DE ROLDOS,SUCUMBIOS,21,SHUSHUFINDI,2104,"Educación Inicial, Educación General Básica y Bachillerato",Fiscal,44
2023-2024 Inicio,08B00045,UNIDAD EDUCATIVA COMUNITARIA INTERCULTURAL BILIGÜE LUZ Y VIDA,ESMERALDAS,8,QUININDE,804,"Educación Inicial, Educación General Básica y Bachillerato",Fiscal,20
2023-2024 Inicio,14B00051,UNIDAD EDUCATIVA COMUNITARIA INTERCULTURAL BILINGÜE  ALFREDO PEREZ GUERRERO,MORONA SANTIAGO,14,MORONA,1401,"Educación Inicial, Educación General Básica y Bachillerato",Fiscal,13
2023-2024 Inicio,18B00066,UNIDAD EDUCATIVA COMUNITARIA INTERCULTURAL BILINGÜE  BILINGÜE MANZANAPAMBA,TUNGURAHUA,18,SAN PEDRO DE PELILEO,1807,"Educación Inicial, Educación General Básica y Bachillerato",Fiscal,12
2023-2024 Inicio,05B00078,UNIDAD EDUCATIVA COMUNITARIA INTERCULTURAL BILINGUE  CHARLES DARWIN,COTOPAXI,5,SAQUISILI,506,"Educación Inicial, Educación General Básica y Bachillerato",Fiscal,11
2023-2024 Inicio,15B00029,UNIDAD EDUCATIVA COMUNITARIA INTERCULTURAL BILINGÜE  CONSEJO PROVINCIAL DE NAPO,NAPO,15,TENA,1501,"Educación Inicial, Educación General Básica y Bachillerato",Fiscal,9
2023-2024 Inicio,15B00085,UNIDAD EDUCATIVA COMUNITARIA INTERCULTURAL BILINGÜE  JACINTO COLLAHUAZO,NAPO,15,TENA,1501,"Educación Inicial, Educación General Básica y Bachillerato",Fiscal,9
2023-2024 Inicio,15B00180,UNIDAD EDUCATIVA COMUNITARIA INTERCULTURAL BILINGÜE  LORENZO CERDA,NAPO,15,TENA,1501,"Educación Inicial, Educación General Básica y Bachillerato",Fiscal,14
2023-2024 Inicio,14B00288,"UNIDAD EDUCATIVA COMUNITARIA INTERCULTURAL BILINGÜE ""28 DE NOVIEMBRE""",MORONA SANTIAGO,14,TAISHA,1409,"Educación Inicial, Educación General Básica y Bachillerato",Fiscal,19
2023-2024 Inicio,10B00155,UNIDAD EDUCATIVA COMUNITARIA INTERCULTURAL BILINGÜE JOSE PEDRO MALDONADO DUQUE,IMBABURA,10,OTAVALO,1004,"Educación Inicial, Educación General Básica y Bachillerato",Fiscal,43
2023-2024 Inicio,06B00505,UNIDAD EDUCATIVA COMUNITARIA INTERCULTURAL BILINGÜE 16 DE NOVIEMBRE,CHIMBORAZO,6,GUAMOTE,606,"Educación Inicial, Educación General Básica y Bachillerato",Fiscal,18
2023-2024 Inicio,06B00480,UNIDAD EDUCATIVA COMUNITARIA INTERCULTURAL BILINGÜE 23 DE JULIO,CHIMBORAZO,6,GUAMOTE,606,"Educación Inicial, Educación General Básica y Bachillerato",Fiscal,14
2023-2024 Inicio,14B00384,UNIDAD EDUCATIVA COMUNITARIA INTERCULTURAL BILINGÜE 24 DE FEBRERO,MORONA SANTIAGO,14,LOGROÑO,1410,"Educación Inicial, Educación General Básica y Bachillerato",Fiscal,8
2023-2024 Inicio,05B00047,UNIDAD EDUCATIVA COMUNITARIA INTERCULTURAL BILINGÜE 24 DE OCTUBRE,COTOPAXI,5,PUJILI,504,"Educación Inicial, Educación General Básica y Bachillerato",Fiscal,13
2023-2024 Inicio,14B00195,UNIDAD EDUCATIVA COMUNITARIA INTERCULTURAL BILINGÜE 27 DE NOVIEMBRE,MORONA SANTIAGO,14,HUAMBOYA,1407,Educación General Básica y Bachillerato,Fiscal,7
2023-2024 Inicio,06B00404,UNIDAD EDUCATIVA COMUNITARIA INTERCULTURAL BILINGÜE ACHULLAY,CHIMBORAZO,6,GUAMOTE,606,"Educación Inicial, Educación General Básica y Bachillerato",Fiscal,22
2023-2024 Inicio,19B00060,UNIDAD EDUCATIVA COMUNITARIA INTERCULTURAL BILINGÜE AGUSTIN TSAMAREIN CHUMAPI,ZAMORA CHINCHIPE,19,CENTINELA DEL CONDOR,1907,"Educación Inicial, Educación General Básica y Bachillerato",Fiscal,4
2023-2024 Inicio,10B00130,UNIDAD EDUCATIVA COMUNITARIA INTERCULTURAL BILINGUE ALEJANDRO CHAVEZ,IMBABURA,10,OTAVALO,1004,"Educación Inicial, Educación General Básica y Bachillerato",Fiscal,23
2023-2024 Inicio,05B00109,UNIDAD EDUCATIVA COMUNITARIA INTERCULTURAL BILINGÜE ALEJANDRO HUMBOLTH,COTOPAXI,5,PANGUA,503,"Educación Inicial, Educación General Básica y Bachillerato",Fiscal,6
2023-2024 Inicio,15B00125,UNIDAD EDUCATIVA COMUNITARIA INTERCULTURAL BILINGÜE ALMINDARIS,NAPO,15,ARCHIDONA,1503,"Educación Inicial, Educación General Básica y Bachillerato",Fiscal,14
2023-2024 Inicio,06B00382,UNIDAD EDUCATIVA COMUNITARIA INTERCULTURAL BILINGÜE AMAWTA FERNANDO DAQUILEMA,CHIMBORAZO,6,GUAMOTE,606,"Educación Inicial, Educación General Básica y Bachillerato",Fiscal,18
2023-2024 Inicio,06B00506,UNIDAD EDUCATIVA COMUNITARIA INTERCULTURAL BILINGÜE AMBROSIO LASSO,CHIMBORAZO,6,GUAMOTE,606,"Educación Inicial, Educación General Básica y Bachillerato",Fiscal,16
2023-2024 Inicio,22B00031,UNIDAD EDUCATIVA COMUNITARIA INTERCULTURAL BILINGÜE ANDRES ALVARADO ,ORELLANA,22,ORELLANA,2201,"Educación Inicial, Educación General Básica y Bachillerato",Fiscal,13
2023-2024 Inicio,03B00045,UNIDAD EDUCATIVA COMUNITARIA INTERCULTURAL BILINGÜE ANGEL MARIA IGLESIAS,CAÑAR,3,CAÑAR,303,"Educación Inicial, Educación General Básica y Bachillerato",Fiscal,3
2023-2024 Inicio,19B00029,UNIDAD EDUCATIVA COMUNITARIA INTERCULTURAL BILINGÜE ANGEL NOLBERTO SUAREZ,ZAMORA CHINCHIPE,19,YACUAMBI,1904,"Educación Inicial, Educación General Básica y Bachillerato",Fiscal,13
2023-2024 Inicio,14B00328,UNIDAD EDUCATIVA COMUNITARIA INTERCULTURAL BILINGÜE ANTONIO SAMANIEGO,MORONA SANTIAGO,14,TAISHA,1409,"Educación Inicial, Educación General Básica y Bachillerato",Fiscal,25
2023-2024 Inicio,06B00361,UNIDAD EDUCATIVA COMUNITARIA INTERCULTURAL BILINGÜE ATAHUALPA,CHIMBORAZO,6,GUAMOTE,606,"Educación Inicial, Educación General Básica y Bachillerato",Fiscal,19
2023-2024 Inicio,08B00034,UNIDAD EDUCATIVA COMUNITARIA INTERCULTURAL BILINGUE ATALAYA,ESMERALDAS,8,ELOY ALFARO,802,"Educación Inicial, Educación General Básica y Bachillerato",Fiscal,39
2023-2024 Inicio,17B00027,UNIDAD EDUCATIVA COMUNITARIA INTERCULTURAL BILINGÜE AYNI PACHA,PICHINCHA,17,QUITO,1701,Educación General Básica y Bachillerato,Fiscomisional,1
2023-2024 Inicio,14B00228,UNIDAD EDUCATIVA COMUNITARIA INTERCULTURAL BILINGÜE AYUMPUM,MORONA SANTIAGO,14,TAISHA,1409,"Educación Inicial, Educación General Básica y Bachillerato",Fiscal,22
2023-2024 Inicio,15B00122,UNIDAD EDUCATIVA COMUNITARIA INTERCULTURAL BILINGÜE BARTOLOME MARIN,NAPO,15,ARCHIDONA,1503,"Educación Inicial, Educación General Básica y Bachillerato",Fiscal,14
2023-2024 Inicio,08B00047,UNIDAD EDUCATIVA COMUNITARIA INTERCULTURAL BILINGÜE BATALLA DE TARQUI,ESMERALDAS,8,QUININDE,804,"Educación Inicial, Educación General Básica y Bachillerato",Fiscal,16
2023-2024 Inicio,06B00389,UNIDAD EDUCATIVA COMUNITARIA INTERCULTURAL BILINGÛE BATALLA DE TIOCAJAS,CHIMBORAZO,6,GUAMOTE,606,"Educación Inicial, Educación General Básica y Bachillerato",Fiscal,2
2023-2024 Inicio,19B00138,UNIDAD EDUCATIVA COMUNITARIA INTERCULTURAL BILINGÜE BERNARDINO ECHEVERRIA,ZAMORA CHINCHIPE,19,ZAMORA,1901,Educación General Básica y Bachillerato,Fiscal,6
2023-2024 Inicio,02B00080,UNIDAD EDUCATIVA COMUNITARIA INTERCULTURAL BILINGÜE CACIQUE GUARANGA,BOLIVAR,2,GUARANDA,201,"Educación Inicial, Educación General Básica y Bachillerato",Fiscal,3
2023-2024 Inicio,09B00038,UNIDAD EDUCATIVA COMUNITARIA INTERCULTURAL BILINGUE CACIQUE TUMBALA,GUAYAS,9,PLAYAS,921,"Educación Inicial, Educación General Básica y Bachillerato",Fiscal,33
2023-2024 Inicio,06B00292,UNIDAD EDUCATIVA COMUNITARIA INTERCULTURAL BILINGÜE CALANCHA,CHIMBORAZO,6,COLTA,603,"Educación Inicial, Educación General Básica y Bachillerato",Fiscal,3
2023-2024 Inicio,16B00141,UNIDAD EDUCATIVA COMUNITARIA INTERCULTURAL BILINGÜE CAMILO HUATATOCA,PASTAZA,16,SANTA CLARA,1603,"Educación Inicial, Educación General Básica, Bachillerato y Ofertas Intensivas",Fiscal,36
2023-2024 Inicio,16H00477,UNIDAD EDUCATIVA COMUNITARIA INTERCULTURAL BILINGÜE CANELOS,PASTAZA,16,PASTAZA,1601,"Educación Inicial, Educación General Básica y Bachillerato",Fiscomisional,15
2023-2024 Inicio,11B00069,UNIDAD EDUCATIVA COMUNITARIA INTERCULTURAL BILINGÜE CARCHI,LOJA,11,LOJA,1101,"Educación Inicial, Educación General Básica y Bachillerato",Fiscal,8
2023-2024 Inicio,14B00334,UNIDAD EDUCATIVA COMUNITARIA INTERCULTURAL BILINGÜE CESAR TUKUP,MORONA SANTIAGO,14,TAISHA,1409,"Educación Inicial, Educación General Básica y Bachillerato",Fiscal,9
2023-2024 Inicio,16B00239,UNIDAD EDUCATIVA COMUNITARIA INTERCULTURAL BILINGÜE CHAPINTS,PASTAZA,16,PASTAZA,1601,"Educación Inicial, Educación General Básica y Bachillerato",Fiscal,13
2023-2024 Inicio,02B00019,UNIDAD EDUCATIVA COMUNITARIA INTERCULTURAL BILINGÜE CHINIBI,BOLIVAR,2,GUARANDA,201,"Educación Inicial, Educación General Básica y Bachillerato",Fiscal,9
2023-2024 Inicio,05B00026,UNIDAD EDUCATIVA COMUNITARIA INTERCULTURAL BILINGÜE CHONE,COTOPAXI,5,PUJILI,504,"Educación Inicial, Educación General Básica y Bachillerato",Fiscal,8
2023-2024 Inicio,14B00030,UNIDAD EDUCATIVA COMUNITARIA INTERCULTURAL BILINGÜE CIUDAD DE MACAS,MORONA SANTIAGO,14,MORONA,1401,"Educación Inicial, Educación General Básica y Bachillerato",Fiscal,12
2023-2024 Inicio,19B00067,UNIDAD EDUCATIVA COMUNITARIA INTERCULTURAL BILINGÜE CIUDAD DE PAQUISHA,ZAMORA CHINCHIPE,19,PAQUISHA,1909,"Educación Inicial, Educación General Básica y Bachillerato",Fiscal,26
2023-2024 Inicio,02B00167,UNIDAD EDUCATIVA COMUNITARIA INTERCULTURAL BILINGÜE COCDIAG,BOLIVAR,2,GUARANDA,201,"Educación Inicial, Educación General Básica y Bachillerato",Fiscal,18
2023-2024 Inicio,06B00388,UNIDAD EDUCATIVA COMUNITARIA INTERCULTURAL BILINGÜE COCISA,CHIMBORAZO,6,GUAMOTE,606,"Educación Inicial, Educación General Básica y Bachillerato",Fiscal,9
2023-2024 Inicio,19B00091,UNIDAD EDUCATIVA COMUNITARIA INTERCULTURAL BILINGÜE DANIEL CHALAN,ZAMORA CHINCHIPE,19,YACUAMBI,1904,"Educación Inicial, Educación General Básica y Bachillerato",Fiscal,31
2023-2024 Inicio,06B00495,UNIDAD EDUCATIVA COMUNITARIA INTERCULTURAL BILINGÜE DANIEL EVAS GUARACA,CHIMBORAZO,6,GUAMOTE,606,"Educación Inicial, Educación General Básica y Bachillerato",Fiscal,5
2023-2024 Inicio,15B00040,UNIDAD EDUCATIVA COMUNITARIA INTERCULTURAL BILINGUE DAVID MILLER,NAPO,15,TENA,1501,"Educación Inicial, Educación General Básica y Bachillerato",Fiscal,27
2023-2024 Inicio,05B00064,UNIDAD EDUCATIVA COMUNITARIA INTERCULTURAL BILINGÜE DON BOSCO,COTOPAXI,5,PUJILI,504,"Educación Inicial, Educación General Básica y Bachillerato",Particular,50
2023-2024 Inicio,06B00311,UNIDAD EDUCATIVA COMUNITARIA INTERCULTURAL BILINGUE DR. MANUEL NAULA SAGÑAY,CHIMBORAZO,6,COLTA,603,"Educación Inicial, Educación General Básica y Bachillerato",Fiscal,13
2023-2024 Inicio,06B00431,UNIDAD EDUCATIVA COMUNITARIA INTERCULTURAL BILINGÜE DR. POMPEYO MONTALVO MONTERO,CHIMBORAZO,6,GUAMOTE,606,"Educación Inicial, Educación General Básica y Bachillerato",Fiscal,14
2023-2024 Inicio,06B00285,UNIDAD EDUCATIVA COMUNITARIA INTERCULTURAL BILINGÜE DUCHICELA SHIRY XII,CHIMBORAZO,6,COLTA,603,"Educación Inicial, Educación General Básica y Bachillerato",Fiscal,18
2023-2024 Inicio,14B00301,UNIDAD EDUCATIVA COMUNITARIA INTERCULTURAL BILINGUE ECUADOR AMAZONICO,MORONA SANTIAGO,14,TAISHA,1409,"Educación Inicial, Educación General Básica y Bachillerato",Fiscal,22
2023-2024 Inicio,19B00066,UNIDAD EDUCATIVA COMUNITARIA INTERCULTURAL BILINGÜE EDUARDO JUANK MIIK,ZAMORA CHINCHIPE,19,PAQUISHA,1909,"Educación Inicial, Educación General Básica y Bachillerato",Fiscal,10
2023-2024 Inicio,15B00070,UNIDAD EDUCATIVA COMUNITARIA INTERCULTURAL BILINGUE EL PANO,NAPO,15,TENA,1501,"Educación Inicial, Educación General Básica y Bachillerato",Fiscal,30
2023-2024 Inicio,06B00385,UNIDAD EDUCATIVA COMUNITARIA INTERCULTURAL BILINGÜE ELOY ALFARO DELGADO,CHIMBORAZO,6,GUAMOTE,606,"Educación Inicial, Educación General Básica y Bachillerato",Fiscal,22
2023-2024 Inicio,14B00176,UNIDAD EDUCATIVA COMUNITARIA INTERCULTURAL BILINGÜE ENTSA,MORONA SANTIAGO,14,HUAMBOYA,1407,"Educación Inicial, Educación General Básica y Bachillerato",Fiscal,3
2023-2024 Inicio,06B00619,UNIDAD EDUCATIVA COMUNITARIA INTERCULTURAL BILINGÜE ESPECIAL LOUIS BRAILLE,CHIMBORAZO,6,COLTA,603,Educación General Básica y Bachillerato,Fiscal,2
2023-2024 Inicio,17B00095,UNIDAD EDUCATIVA COMUNITARIA INTERCULTURAL BILINGÜE FISCAL KITUKARA,PICHINCHA,17,QUITO,1701,Educación General Básica y Bachillerato,Fiscal,27
2023-2024 Inicio,14B00269,UNIDAD EDUCATIVA COMUNITARIA INTERCULTURAL BILINGUE FISCOMISIONAL ACHUAR,MORONA SANTIAGO,14,TAISHA,1409,Educación General Básica y Bachillerato,Fiscomisional,28
2023-2024 Inicio,14B00028,UNIDAD EDUCATIVA COMUNITARIA INTERCULTURAL BILINGÜE FISCOMISIONAL DOMINGO SAVIO,MORONA SANTIAGO,14,MORONA,1401,Educación General Básica y Bachillerato,Fiscomisional,16
2023-2024 Inicio,14B00203,UNIDAD EDUCATIVA COMUNITARIA INTERCULTURAL BILINGÜE FISCOMISIONAL SAN JOSE ,MORONA SANTIAGO,14,SAN JUAN BOSCO,1408,Educación General Básica y Bachillerato,Fiscomisional,2
2023-2024 Inicio,16B00166,UNIDAD EDUCATIVA COMUNITARIA INTERCULTURAL BILINGÜE GARENO,NAPO,15,TENA,1501,"Educación Inicial, Educación General Básica y Bachillerato",Fiscal,9
2023-2024 Inicio,19B00139,UNIDAD EDUCATIVA COMUNITARIA INTERCULTURAL BILINGÜE GENERAL MIRANDA,ZAMORA CHINCHIPE,19,YACUAMBI,1904,"Educación Inicial, Educación General Básica y Bachillerato",Fiscal,9
2023-2024 Inicio,02B00065,UNIDAD EDUCATIVA COMUNITARIA INTERCULTURAL BILINGÜE GENERAL PINTAG,BOLIVAR,2,GUARANDA,201,"Educación Inicial, Educación General Básica y Bachillerato",Fiscal,13
2023-2024 Inicio,06B00235,UNIDAD EDUCATIVA COMUNITARIA INTERCULTURAL BILINGÜE GENERAL RUMIÑAHUI,CHIMBORAZO,6,COLTA,603,"Educación Inicial, Educación General Básica y Bachillerato",Fiscal,11
2023-2024 Inicio,15B00129,UNIDAD EDUCATIVA COMUNITARIA INTERCULTURAL BILINGÜE GONZALO DAVID AVILEZ TANGUILA,NAPO,15,ARCHIDONA,1503,"Educación Inicial, Educación General Básica y Bachillerato",Fiscal,29
2023-2024 Inicio,23B00016,UNIDAD EDUCATIVA COMUNITARIA INTERCULTURAL BILINGÜE GUARDIANA DE LA LENGUA ABRAHAM CALAZACON,SANTO DOMINGO DE LOS TSACHILAS,23,SANTO DOMINGO,2301,"Educación Inicial, Educación General Básica y Bachillerato",Fiscal,12
2023-2024 Inicio,22B00121,UNIDAD EDUCATIVA COMUNITARIA INTERCULTURAL BILINGÜE GUARDIANAS DE LA LENGUA Y DE LOS SABERES HUIRUNO,ORELLANA,22,LORETO,2204,"Educación Inicial, Educación General Básica y Bachillerato",Fiscal,48
2023-2024 Inicio,22B00054,UNIDAD EDUCATIVA COMUNITARIA INTERCULTURAL BILINGÜE GUARDIANAS DE LA LENGUA Y DE LOS SABERES MUSHUK AYLLU,ORELLANA,22,ORELLANA,2201,"Educación Inicial, Educación General Básica y Bachillerato",Fiscal,58
2023-2024 Inicio,06B00216,UNIDAD EDUCATIVA COMUNITARIA INTERCULTURAL BILINGÜE HERMEL TAYUPANDA,CHIMBORAZO,6,COLTA,603,"Educación Inicial, Educación General Básica y Bachillerato",Fiscal,12
2023-2024 Inicio,06B00498,UNIDAD EDUCATIVA COMUNITARIA INTERCULTURAL BILINGÜE HEROES DEL CENEPA,CHIMBORAZO,6,GUAMOTE,606,"Educación Inicial, Educación General Básica y Bachillerato",Fiscal,18
2023-2024 Inicio,06B00289,UNIDAD EDUCATIVA COMUNITARIA INTERCULTURAL BILINGÜE HUALCOPO DUCHICELA,CHIMBORAZO,6,COLTA,603,"Educación Inicial, Educación General Básica, Bachillerato y Ofertas Intensivas",Fiscal,96
2023-2024 Inicio,15B00139,UNIDAD EDUCATIVA COMUNITARIA INTERCULTURAL BILINGÜE HUAMANI,NAPO,15,ARCHIDONA,1503,"Educación Inicial, Educación General Básica y Bachillerato",Fiscal,9
2023-2024 Inicio,11B00063,UNIDAD EDUCATIVA COMUNITARIA INTERCULTURAL BILINGUE INKA SAMANA,LOJA,11,SARAGURO,1111,"Educación Inicial, Educación General Básica y Bachillerato",Fiscal,24
2023-2024 Inicio,02B00007,UNIDAD EDUCATIVA COMUNITARIA INTERCULTURAL BILINGUE INTI CHURI,BOLIVAR,2,GUARANDA,201,"Educación Inicial, Educación General Básica y Bachillerato",Fiscal,12
2023-2024 Inicio,21B00002,UNIDAD EDUCATIVA COMUNITARIA INTERCULTURAL BILINGÜE INTI PAKARI,SUCUMBIOS,21,LAGO AGRIO,2101,"Educación Inicial, Educación General Básica y Bachillerato",Fiscal,50
2023-2024 Inicio,15B00012,UNIDAD EDUCATIVA COMUNITARIA INTERCULTURAL BILINGÜE INTILLACTA DE PAUSHIYACU,NAPO,15,TENA,1501,"Educación Inicial, Educación General Básica y Bachillerato",Fiscal,16
2023-2024 Inicio,14B00462,UNIDAD EDUCATIVA COMUNITARIA INTERCULTURAL BILINGUE ISIDORO BIGATTI,MORONA SANTIAGO,14,MORONA,1401,Educación General Básica y Bachillerato,Fiscal,6
2023-2024 Inicio,14B00139,UNIDAD EDUCATIVA COMUNITARIA INTERCULTURAL BILINGUE JACINTO COLLAGUAZO,MORONA SANTIAGO,14,SUCUA,1406,"Educación Inicial, Educación General Básica y Bachillerato",Fiscal,5
2023-2024 Inicio,15B00076,UNIDAD EDUCATIVA COMUNITARIA INTERCULTURAL BILINGÜE JAIME ELLIOT,NAPO,15,TENA,1501,"Educación Inicial, Educación General Básica y Bachillerato",Fiscal,22
2023-2024 Inicio,06B00233,UNIDAD EDUCATIVA COMUNITARIA INTERCULTURAL BILINGÜE JAIME ROLDOS AGUILERA,CHIMBORAZO,6,COLTA,603,"Educación Inicial, Educación General Básica y Bachillerato",Fiscal,31
2023-2024 Inicio,05B00113,UNIDAD EDUCATIVA COMUNITARIA INTERCULTURAL BILINGÜE JATUN JUIGUA,COTOPAXI,5,PUJILI,504,Educación General Básica y Bachillerato,Fiscal,7
2023-2024 Inicio,19B00009,UNIDAD EDUCATIVA COMUNITARIA INTERCULTURAL BILINGÜE JOSE LUIS NANTIPA,ZAMORA CHINCHIPE,19,NANGARITZA,1903,"Educación Inicial, Educación General Básica y Bachillerato",Fiscal,4
2023-2024 Inicio,19B00084,UNIDAD EDUCATIVA COMUNITARIA INTERCULTURAL BILINGÜE JUAN CHUINDA,ZAMORA CHINCHIPE,19,NANGARITZA,1903,"Educación Inicial, Educación General Básica y Bachillerato",Fiscal,5
2023-2024 Inicio,08B00041,UNIDAD EDUCATIVA COMUNITARIA INTERCULTURAL BILINGUE JUAN LORENZO AÑAPA,ESMERALDAS,8,MUISNE,803,"Educación Inicial, Educación General Básica y Bachillerato",Fiscal,17
2023-2024 Inicio,03B00058,UNIDAD EDUCATIVA COMUNITARIA INTERCULTURAL BILINGÜE JUNCAL,CAÑAR,3,CAÑAR,303,Educación General Básica y Bachillerato,Fiscal,9
2023-2024 Inicio,14B00362,UNIDAD EDUCATIVA COMUNITARIA INTERCULTURAL BILINGÜE KANUS,MORONA SANTIAGO,14,TAISHA,1409,"Educación Inicial, Educación General Básica y Bachillerato",Fiscal,10
2023-2024 Inicio,16B00107,UNIDAD EDUCATIVA COMUNITARIA INTERCULTURAL BILINGÜE KAWSAK RUMI ,PASTAZA,16,PASTAZA,1601,"Educación Inicial, Educación General Básica y Bachillerato",Fiscal,5
2023-2024 Inicio,05B00003,UNIDAD EDUCATIVA COMUNITARIA INTERCULTURAL BILINGÜE KAWSAYPA YACHAY DE PUEBLO MACA,COTOPAXI,5,LATACUNGA,501,Educación General Básica y Bachillerato,Fiscal,10
2023-2024 Inicio,07B00005,UNIDAD EDUCATIVA COMUNITARIA INTERCULTURAL BILINGÜE KICHWAKUNAPAK AMAUTA YACHAY,EL ORO,7,MACHALA,701,"Educación Inicial, Educación General Básica y Bachillerato",Fiscal,17
2023-2024 Inicio,16B00222,UNIDAD EDUCATIVA COMUNITARIA INTERCULTURAL BILINGÜE KUMAY,PASTAZA,16,PASTAZA,1601,"Educación Inicial, Educación General Básica y Bachillerato",Fiscal,22
2023-2024 Inicio,16B00055,UNIDAD EDUCATIVA COMUNITARIA INTERCULTURAL BILINGÜE KURINTSA,PASTAZA,16,PASTAZA,1601,"Educación Inicial, Educación General Básica y Bachillerato",Fiscal,5
2023-2024 Inicio,02B00142,UNIDAD EDUCATIVA COMUNITARIA INTERCULTURAL BILINGÜE LA PAZ,BOLIVAR,2,GUARANDA,201,Educación General Básica y Bachillerato,Fiscal,7
2023-2024 Inicio,14B00223,UNIDAD EDUCATIVA COMUNITARIA INTERCULTURAL BILINGÜE LOS ANGELES,MORONA SANTIAGO,14,TAISHA,1409,Educación General Básica y Bachillerato,Fiscal,8
2023-2024 Inicio,06B00521,UNIDAD EDUCATIVA COMUNITARIA INTERCULTURAL BILINGÜE LOS TIPINES,CHIMBORAZO,6,GUAMOTE,606,"Educación Inicial, Educación General Básica y Bachillerato",Fiscal,15
2023-2024 Inicio,21B00107,UNIDAD EDUCATIVA COMUNITARIA INTERCULTURAL BILINGÜE LUIS FELIPE WAJAREI,SUCUMBIOS,21,SHUSHUFINDI,2104,"Educación Inicial, Educación General Básica, Bachillerato y Ofertas Intensivas",Fiscal,89
2023-2024 Inicio,19B00036,UNIDAD EDUCATIVA COMUNITARIA INTERCULTURAL BILINGUE LUIS TSUKANKA,ZAMORA CHINCHIPE,19,YACUAMBI,1904,"Educación Inicial, Educación General Básica y Bachillerato",Fiscal,7
2023-2024 Inicio,06B00324,UNIDAD EDUCATIVA COMUNITARIA INTERCULTURAL BILINGÜE MAESTRO OSWALDO GUAYASAMIN CALERO,CHIMBORAZO,6,COLTA,603,"Educación Inicial, Educación General Básica y Bachillerato",Fiscal,14
2023-2024 Inicio,11B00068,UNIDAD EDUCATIVA COMUNITARIA INTERCULTURAL BILINGÜE MANUEL DE JESUS MACAS MINGA,LOJA,11,LOJA,1101,"Educación Inicial, Educación General Básica y Bachillerato",Fiscal,10
2023-2024 Inicio,06B00328,UNIDAD EDUCATIVA COMUNITARIA INTERCULTURAL BILINGÜE MARIANO VALLA SAGÑAY,CHIMBORAZO,6,COLTA,603,Educación General Básica y Bachillerato,Fiscal,5
2023-2024 Inicio,06B00479,UNIDAD EDUCATIVA COMUNITARIA INTERCULTURAL BILINGÜE MARTHA BUCARAM DE ROLDOS,CHIMBORAZO,6,GUAMOTE,606,"Educación Inicial, Educación General Básica y Bachillerato",Fiscal,9
2023-2024 Inicio,10B00077,UNIDAD EDUCATIVA COMUNITARIA INTERCULTURAL BILINGÜE MIGUEL EGAS CABEZAS,IMBABURA,10,OTAVALO,1004,"Educación Inicial, Educación General Básica y Bachillerato",Fiscal,36
2023-2024 Inicio,15B00137,UNIDAD EDUCATIVA COMUNITARIA INTERCULTURAL BILINGÜE MONDAYACU,NAPO,15,ARCHIDONA,1503,"Educación Inicial, Educación General Básica y Bachillerato",Fiscal,5
2023-2024 Inicio,06B00332,UNIDAD EDUCATIVA COMUNITARIA INTERCULTURAL BILINGÜE MONSEÑOR LEONIDAS PROAÑO,CHIMBORAZO,6,COLTA,603,"Educación Inicial, Educación General Básica y Bachillerato",Fiscal,12
2023-2024 Inicio,14B00249,UNIDAD EDUCATIVA COMUNITARIA INTERCULTURAL BILINGUE MUKUINK,MORONA SANTIAGO,14,TAISHA,1409,"Educación Inicial, Educación General Básica y Bachillerato",Fiscal,5
2023-2024 Inicio,11B00010,UNIDAD EDUCATIVA COMUNITARIA INTERCULTURAL BILINGÜE MUSHUK RIMAK,LOJA,11,LOJA,1101,"Educación Inicial, Educación General Básica y Bachillerato",Fiscal,28
2023-2024 Inicio,17B00005,UNIDAD EDUCATIVA COMUNITARIA INTERCULTURAL BILINGÜE MUSHUK YACHAY,PICHINCHA,17,QUITO,1701,"Educación Inicial, Educación General Básica y Bachillerato",Fiscal,25
2023-2024 Inicio,06B00507,UNIDAD EDUCATIVA COMUNITARIA INTERCULTURAL BILINGÜE NACION PURUHA,CHIMBORAZO,6,GUAMOTE,606,"Educación Inicial, Educación General Básica y Bachillerato",Fiscal,23
2023-2024 Inicio,15B00020,UNIDAD EDUCATIVA COMUNITARIA INTERCULTURAL BILINGÜE NICOLAS SHIGUANGO,NAPO,15,TENA,1501,"Educación Inicial, Educación General Básica y Bachillerato",Fiscal,9
2023-2024 Inicio,21B00049,UNIDAD EDUCATIVA COMUNITARIA INTERCULTURAL BILINGUE NUEVOS HORIZONTES,SUCUMBIOS,21,LAGO AGRIO,2101,"Educación Inicial, Educación General Básica y Bachillerato",Fiscal,18
2023-2024 Inicio,14B00220,UNIDAD EDUCATIVA COMUNITARIA INTERCULTURAL BILINGUE NUNKUI,MORONA SANTIAGO,14,TAISHA,1409,"Educación Inicial, Educación General Básica y Bachillerato",Fiscal,10
2023-2024 Inicio,14B00156,UNIDAD EDUCATIVA COMUNITARIA INTERCULTURAL BILINGÜE NUNKUI,MORONA SANTIAGO,14,SUCUA,1406,"Educación Inicial, Educación General Básica y Bachillerato",Fiscal,10
2023-2024 Inicio,06B00447,UNIDAD EDUCATIVA COMUNITARIA INTERCULTURAL BILINGUE ÑUKANCHIK YACHAY ,CHIMBORAZO,6,GUAMOTE,606,"Educación Inicial, Educación General Básica y Bachillerato",Fiscomisional,9
2023-2024 Inicio,03B00032,UNIDAD EDUCATIVA COMUNITARIA INTERCULTURAL BILINGÜE PACHAKUTIK,CAÑAR,3,CAÑAR,303,"Educación Inicial, Educación General Básica y Bachillerato",Fiscal,8
2023-2024 Inicio,14B00138,UNIDAD EDUCATIVA COMUNITARIA INTERCULTURAL BILINGÜE PADRE ALFREDO GERMANI,MORONA SANTIAGO,14,SUCUA,1406,"Educación Inicial, Educación General Básica y Bachillerato",Fiscal,22
2023-2024 Inicio,14B00012,UNIDAD EDUCATIVA COMUNITARIA INTERCULTURAL BILINGÜE PADRE ANGEL ROUBY,MORONA SANTIAGO,14,MORONA,1401,Educación General Básica y Bachillerato,Fiscal,11
2023-2024 Inicio,14B00371,UNIDAD EDUCATIVA COMUNITARIA INTERCULTURAL BILINGUE PADRE JOSE VICENTE,MORONA SANTIAGO,14,LOGROÑO,1410,Educación General Básica y Bachillerato,Fiscal,30
2023-2024 Inicio,16B00075,UNIDAD EDUCATIVA COMUNITARIA INTERCULTURAL BILINGÜE PAKAYAKU,PASTAZA,16,PASTAZA,1601,"Educación Inicial, Educación General Básica y Bachillerato",Fiscal,12
2023-2024 Inicio,14B00470,UNIDAD EDUCATIVA COMUNITARIA INTERCULTURAL BILINGÜE PANINTS,MORONA SANTIAGO,14,TIWINTZA,1412,"Educación Inicial, Educación General Básica y Bachillerato",Fiscal,8
2023-2024 Inicio,16B00048,UNIDAD EDUCATIVA COMUNITARIA INTERCULTURAL BILINGÜE PEAS,PASTAZA,16,PASTAZA,1601,"Educación Inicial, Educación General Básica y Bachillerato",Fiscal,8
2023-2024 Inicio,06B00612,UNIDAD EDUCATIVA COMUNITARIA INTERCULTURAL BILINGÜE PEDRO IGNACIO LIZARZABURU,CHIMBORAZO,6,COLTA,603,"Educación Inicial, Educación General Básica y Bachillerato",Fiscal,7
2023-2024 Inicio,15B00158,UNIDAD EDUCATIVA COMUNITARIA INTERCULTURAL BILINGUE POROTOYACU,NAPO,15,ARCHIDONA,1503,"Educación Inicial, Educación General Básica y Bachillerato",Fiscal,21
2023-2024 Inicio,05B00008,UNIDAD EDUCATIVA COMUNITARIA INTERCULTURAL BILINGÜE PUEBLO MACA GRANDE,COTOPAXI,5,LATACUNGA,501,Educación General Básica y Bachillerato,Fiscal,7
2023-2024 Inicio,03B00133,UNIDAD EDUCATIVA COMUNITARIA INTERCULTURAL BILINGÜE QUILLOAC,CAÑAR,3,CAÑAR,303,"Educación Inicial, Educación General Básica, Bachillerato y Ofertas Intensivas",Fiscal,28
2023-2024 Inicio,05B00021,UNIDAD EDUCATIVA COMUNITARIA INTERCULTURAL BILINGÜE REMIGIO CRESPO TORAL,COTOPAXI,5,PUJILI,504,"Educación Inicial, Educación General Básica y Bachillerato",Fiscal,8
2023-2024 Inicio,05B00136,UNIDAD EDUCATIVA COMUNITARIA INTERCULTURAL BILINGÜE REPÚBLICA DOMINICANA ,COTOPAXI,5,PANGUA,503,"Educación Inicial, Educación General Básica y Bachillerato",Fiscal,9
2023-2024 Inicio,14B00307,UNIDAD EDUCATIVA COMUNITARIA INTERCULTURAL BILINGÜE RIO NAPO,MORONA SANTIAGO,14,TAISHA,1409,Educación General Básica y Bachillerato,Fiscal,5
2023-2024 Inicio,06B00374,UNIDAD EDUCATIVA COMUNITARIA INTERCULTURAL BILINGUE RUMIÑAHUI,CHIMBORAZO,6,GUAMOTE,606,"Educación Inicial, Educación General Básica y Bachillerato",Fiscal,8
2023-2024 Inicio,11B00018,UNIDAD EDUCATIVA COMUNITARIA INTERCULTURAL BILINGUE RUMIÑAHUI,LOJA,11,LOJA,1101,"Educación Inicial, Educación General Básica y Bachillerato",Fiscal,9
2023-2024 Inicio,02B00121,UNIDAD EDUCATIVA COMUNITARIA INTERCULTURAL BILINGÜE RUMIÑAHUI,BOLIVAR,2,GUARANDA,201,"Educación Inicial, Educación General Básica y Bachillerato",Fiscal,18
2023-2024 Inicio,06B00322,UNIDAD EDUCATIVA COMUNITARIA INTERCULTURAL BILINGÜE SAN GUISEL ALTO,CHIMBORAZO,6,COLTA,603,Educación General Básica y Bachillerato,Fiscal,7
2023-2024 Inicio,16B00137,UNIDAD EDUCATIVA COMUNITARIA INTERCULTURAL BILINGÜE SAN JACINTO,PASTAZA,16,MERA,1602,"Educación Inicial, Educación General Básica y Bachillerato",Fiscal,5
2023-2024 Inicio,01B00051,UNIDAD EDUCATIVA COMUNITARIA INTERCULTURAL BILINGÜE SAN JOSE,AZUAY,1,NABON,104,Educación General Básica y Bachillerato,Fiscal,8
2023-2024 Inicio,15B00204,UNIDAD EDUCATIVA COMUNITARIA INTERCULTURAL BILINGÜE SAN JOSE DE CHONTA PUNTA,NAPO,15,TENA,1501,"Educación Inicial, Educación General Básica y Bachillerato",Fiscal,44
2023-2024 Inicio,02B00001,UNIDAD EDUCATIVA COMUNITARIA INTERCULTURAL BILINGÜE SAN JUAN BOSCO,BOLIVAR,2,GUARANDA,201,"Educación Inicial, Educación General Básica, Bachillerato y Ofertas Intensivas",Fiscal,76
2023-2024 Inicio,15B00157,UNIDAD EDUCATIVA COMUNITARIA INTERCULTURAL BILINGUE SAN PABLO,NAPO,15,ARCHIDONA,1503,"Educación Inicial, Educación General Básica y Bachillerato",Fiscal,6
2023-2024 Inicio,14B00390,UNIDAD EDUCATIVA COMUNITARIA INTERCULTURAL BILINGUE SANTA INES,MORONA SANTIAGO,14,LOGROÑO,1410,"Educación Inicial, Educación General Básica y Bachillerato",Fiscal,12
2023-2024 Inicio,09B00024,UNIDAD EDUCATIVA COMUNITARIA INTERCULTURAL BILINGÜE SANTIAGO DE GUAYAQUIL,GUAYAS,9,GUAYAQUIL,901,"Educación Inicial, Educación General Básica y Bachillerato",Fiscal,21
2023-2024 Inicio,06B00351,UNIDAD EDUCATIVA COMUNITARIA INTERCULTURAL BILINGÛE SANTIAGO DE QUITO,CHIMBORAZO,6,COLTA,603,"Educación Inicial, Educación General Básica, Bachillerato y Ofertas Intensivas",Fiscal,16
2023-2024 Inicio,05B00050,UNIDAD EDUCATIVA COMUNITARIA INTERCULTURAL BILINGÜE SARAUGSHA,COTOPAXI,5,PUJILI,504,"Educación Inicial, Educación General Básica y Bachillerato",Fiscal,8
2023-2024 Inicio,06B00214,UNIDAD EDUCATIVA COMUNITARIA INTERCULTURAL BILINGÜE SEGUNDO JACOBO YEPEZ,CHIMBORAZO,6,COLTA,603,"Educación Inicial, Educación General Básica y Bachillerato",Fiscal,9
2023-2024 Inicio,14B00160,UNIDAD EDUCATIVA COMUNITARIA INTERCULTURAL BILINGÜE SEGUNDO JEMPE,MORONA SANTIAGO,14,HUAMBOYA,1407,"Educación Inicial, Educación General Básica y Bachillerato",Fiscal,17
2023-2024 Inicio,02B00048,UNIDAD EDUCATIVA COMUNITARIA INTERCULTURAL BILINGUE SIETE DE MAYO,BOLIVAR,2,GUARANDA,201,"Educación Inicial, Educación General Básica y Bachillerato",Fiscal,11
2023-2024 Inicio,03B00054,UNIDAD EDUCATIVA COMUNITARIA INTERCULTURAL BILINGÜE SISID,CAÑAR,3,CAÑAR,303,"Educación Inicial, Educación General Básica y Bachillerato",Fiscal,12
2023-2024 Inicio,06H00571,UNIDAD EDUCATIVA COMUNITARIA INTERCULTURAL BILINGÜE SOCTA URCO,CHIMBORAZO,6,ALAUSI,602,"Educación Inicial, Educación General Básica y Bachillerato",Fiscal,20
2023-2024 Inicio,02B00120,UNIDAD EDUCATIVA COMUNITARIA INTERCULTURAL BILINGÜE SURUPUCYU,BOLIVAR,2,GUARANDA,201,"Educación Inicial, Educación General Básica y Bachillerato",Fiscal,17
2023-2024 Inicio,03B00077,UNIDAD EDUCATIVA COMUNITARIA INTERCULTURAL BILINGÜE SUSCAL,CAÑAR,3,SUSCAL,307,"Educación Inicial, Educación General Básica y Bachillerato",Fiscal,23
2023-2024 Inicio,17B00037,UNIDAD EDUCATIVA COMUNITARIA INTERCULTURAL BILINGUE TINKU YACHAY,PICHINCHA,17,QUITO,1701,"Educación Inicial, Educación General Básica y Bachillerato",Fiscal,16
2023-2024 Inicio,14B00187,UNIDAD EDUCATIVA COMUNITARIA INTERCULTURAL BILINGÜE TOBIAS CELESTINO ZANIMBA GAVILANES,MORONA SANTIAGO,14,HUAMBOYA,1407,"Educación Inicial, Educación General Básica, Bachillerato y Ofertas Intensivas",Fiscal,11
2023-2024 Inicio,16B00088,UNIDAD EDUCATIVA COMUNITARIA INTERCULTURAL BILINGÜE TSANTSA,PASTAZA,16,PASTAZA,1601,"Educación Inicial, Educación General Básica y Bachillerato",Fiscal,17
2023-2024 Inicio,16B00041,UNIDAD EDUCATIVA COMUNITARIA INTERCULTURAL BILINGÜE TUNA,PASTAZA,16,PASTAZA,1601,"Educación Inicial, Educación General Básica y Bachillerato",Fiscomisional,3
2023-2024 Inicio,14B00171,UNIDAD EDUCATIVA COMUNITARIA INTERCULTURAL BILINGÜE TUNTA,MORONA SANTIAGO,14,HUAMBOYA,1407,"Educación Inicial, Educación General Básica y Bachillerato",Fiscal,37
2023-2024 Inicio,02B00079,UNIDAD EDUCATIVA COMUNITARIA INTERCULTURAL BILINGÜE TUPAK YUPANKI,BOLIVAR,2,GUARANDA,201,"Educación Inicial, Educación General Básica y Bachillerato",Fiscal,9
2023-2024 Inicio,11B00032,UNIDAD EDUCATIVA COMUNITARIA INTERCULTURAL BILINGÜE TUPAK YUPANKI,LOJA,11,SARAGURO,1111,"Educación Inicial, Educación General Básica y Bachillerato",Fiscal,15
2023-2024 Inicio,19B00053,UNIDAD EDUCATIVA COMUNITARIA INTERCULTURAL BILINGUE TUTIN,ZAMORA CHINCHIPE,19,EL PANGUI,1906,"Educación Inicial, Educación General Básica y Bachillerato",Fiscal,1
2023-2024 Inicio,14B00367,UNIDAD EDUCATIVA COMUNITARIA INTERCULTURAL BILINGÜE TUUTINENTSA,MORONA SANTIAGO,14,TAISHA,1409,"Educación Inicial, Educación General Básica y Bachillerato",Fiscal,26
2023-2024 Inicio,03B00069,UNIDAD EDUCATIVA COMUNITARIA INTERCULTURAL BILINGÜE UE FISCOMISIONAL MUSHUK KAWSAY,CAÑAR,3,EL TAMBO,305,"Educación Inicial, Educación General Básica y Bachillerato",Fiscomisional,15
2023-2024 Inicio,14B00135,UNIDAD EDUCATIVA COMUNITARIA INTERCULTURAL BILINGUE VICENTE WAMPUTSAR,MORONA SANTIAGO,14,SUCUA,1406,"Educación Inicial, Educación General Básica y Bachillerato",Fiscal,9
2023-2024 Inicio,22B00039,UNIDAD EDUCATIVA COMUNITARIA INTERCULTURAL BILINGÜE WAYUSA,ORELLANA,22,ORELLANA,2201,"Educación Inicial, Educación General Básica y Bachillerato",Fiscal,25
2023-2024 Inicio,15B00071,UNIDAD EDUCATIVA COMUNITARIA INTERCULTURAL BILINGÜE XAVIER TANGUILA,NAPO,15,TENA,1501,"Educación Inicial, Educación General Básica y Bachillerato",Fiscal,7
2023-2024 Inicio,14B00359,UNIDAD EDUCATIVA COMUNITARIA INTERCULTURAL BILINGÜE YAAS-NUNKA,MORONA SANTIAGO,14,TAISHA,1409,Educación General Básica y Bachillerato,Fiscal,5
2023-2024 Inicio,05B00111,UNIDAD EDUCATIVA COMUNITARIA INTERCULTURAL BILLINGUE  ANTONIO MILLINGALLI AYALA,COTOPAXI,5,SIGCHOS,507,"Educación Inicial, Educación General Básica y Bachillerato",Fiscal,8
2023-2024 Inicio,05B00090,UNIDAD EDUCATIVA COMUNITARIA INTERCULTURAL BILLINGUE DE  EDUCACION BASICA TUPAC YUPANQUI,COTOPAXI,5,SIGCHOS,507,"Educación Inicial, Educación General Básica y Bachillerato",Fiscal,8
2023-2024 Inicio,17B00221,UNIDAD EDUCATIVA COMUNITARIO INTERCULTURAL BILINGUE MUYU KAWSAY,PICHINCHA,17,QUITO,1701,Educación General Básica y Bachillerato,Fiscal,77
2023-2024 Inicio,14B00263,UNIDAD EDUCATIVA COMUNITARIO INTERCULTURAL BILINGUE TAKI,MORONA SANTIAGO,14,TAISHA,1409,"Educación Inicial, Educación General Básica y Bachillerato",Fiscal,10
2023-2024 Inicio,06H00436,UNIDAD EDUCATIVA CONDORAZO,CHIMBORAZO,6,RIOBAMBA,601,Educación General Básica y Bachillerato,Fiscal,17
2023-2024 Inicio,04H00028,UNIDAD EDUCATIVA CONSEJO PROVINCIAL DEL CARCHI,CARCHI,4,TULCAN,401,"Educación Inicial, Educación General Básica y Bachillerato",Fiscal,23
2023-2024 Inicio,12H01719,UNIDAD EDUCATIVA CORAZÓN DE JESÚS,LOS RIOS,12,VALENCIA,1211,"Educación Inicial, Educación General Básica y Bachillerato",Fiscal,20
2023-2024 Inicio,02H00350,UNIDAD EDUCATIVA CORINA PARRAL DE VELASCO IBARRA,BOLIVAR,2,CHIMBO,203,Educación General Básica y Bachillerato,Fiscal,60
2023-2024 Inicio,01H01250,UNIDAD EDUCATIVA CORNELIO VELEZ,AZUAY,1,PUCARA,106,"Educación Inicial, Educación General Básica y Bachillerato",Fiscal,12
2023-2024 Inicio,05H00857,UNIDAD EDUCATIVA CORONEL HECTOR ESPINOSA,COTOPAXI,5,LATACUNGA,501,"Educación Inicial, Educación General Básica y Bachillerato",Fiscal,13
2023-2024 Inicio,09H03822,UNIDAD EDUCATIVA CORONEL PEDRO VELEZ MORAN,GUAYAS,9,EL EMPALME,908,"Educación Inicial, Educación General Básica, Bachillerato y Ofertas Intensivas",Fiscal,49
2023-2024 Inicio,13H02206,UNIDAD EDUCATIVA COSTA AZUL,MANABI,13,MANTA,1308,"Educación Inicial, Educación General Básica y Bachillerato",Fiscal,228
2023-2024 Inicio,10H00288,UNIDAD EDUCATIVA COTACACHI,IMBABURA,10,COTACACHI,1003,"Educación Inicial, Educación General Básica y Bachillerato",Fiscal,99
2023-2024 Inicio,11H00892,UNIDAD EDUCATIVA COTOPAXI,LOJA,11,ESPINDOLA,1106,"Educación Inicial, Educación General Básica y Bachillerato",Fiscal,12
2023-2024 Inicio,04H00024,UNIDAD EDUCATIVA CRISTOBAL COLON,CARCHI,4,TULCAN,401,"Educación Inicial, Educación General Básica y Bachillerato",Fiscal,44
2023-2024 Inicio,04H00368,UNIDAD EDUCATIVA CRISTOBAL COLON,CARCHI,4,MONTUFAR,405,"Educación Inicial, Educación General Básica y Bachillerato",Fiscal,27
2023-2024 Inicio,11H01773,UNIDAD EDUCATIVA CRISTOBAL COLON,LOJA,11,OLMEDO,1116,"Educación Inicial, Educación General Básica y Bachillerato",Fiscal,28
2023-2024 Inicio,12H01740,UNIDAD EDUCATIVA CRISTOBAL COLON,LOS RIOS,12,VALENCIA,1211,Educación General Básica y Bachillerato,Particular,7
2023-2024 Inicio,04H00496,UNIDAD EDUCATIVA CRNL LUCIANO CORAL MORILLO,CARCHI,4,TULCAN,401,Educación General Básica y Bachillerato,Fiscal,81
2023-2024 Inicio,10H00369,UNIDAD EDUCATIVA CUELLAJE,IMBABURA,10,COTACACHI,1003,"Educación Inicial, Educación General Básica y Bachillerato",Fiscal,26
2023-2024 Inicio,06H01323,UNIDAD EDUCATIVA CUMANDÁ,CHIMBORAZO,6,CUMANDA,610,"Educación Inicial, Educación General Básica, Bachillerato y Ofertas Intensivas",Fiscal,130
2023-2024 Inicio,01H00550,UNIDAD EDUCATIVA CUMBE,AZUAY,1,CUENCA,101,Educación General Básica y Bachillerato,Fiscal,95
2023-2024 Inicio,07H01012,UNIDAD EDUCATIVA CURTINCAPAC,EL ORO,7,PORTOVELO,711,"Educación Inicial, Educación General Básica y Bachillerato",Fiscal,4
2023-2024 Inicio,05H00640,UNIDAD EDUCATIVA CUSUBAMBA,COTOPAXI,5,SALCEDO,505,"Educación Inicial, Educación General Básica y Bachillerato",Fiscal,33
2023-2024 Inicio,21H00751,UNIDAD EDUCATIVA CUYABENO,SUCUMBIOS,21,CUYABENO,2107,"Educación Inicial, Educación General Básica, Bachillerato y Ofertas Intensivas",Fiscal,82
2023-2024 Inicio,09H05060,UNIDAD EDUCATIVA D' GIOVANNI BOSCO,GUAYAS,9,PLAYAS,921,Educación General Básica y Bachillerato,Particular,15
2023-2024 Inicio,01H00799,UNIDAD EDUCATIVA DANIEL HERMIDA,AZUAY,1,CUENCA,101,"Educación Inicial, Educación General Básica y Bachillerato",Fiscal,89
2023-2024 Inicio,06H00408,UNIDAD EDUCATIVA DANIEL LEON BORJA,CHIMBORAZO,6,RIOBAMBA,601,Educación General Básica y Bachillerato,Fiscal,24
2023-2024 Inicio,19H00056,UNIDAD EDUCATIVA DANIEL MARTINEZ ORDOÑEZ,ZAMORA CHINCHIPE,19,ZAMORA,1901,"Educación Inicial, Educación General Básica y Bachillerato",Fiscal,38
2023-2024 Inicio,10H00229,UNIDAD EDUCATIVA DANIEL REYES,IMBABURA,10,IBARRA,1001,"Educación Inicial, Educación General Básica y Bachillerato",Fiscal,61
2023-2024 Inicio,18H00327,UNIDAD EDUCATIVA DARIO GUEVARA,TUNGURAHUA,18,AMBATO,1801,"Educación Inicial, Educación General Básica y Bachillerato",Fiscal,34
2023-2024 Inicio,09H03222,UNIDAD EDUCATIVA DAULE,GUAYAS,9,DAULE,906,Educación General Básica y Bachillerato,Fiscal,234
2023-2024 Inicio,09H03248,UNIDAD EDUCATIVA DAULIS,GUAYAS,9,DAULE,906,"Educación Inicial, Educación General Básica y Bachillerato",Particular,39
2023-2024 Inicio,22H00054,UNIDAD EDUCATIVA DAVID CLARK,ORELLANA,22,ORELLANA,2201,"Educación Inicial, Educación General Básica y Bachillerato",Fiscal,12
2023-2024 Inicio,22H00166,UNIDAD EDUCATIVA DAYUMA,ORELLANA,22,ORELLANA,2201,"Educación Inicial, Educación General Básica y Bachillerato",Fiscal,45
2023-2024 Inicio,22H00560,UNIDAD EDUCATIVA DAYUMA KENTO,ORELLANA,22,LA JOYA DE LOS SACHAS,2203,"Educación Inicial, Educación General Básica y Bachillerato",Fiscal,76
2023-2024 Inicio,08H00403,UNIDAD EDUCATIVA DE EDUCACION ESPECIAL FISCOMISIONAL JUAN PABLO II,ESMERALDAS,8,ESMERALDAS,801,Educación General Básica y Bachillerato,Fiscomisional,19
2023-2024 Inicio,08H00359,UNIDAD EDUCATIVA DE EDUCACION ESPECIAL GUIOMAR VERA RAMIREZ,ESMERALDAS,8,ESMERALDAS,801,"Educación Inicial, Educación General Básica y Bachillerato",Fiscal,13
2023-2024 Inicio,17H01207,UNIDAD EDUCATIVA DE EDUCACIÓN ESPECIALIZADA FISCAL DR. ROBERTO DÍAZ RODRÍGUEZ,PICHINCHA,17,QUITO,1701,Educación General Básica y Bachillerato,Fiscal,31
2023-2024 Inicio,17H00020,UNIDAD EDUCATIVA DE FUERZAS ARMADAS COLEGIO MILITAR NO 1 ELOY ALFARO,PICHINCHA,17,QUITO,1701,"Educación Inicial, Educación General Básica y Bachillerato",Fiscomisional,261
2023-2024 Inicio,01H00759,UNIDAD EDUCATIVA DE FUERZAS ARMADAS COLEGIO MILITAR NO 4,AZUAY,1,CUENCA,101,"Educación Inicial, Educación General Básica y Bachillerato",Fiscomisional,95
2023-2024 Inicio,09H05775,UNIDAD EDUCATIVA DE FUERZAS ARMADAS FAE NO 3 TAURA,GUAYAS,9,SAN JACINTO DE YAGUACHI,920,"Educación Inicial, Educación General Básica y Bachillerato",Fiscomisional,87
2023-2024 Inicio,09H00842,"UNIDAD EDUCATIVA DE FUERZAS ARMADAS LICEO NAVAL GUAYAQUIL ""COMANDANTE RAFAEL ANDRADE LALAMA""",GUAYAS,9,GUAYAQUIL,901,"Educación Inicial, Educación General Básica y Bachillerato",Fiscomisional,339
2023-2024 Inicio,17H01704,UNIDAD EDUCATIVA DE FUERZAS ARMADAS LICEO NAVAL QUITO COMANDANTE CESAR ENDARA PEÑAHERRERA,PICHINCHA,17,QUITO,1701,"Educación Inicial, Educación General Básica y Bachillerato",Fiscomisional,51
2023-2024 Inicio,17H01712,UNIDAD EDUCATIVA DE FUERZAS ARMADAS LICEO NAVAL QUITO COMANDANTE CESAR ENDARA PEÑAHERRERA,PICHINCHA,17,QUITO,1701,"Educación Inicial, Educación General Básica y Bachillerato",Fiscomisional,74
2023-2024 Inicio,10H00433,UNIDAD EDUCATIVA DE MILENIO JATUN KURAKA OTAVALO,IMBABURA,10,OTAVALO,1004,"Educación Inicial, Educación General Básica y Bachillerato",Fiscal,75
2023-2024 Inicio,09H06122,UNIDAD EDUCATIVA DEL GUAYAS EXTENSION SAN PEDRO DE DAULAR,GUAYAS,9,GUAYAQUIL,901,Educación General Básica y Bachillerato,Fiscomisional,9
2023-2024 Inicio,11H01052,UNIDAD EDUCATIVA DEL MILENIO  5 DE JUNIO,LOJA,11,MACARA,1108,"Educación Inicial, Educación General Básica y Bachillerato",Fiscal,24
2023-2024 Inicio,19H00586,UNIDAD EDUCATIVA DEL MILENIO 10 DE NOVIEMBRE,ZAMORA CHINCHIPE,19,YANTZAZA (YANZATZA),1905,"Educación Inicial, Educación General Básica y Bachillerato",Fiscal,59
2023-2024 Inicio,09H05189,UNIDAD EDUCATIVA DEL MILENIO 2 DE AGOSTO,GUAYAS,9,ISIDRO AYORA,928,"Educación Inicial, Educación General Básica y Bachillerato",Fiscal,72
2023-2024 Inicio,02H00499,UNIDAD EDUCATIVA DEL MILENIO ANGEL POLIBIO CHAVES,BOLIVAR,2,SAN MIGUEL,205,"Educación Inicial, Educación General Básica y Bachillerato",Fiscal,164
2023-2024 Inicio,19H00617,UNIDAD EDUCATIVA DEL MILENIO ARUTAM,ZAMORA CHINCHIPE,19,EL PANGUI,1906,"Educación Inicial, Educación General Básica y Bachillerato",Fiscal,53
2023-2024 Inicio,11H00105,UNIDAD EDUCATIVA DEL MILENIO BERNARDO VALDIVIESO,LOJA,11,LOJA,1101,"Educación Inicial, Educación General Básica, Bachillerato y Ofertas Intensivas",Fiscal,436
2023-2024 Inicio,14H00716,UNIDAD EDUCATIVA DEL MILENIO BOSCO WISUMA,MORONA SANTIAGO,14,MORONA,1401,"Educación Inicial, Educación General Básica y Bachillerato",Fiscal,17
2023-2024 Inicio,05H00574,UNIDAD EDUCATIVA DEL MILENIO CACIQUE TUMBALA,COTOPAXI,5,PUJILI,504,"Educación Inicial, Educación General Básica, Bachillerato y Ofertas Intensivas",Fiscal,51
2023-2024 Inicio,05H00695,UNIDAD EDUCATIVA DEL MILENIO CANCHAGUA,COTOPAXI,5,SAQUISILI,506,"Educación Inicial, Educación General Básica y Bachillerato",Fiscal,31
2023-2024 Inicio,12H00149,UNIDAD EDUCATIVA DEL MILENIO CARLOS ALBERTO AGUIRRE AVILES,LOS RIOS,12,BABAHOYO,1201,"Educación Inicial, Educación General Básica, Bachillerato y Ofertas Intensivas",Fiscal,128
2023-2024 Inicio,04H00140,UNIDAD EDUCATIVA DEL MILENIO CARLOS ROMO DAVILA,CARCHI,4,TULCAN,401,"Educación Inicial, Educación General Básica y Bachillerato",Fiscal,31
2023-2024 Inicio,12H02517,UNIDAD EDUCATIVA DEL MILENIO CARMELINA GRANJA VILLANUEVA,LOS RIOS,12,QUEVEDO,1205,Educación General Básica y Bachillerato,Fiscal,68
2023-2024 Inicio,11H02034,UNIDAD EDUCATIVA DEL MILENIO CELICA,LOJA,11,CELICA,1104,"Educación Inicial, Educación General Básica y Bachillerato",Fiscal,66
2023-2024 Inicio,21H00130,UNIDAD EDUCATIVA DEL MILENIO DR CAMILO GALLEGOS DOMINGUEZ,SUCUMBIOS,21,LAGO AGRIO,2101,"Educación Inicial, Educación General Básica, Bachillerato y Ofertas Intensivas",Fiscal,273
2023-2024 Inicio,13H04442,UNIDAD EDUCATIVA DEL MILENIO DRA GUADALUPE LARRIVA,MANABI,13,JARAMIJO,1321,"Educación Inicial, Educación General Básica y Bachillerato",Fiscal,155
2023-2024 Inicio,11H02026,UNIDAD EDUCATIVA DEL MILENIO EL TAMBO,LOJA,11,CATAMAYO,1103,"Educación Inicial, Educación General Básica y Bachillerato",Fiscal,38
2023-2024 Inicio,01H02002,UNIDAD EDUCATIVA DEL MILENIO FRANCISCO FEBRES CORDERO,AZUAY,1,CUENCA,101,"Educación Inicial, Educación General Básica y Bachillerato",Fiscal,164
2023-2024 Inicio,03H00795,UNIDAD EDUCATIVA DEL MILENIO GRAL. ELOY ALFARO DELGADO,CAÑAR,3,LA TRONCAL,304,"Educación Inicial, Educación General Básica y Bachillerato",Fiscal,72
2023-2024 Inicio,06H01046,UNIDAD EDUCATIVA DEL MILENIO GUANO,CHIMBORAZO,6,GUANO,607,"Educación Inicial, Educación General Básica y Bachillerato",Fiscal,41
2023-2024 Inicio,06H01004,UNIDAD EDUCATIVA DEL MILENIO GUARDIANA DE LA LENGUA 27 DE FEBRERO,CHIMBORAZO,6,GUAMOTE,606,"Educación Inicial, Educación General Básica y Bachillerato",Fiscal,62
2023-2024 Inicio,19H00618,UNIDAD EDUCATIVA DEL MILENIO GUAYZIMI,ZAMORA CHINCHIPE,19,NANGARITZA,1903,"Educación Inicial, Educación General Básica, Bachillerato y Ofertas Intensivas",Fiscal,54
2023-2024 Inicio,09H06656,UNIDAD EDUCATIVA DEL MILENIO ILEANA ESPINEL CEDEÑO,GUAYAS,9,GUAYAQUIL,901,"Educación Inicial, Educación General Básica y Bachillerato",Fiscal,154
2023-2024 Inicio,18B00035,UNIDAD EDUCATIVA DEL MILENIO INTERCULTURAL  BILINGÜE PUEBLO KISAPINCHA,TUNGURAHUA,18,AMBATO,1801,"Educación Inicial, Educación General Básica y Bachillerato",Fiscal,15
2023-2024 Inicio,21B00173,UNIDAD EDUCATIVA DEL MILENIO INTERCULTURAL BILINGUE  VICTOR DAVALOS,SUCUMBIOS,21,CUYABENO,2107,"Educación Inicial, Educación General Básica y Bachillerato",Fiscal,4
2023-2024 Inicio,18B00011,UNIDAD EDUCATIVA DEL MILENIO INTERCULTURAL BILINGUE CHIBULEO GUARDIANA,TUNGURAHUA,18,AMBATO,1801,"Educación Inicial, Educación General Básica y Bachillerato",Fiscal,27
2023-2024 Inicio,21B00007,UNIDAD EDUCATIVA DEL MILENIO INTERCULTURAL BILINGÜE HATUN SACHA,SUCUMBIOS,21,LAGO AGRIO,2101,"Educación Inicial, Educación General Básica y Bachillerato",Fiscal,44
2023-2024 Inicio,16B00176,UNIDAD EDUCATIVA DEL MILENIO INTERCULTURAL BILINGÜE TOÑE,PASTAZA,16,ARAJUNO,1604,"Educación Inicial, Educación General Básica y Bachillerato",Fiscal,6
2023-2024 Inicio,02H00131,UNIDAD EDUCATIVA DEL MILENIO INTERCULTURAL SALINAS,BOLIVAR,2,GUARANDA,201,"Educación Inicial, Educación General Básica y Bachillerato",Fiscal,44
2023-2024 Inicio,12H01237,UNIDAD EDUCATIVA DEL MILENIO JOSE DE SAN MARTIN,LOS RIOS,12,VENTANAS,1207,"Educación Inicial, Educación General Básica y Bachillerato",Fiscal,77
2023-2024 Inicio,07H00741,UNIDAD EDUCATIVA DEL MILENIO LIC OLGA CAMPOVERDE C,EL ORO,7,HUAQUILLAS,707,"Educación Inicial, Educación General Básica y Bachillerato",Fiscal,59
2023-2024 Inicio,17H03625,UNIDAD EDUCATIVA DEL MILENIO LIC.RAFAEL FIALLOS GUEVARA,PICHINCHA,17,PEDRO VICENTE MALDONADO,1708,"Educación Inicial, Educación General Básica, Bachillerato y Ofertas Intensivas",Fiscal,31
2023-2024 Inicio,21H00383,UNIDAD EDUCATIVA DEL MILENIO LUMBAQUI,SUCUMBIOS,21,GONZALO PIZARRO,2102,"Educación Inicial, Educación General Básica, Bachillerato y Ofertas Intensivas",Fiscal,116
2023-2024 Inicio,08H00976,UNIDAD EDUCATIVA DEL MILENIO MALIMPIA,ESMERALDAS,8,QUININDE,804,"Educación Inicial, Educación General Básica, Bachillerato y Ofertas Intensivas",Fiscal,40
2023-2024 Inicio,01H02001,UNIDAD EDUCATIVA DEL MILENIO MANUEL J. CALLE,AZUAY,1,CUENCA,101,"Educación Inicial, Educación General Básica y Bachillerato",Fiscal,178
2023-2024 Inicio,01H02003,UNIDAD EDUCATIVA DEL MILENIO MANUELA GARAICOA DE CALDERON,AZUAY,1,CUENCA,101,"Educación Inicial, Educación General Básica y Bachillerato",Fiscal,248
2023-2024 Inicio,03H00741,UNIDAD EDUCATIVA DEL MILENIO NELA MARTINEZ ESPINOSA,CAÑAR,3,LA TRONCAL,304,"Educación Inicial, Educación General Básica y Bachillerato",Fiscal,83
2023-2024 Inicio,14H00394,UNIDAD EDUCATIVA DEL MILENIO NUEVA GENERACIÓN,MORONA SANTIAGO,14,SAN JUAN BOSCO,1408,"Educación Inicial, Educación General Básica y Bachillerato",Fiscal,40
2023-2024 Inicio,01H01870,UNIDAD EDUCATIVA DEL MILENIO PAIGUARA,AZUAY,1,GUALACEO,103,"Educación Inicial, Educación General Básica y Bachillerato",Fiscal,33
2023-2024 Inicio,21H00578,UNIDAD EDUCATIVA DEL MILENIO PEDRO VICENTE MALDONADO,SUCUMBIOS,21,SHUSHUFINDI,2104,"Educación Inicial, Educación General Básica y Bachillerato",Fiscal,20
2023-2024 Inicio,06H01261,UNIDAD EDUCATIVA DEL MILENIO PENIPE,CHIMBORAZO,6,PENIPE,609,"Educación Inicial, Educación General Básica, Bachillerato y Ofertas Intensivas",Fiscal,66
2023-2024 Inicio,01H02008,UNIDAD EDUCATIVA DEL MILENIO QUINGEO,AZUAY,1,CUENCA,101,"Educación Inicial, Educación General Básica y Bachillerato",Fiscal,76
2023-2024 Inicio,21H00226,UNIDAD EDUCATIVA DEL MILENIO RAFAEL RODRIGUEZ PALACIOS,SUCUMBIOS,21,LAGO AGRIO,2101,"Educación Inicial, Educación General Básica y Bachillerato",Fiscal,18
2023-2024 Inicio,04H00504,UNIDAD EDUCATIVA DEL MILENIO SAN GABRIEL DE PIQUIUCHO. ,CARCHI,4,BOLIVAR,402,"Educación Inicial, Educación General Básica y Bachillerato",Fiscal,25
2023-2024 Inicio,21H00405,UNIDAD EDUCATIVA DEL MILENIO SAN MIGUEL DE PUTUMAYO,SUCUMBIOS,21,PUTUMAYO,2103,"Educación Inicial, Educación General Básica, Bachillerato y Ofertas Intensivas",Fiscal,113
2023-2024 Inicio,18H00603,UNIDAD EDUCATIVA DEL MILENIO SANTIAGO DE PÍLLARO,TUNGURAHUA,18,SANTIAGO DE PILLARO,1808,"Educación Inicial, Educación General Básica y Bachillerato",Fiscal,18
2023-2024 Inicio,01H02006,UNIDAD EDUCATIVA DEL MILENIO SAYAUSI,AZUAY,1,CUENCA,101,"Educación Inicial, Educación General Básica, Bachillerato y Ofertas Intensivas",Fiscal,110
2023-2024 Inicio,05H00716,UNIDAD EDUCATIVA DEL MILENIO SIGCHOS,COTOPAXI,5,SIGCHOS,507,"Educación Inicial, Educación General Básica, Bachillerato y Ofertas Intensivas",Fiscal,133
2023-2024 Inicio,12H02611,UNIDAD EDUCATIVA DEL MILENIO SIMON BOLIVAR,LOS RIOS,12,BABAHOYO,1201,"Educación Inicial, Educación General Básica y Bachillerato",Fiscal,95
2023-2024 Inicio,08H02258,UNIDAD EDUCATIVA DEL MILENIO SIMON PLATA TORRES,ESMERALDAS,8,ESMERALDAS,801,"Educación Inicial, Educación General Básica y Bachillerato",Fiscal,67
2023-2024 Inicio,10H00621,UNIDAD EDUCATIVA DEL MILENIO SUMAK YACHANA WASI,IMBABURA,10,COTACACHI,1003,"Educación Inicial, Educación General Básica y Bachillerato",Fiscal,32
2023-2024 Inicio,16H00123,UNIDAD EDUCATIVA DEL MILENIO TARQUI,PASTAZA,16,PASTAZA,1601,"Educación Inicial, Educación General Básica y Bachillerato",Fiscal,15
2023-2024 Inicio,01H00918,UNIDAD EDUCATIVA DEL MILENIO VICTORIA DEL PORTETE,AZUAY,1,CUENCA,101,"Educación Inicial, Educación General Básica y Bachillerato",Fiscal,51
2023-2024 Inicio,10H00536,UNIDAD EDUCATIVA DEL MILENIO YACHAY,IMBABURA,10,SAN MIGUEL DE URCUQUI,1006,"Educación Inicial, Educación General Básica y Bachillerato",Fiscal,53
2023-2024 Inicio,13H02468,UNIDAD EDUCATIVA DEL PACIFICO,MANABI,13,MANTA,1308,"Educación Inicial, Educación General Básica y Bachillerato",Particular,14
2023-2024 Inicio,05H00503,UNIDAD EDUCATIVA DELIA IBARRA DE VELASCO,COTOPAXI,5,PUJILI,504,"Educación Inicial, Educación General Básica y Bachillerato",Fiscal,40
2023-2024 Inicio,13H02999,UNIDAD EDUCATIVA DEMETRIO AGUILERA MALTA,MANABI,13,PICHINCHA,1311,"Educación Inicial, Educación General Básica y Bachillerato",Fiscal,8
2023-2024 Inicio,10H00400,UNIDAD EDUCATIVA DIEZ DE AGOSTO,IMBABURA,10,OTAVALO,1004,"Educación Inicial, Educación General Básica y Bachillerato",Fiscal,83
2023-2024 Inicio,12H00597,UNIDAD EDUCATIVA DIEZ DE AGOSTO,LOS RIOS,12,MONTALVO,1203,"Educación General Básica, Bachillerato y Ofertas Intensivas",Fiscal,204
2023-2024 Inicio,05H00568,UNIDAD EDUCATIVA DIGNA MARIA BEATRIZ CERDA NETO,COTOPAXI,5,PUJILI,504,"Educación Inicial, Educación General Básica y Bachillerato",Fiscal,30
2023-2024 Inicio,10H00085,"UNIDAD EDUCATIVA DIOCESANA ""BILINGÜE""",IMBABURA,10,IBARRA,1001,"Educación Inicial, Educación General Básica y Bachillerato",Particular,40
2023-2024 Inicio,10H00432,UNIDAD EDUCATIVA DIOCESANA SAN LUIS,IMBABURA,10,OTAVALO,1004,"Educación Inicial, Educación General Básica y Bachillerato",Particular,17
2023-2024 Inicio,09H06084,UNIDAD EDUCATIVA DISTANCIA DR. EUGENIO ESPEJO EXTENCION O7U,GUAYAS,9,GUAYAQUIL,901,Educación General Básica y Bachillerato,Particular,115
2023-2024 Inicio,23H00061,UNIDAD EDUCATIVA DISTRITO METROPOLITANO,SANTO DOMINGO DE LOS TSACHILAS,23,SANTO DOMINGO,2301,"Educación Inicial, Educación General Básica y Bachillerato",Fiscal,206
2023-2024 Inicio,19H00102,UNIDAD EDUCATIVA DOCE  DE OCTUBRE,ZAMORA CHINCHIPE,19,ZAMORA,1901,"Educación Inicial, Educación General Básica y Bachillerato",Fiscal,5
2023-2024 Inicio,13H02996,UNIDAD EDUCATIVA DOCE DE FEBRERO,MANABI,13,PICHINCHA,1311,Educación General Básica y Bachillerato,Fiscal,6
2023-2024 Inicio,16H00142,UNIDAD EDUCATIVA DOCE DE FEBRERO,PASTAZA,16,PASTAZA,1601,"Educación Inicial, Educación General Básica y Bachillerato",Fiscal,15
2023-2024 Inicio,13H00309,UNIDAD EDUCATIVA DOCE DE MARZO,MANABI,13,PORTOVIEJO,1301,Educación General Básica y Bachillerato,Fiscal,60
2023-2024 Inicio,09H04056,UNIDAD EDUCATIVA DOCE DE OCTUBRE,GUAYAS,9,EL TRIUNFO,909,"Educación Inicial, Educación General Básica y Bachillerato",Particular,30
2023-2024 Inicio,09H05118,UNIDAD EDUCATIVA DOCTOR ANTONIO PARRA VELASCO,GUAYAS,9,SIMON BOLIVAR,922,"Educación Inicial, Educación General Básica, Bachillerato y Ofertas Intensivas",Fiscal,137
2023-2024 Inicio,22H00227,UNIDAD EDUCATIVA DOCTOR BENJAMIN CARRION,ORELLANA,22,ORELLANA,2201,Educación General Básica y Bachillerato,Fiscal,7
2023-2024 Inicio,18H00338,UNIDAD EDUCATIVA DOCTOR MISAEL ACOSTA SOLIS,TUNGURAHUA,18,BAÑOS DE AGUA SANTA,1802,"Educación Inicial, Educación General Básica y Bachillerato",Fiscal,59
2023-2024 Inicio,24H00281,UNIDAD EDUCATIVA DOLORES ELENA CABRERA QUELAL,SANTA ELENA,24,SALINAS,2403,Educación General Básica y Bachillerato,Fiscal,140
2023-2024 Inicio,01H00112,UNIDAD EDUCATIVA DOLORES J TORRES,AZUAY,1,CUENCA,101,"Educación General Básica, Bachillerato y Ofertas Intensivas",Fiscal,84
2023-2024 Inicio,03H00506,UNIDAD EDUCATIVA DOLORES VEINTIMILLA DE GALINDO,CAÑAR,3,LA TRONCAL,304,"Educación General Básica, Bachillerato y Ofertas Intensivas",Fiscal,99
2023-2024 Inicio,18H00478,UNIDAD EDUCATIVA DOMINGO FAUSTINO SARMIENTO,TUNGURAHUA,18,SAN PEDRO DE PELILEO,1807,"Educación Inicial, Educación General Básica y Bachillerato",Fiscal,85
2023-2024 Inicio,01H00833,UNIDAD EDUCATIVA DORA BEATRIZ CANELOS,AZUAY,1,CUENCA,101,"Educación Inicial, Educación General Básica y Bachillerato",Fiscal,12
2023-2024 Inicio,23H00127,UNIDAD EDUCATIVA DOS DE MAYO,SANTO DOMINGO DE LOS TSACHILAS,23,SANTO DOMINGO,2301,"Educación Inicial, Educación General Básica y Bachillerato",Fiscal,37
2023-2024 Inicio,13H05373,UNIDAD EDUCATIVA DOUGLAS OCTAVIO SOLORZANO VERA,MANABI,13,CHONE,1303,"Educación Inicial, Educación General Básica y Bachillerato",Fiscal,12
2023-2024 Inicio,08H01144,UNIDAD EDUCATIVA DR  ANDRES F CORDOVA,SANTO DOMINGO DE LOS TSACHILAS,23,LA CONCORDIA,2302,"Educación Inicial, Educación General Básica y Bachillerato",Fiscal,76
2023-2024 Inicio,12H00912,UNIDAD EDUCATIVA DR  MANUEL QUINTANA MIRANDA,LOS RIOS,12,QUEVEDO,1205,Educación General Básica y Bachillerato,Fiscal,17
2023-2024 Inicio,18H00513,UNIDAD EDUCATIVA DR ALBERTO GOMEZ,TUNGURAHUA,18,SAN PEDRO DE PELILEO,1807,"Educación Inicial, Educación General Básica y Bachillerato",Fiscal,15
2023-2024 Inicio,02H00644,UNIDAD EDUCATIVA DR ALFREDO NOBOA MONTENEGRO,BOLIVAR,2,CALUMA,206,"Educación Inicial, Educación General Básica y Bachillerato",Fiscal,18
2023-2024 Inicio,23H00689,UNIDAD EDUCATIVA DR ALFREDO PAREJA DIEZCANSECO,SANTO DOMINGO DE LOS TSACHILAS,23,SANTO DOMINGO,2301,Educación General Básica y Bachillerato,Fiscal,336
2023-2024 Inicio,06H01032,UNIDAD EDUCATIVA DR ALFREDO PEREZ GUERRERO,CHIMBORAZO,6,GUANO,607,"Educación Inicial, Educación General Básica, Bachillerato y Ofertas Intensivas",Fiscal,48
2023-2024 Inicio,12H01307,UNIDAD EDUCATIVA DR ANTONIO ANDRADE FAJARDO,LOS RIOS,12,VINCES,1208,Educación General Básica y Bachillerato,Fiscal,95
2023-2024 Inicio,18H00525,UNIDAD EDUCATIVA DR BENIGNO MALO,TUNGURAHUA,18,SAN PEDRO DE PELILEO,1807,"Educación Inicial, Educación General Básica y Bachillerato",Fiscal,10
2023-2024 Inicio,12H01142,UNIDAD EDUCATIVA DR CAMILO GALLEGOS DOMINGUEZ,LOS RIOS,12,VENTANAS,1207,"Educación Inicial, Educación General Básica y Bachillerato",Particular,35
2023-2024 Inicio,17H02524,UNIDAD EDUCATIVA DR CARLOS FERNANDO ALOMOTO AYALA,PICHINCHA,17,SAN MIGUEL DE LOS BANCOS,1707,"Educación Inicial, Educación General Básica y Bachillerato",Fiscal,33
2023-2024 Inicio,11H01230,UNIDAD EDUCATIVA DR CARLOS MANUEL ESPINOZA ESPINOZA,LOJA,11,PALTAS,1109,Educación General Básica y Bachillerato,Fiscal,6
2023-2024 Inicio,09H04582,UNIDAD EDUCATIVA DR CARLOS MONTEVERDE ROMERO,GUAYAS,9,PEDRO CARBO,914,"Educación Inicial, Educación General Básica y Bachillerato",Fiscal,141
2023-2024 Inicio,13H05165,UNIDAD EDUCATIVA DR CARLOS ROMO DAVILA,MANABI,13,FLAVIO ALFARO,1305,"Educación Inicial, Educación General Básica, Bachillerato y Ofertas Intensivas",Fiscal,61
2023-2024 Inicio,23H00407,UNIDAD EDUCATIVA DR CARLOS RUFINO MARIN,SANTO DOMINGO DE LOS TSACHILAS,23,SANTO DOMINGO,2301,"Educación Inicial, Educación General Básica y Bachillerato",Fiscal,33
2023-2024 Inicio,24H00172,UNIDAD EDUCATIVA DR CESAREO LINDAO GONZÁLEZ,SANTA ELENA,24,SANTA ELENA,2401,"Educación General Básica, Bachillerato y Ofertas Intensivas",Fiscal,20
2023-2024 Inicio,13H02742,UNIDAD EDUCATIVA DR DANIEL ACOSTA ROSALES,MANABI,13,MONTECRISTI,1309,"Educación Inicial, Educación General Básica y Bachillerato",Fiscal,118
2023-2024 Inicio,06H00987,UNIDAD EDUCATIVA DR EMILIO UZCATEGUI,CHIMBORAZO,6,GUAMOTE,606,"Educación Inicial, Educación General Básica, Bachillerato y Ofertas Intensivas",Fiscal,67
2023-2024 Inicio,03H00505,UNIDAD EDUCATIVA DR ENRIQUE NOBOA ARIZAGA,CAÑAR,3,LA TRONCAL,304,"Educación Inicial, Educación General Básica y Bachillerato",Fiscal,199
2023-2024 Inicio,07H01268,UNIDAD EDUCATIVA DR ERNESTO A CASTRO,EL ORO,7,ZARUMA,713,"Educación Inicial, Educación General Básica y Bachillerato",Fiscal,13
2023-2024 Inicio,02H00063,UNIDAD EDUCATIVA DR FACUNDO VELA,BOLIVAR,2,GUARANDA,201,"Educación Inicial, Educación General Básica y Bachillerato",Fiscal,26
2023-2024 Inicio,24H00017,UNIDAD EDUCATIVA DR FELIX ISAIAS SARMIENTO NUÑEZ,SANTA ELENA,24,SANTA ELENA,2401,Educación General Básica y Bachillerato,Fiscal,37
2023-2024 Inicio,13H01108,UNIDAD EDUCATIVA DR GONZALO ABAD GRIJALVA,MANABI,13,CHONE,1303,"Educación Inicial, Educación General Básica y Bachillerato",Fiscal,42
2023-2024 Inicio,06H01216,UNIDAD EDUCATIVA DR GONZALO OLEAS ZAMBRANO,CHIMBORAZO,6,PALLATANGA,608,"Educación Inicial, Educación General Básica y Bachillerato",Fiscal,13
2023-2024 Inicio,02H00669,UNIDAD EDUCATIVA DR GONZALO TAPIA GAIBOR,BOLIVAR,2,LAS NAVES,207,"Educación Inicial, Educación General Básica y Bachillerato",Fiscal,8
2023-2024 Inicio,11H00889,UNIDAD EDUCATIVA DR HUGO GUILLERMO GONZALEZ,LOJA,11,ESPINDOLA,1106,Educación General Básica y Bachillerato,Fiscal,10
2023-2024 Inicio,09H05207,UNIDAD EDUCATIVA DR ISIDRO AYORA CUEVA,GUAYAS,9,ISIDRO AYORA,928,"Educación General Básica, Bachillerato y Ofertas Intensivas",Fiscal,206
2023-2024 Inicio,15H00056,UNIDAD EDUCATIVA DR JAIME HURTADO GONZALEZ,NAPO,15,TENA,1501,"Educación Inicial, Educación General Básica y Bachillerato",Fiscal,17
2023-2024 Inicio,09H04352,UNIDAD EDUCATIVA DR JOSE FALCONI VILLAGOMEZ,GUAYAS,9,NARANJAL,911,Educación General Básica y Bachillerato,Fiscal,91
2023-2024 Inicio,13H05429,UNIDAD EDUCATIVA DR JOSÉ MARÍA EGAS,MANABI,13,CHONE,1303,"Educación Inicial, Educación General Básica y Bachillerato",Fiscal,77
2023-2024 Inicio,05H00047,UNIDAD EDUCATIVA DR JOSE MARIA VELASCO IBARRA,COTOPAXI,5,LATACUNGA,501,"Educación Inicial, Educación General Básica y Bachillerato",Fiscal,61
2023-2024 Inicio,07H00879,UNIDAD EDUCATIVA DR LEONIDAS GARCIA ORTIZ,EL ORO,7,PASAJE,709,"Educación Inicial, Educación General Básica y Bachillerato",Fiscal,50
2023-2024 Inicio,13H05399,UNIDAD EDUCATIVA DR LUIS AVEIGA BARBERAN,MANABI,13,EL CARMEN,1304,"Educación Inicial, Educación General Básica y Bachillerato",Fiscal,138
2023-2024 Inicio,24H00261,UNIDAD EDUCATIVA DR LUIS CELLERI AVILES,SANTA ELENA,24,LA LIBERTAD,2402,Educación General Básica y Bachillerato,Fiscal,528
2023-2024 Inicio,11H00147,UNIDAD EDUCATIVA DR MANUEL AGUSTIN CABRERA LOZANO,LOJA,11,LOJA,1101,"Educación Inicial, Educación General Básica y Bachillerato",Fiscal,43
2023-2024 Inicio,09H02414,UNIDAD EDUCATIVA DR MANUEL ELICIO FLOR,GUAYAS,9,GUAYAQUIL,901,Educación General Básica y Bachillerato,Particular,11
2023-2024 Inicio,06H01064,UNIDAD EDUCATIVA DR MANUEL RODRIGUEZ OROZCO,CHIMBORAZO,6,GUANO,607,"Educación Inicial, Educación General Básica y Bachillerato",Fiscal,25
2023-2024 Inicio,09H04302,UNIDAD EDUCATIVA DR MIGUEL ENCALADA MORA,GUAYAS,9,NARANJAL,911,"Educación Inicial, Educación General Básica y Bachillerato",Fiscal,61
2023-2024 Inicio,05H00286,UNIDAD EDUCATIVA DR NESTOR MOGOLLON LOPEZ,COTOPAXI,5,LA MANA,502,"Educación Inicial, Educación General Básica y Bachillerato",Fiscal,67
2023-2024 Inicio,06H00008,UNIDAD EDUCATIVA DR NICANOR LARREA LEON,CHIMBORAZO,6,RIOBAMBA,601,Educación General Básica y Bachillerato,Fiscal,87
2023-2024 Inicio,13H01071,UNIDAD EDUCATIVA DR ODILON GOMEZ ANDRADE,MANABI,13,CHONE,1303,"Educación Inicial, Educación General Básica y Bachillerato",Fiscal,39
2023-2024 Inicio,13H01393,UNIDAD EDUCATIVA DR OSWALDO CASTRO INTRIAGO,MANABI,13,CHONE,1303,"Educación Inicial, Educación General Básica y Bachillerato",Fiscal,22
2023-2024 Inicio,24H00036,UNIDAD EDUCATIVA DR OTTO AROSEMENA GÓMEZ,SANTA ELENA,24,SANTA ELENA,2401,"Educación Inicial, Educación General Básica y Bachillerato",Fiscal,143
2023-2024 Inicio,09H04204,UNIDAD EDUCATIVA DR PAUL PONCE RIVADENEIRA,GUAYAS,9,MILAGRO,910,Educación General Básica y Bachillerato,Fiscal,64
2023-2024 Inicio,12H01702,UNIDAD EDUCATIVA DR SEGUNDO WONG MAYORGA,LOS RIOS,12,BUENA FE,1210,Educación General Básica y Bachillerato,Particular,19
2023-2024 Inicio,03H00575,UNIDAD EDUCATIVA DR TOMAS RENDON SOLANO,CAÑAR,3,LA TRONCAL,304,"Educación Inicial, Educación General Básica, Bachillerato y Ofertas Intensivas",Fiscal,48
2023-2024 Inicio,05H00194,UNIDAD EDUCATIVA DR TRAJANO NARANJO ITURRALDE,COTOPAXI,5,LATACUNGA,501,"Educación Inicial, Educación General Básica y Bachillerato",Fiscal,99
2023-2024 Inicio,12H01461,UNIDAD EDUCATIVA DR VICTOR EMILIO ESTRADA,LOS RIOS,12,VINCES,1208,"Educación Inicial, Educación General Básica y Bachillerato",Fiscal,40
2023-2024 Inicio,23H00831,UNIDAD EDUCATIVA DR WENCESLAO PAREJA,SANTO DOMINGO DE LOS TSACHILAS,23,SANTO DOMINGO,2301,"Educación Inicial, Educación General Básica y Bachillerato",Fiscal,23
2023-2024 Inicio,13H00889,UNIDAD EDUCATIVA DR WILFRIDO LOOR MOREIRA,MANABI,13,BOLIVAR,1302,"Educación Inicial, Educación General Básica y Bachillerato",Fiscal,48
2023-2024 Inicio,11H01533,UNIDAD EDUCATIVA DR ZOILO RODRIGUEZ,LOJA,11,SOZORANGA,1112,"Educación Inicial, Educación General Básica y Bachillerato",Fiscal,14
2023-2024 Inicio,09H04604,UNIDAD EDUCATIVA DR. EDUARDO GRANJA GARCES,GUAYAS,9,PEDRO CARBO,914,Educación General Básica y Bachillerato,Fiscal,463
2023-2024 Inicio,09H03281,UNIDAD EDUCATIVA DRA MATILDE HIDALGO DE PROCEL,GUAYAS,9,PEDRO CARBO,914,Educación General Básica y Bachillerato,Fiscal,72
2023-2024 Inicio,09H01360,UNIDAD EDUCATIVA DUPLOS,GUAYAS,9,DAULE,906,"Educación Inicial, Educación General Básica y Bachillerato",Particular,10
2023-2024 Inicio,21H00169,UNIDAD EDUCATIVA DURENO,SUCUMBIOS,21,LAGO AGRIO,2101,"Educación Inicial, Educación General Básica y Bachillerato",Fiscal,36
2023-2024 Inicio,12H00109,UNIDAD EDUCATIVA ECOMUNDO,LOS RIOS,12,BABAHOYO,1201,"Educación Inicial, Educación General Básica y Bachillerato",Particular,83
2023-2024 Inicio,04H00131,UNIDAD EDUCATIVA ECUADOR,CARCHI,4,TULCAN,401,"Educación Inicial, Educación General Básica y Bachillerato",Fiscal,22
2023-2024 Inicio,12H00342,UNIDAD EDUCATIVA ECUADOR,LOS RIOS,12,BABAHOYO,1201,"Educación Inicial, Educación General Básica y Bachillerato",Fiscal,67
2023-2024 Inicio,09H03230,UNIDAD EDUCATIVA ECUADOR AMAZONICO,GUAYAS,9,DAULE,906,"Educación Inicial, Educación General Básica y Bachillerato",Fiscal,135
2023-2024 Inicio,09H05137,UNIDAD EDUCATIVA ECUADOR PAIS AMAZONICO,GUAYAS,9,CORONEL MARCELINO MARIDUEÑA,923,"Educación Inicial, Educación General Básica y Bachillerato",Fiscal,26
2023-2024 Inicio,09H04533,UNIDAD EDUCATIVA ECUATORIANA AUSTRIACA,GUAYAS,9,PEDRO CARBO,914,"Educación Inicial, Educación General Básica y Bachillerato",Particular,38
2023-2024 Inicio,11H00577,UNIDAD EDUCATIVA EDMUNDO CEVALLOS AGUIRRE,LOJA,11,CALVAS,1102,"Educación Inicial, Educación General Básica y Bachillerato",Fiscal,7
2023-2024 Inicio,01H00792,UNIDAD EDUCATIVA EDUARDO CRESPO MALO,AZUAY,1,CUENCA,101,"Educación Inicial, Educación General Básica y Bachillerato",Fiscal,18
2023-2024 Inicio,09H03999,UNIDAD EDUCATIVA EDUARDO KINGMAN,GUAYAS,9,MILAGRO,910,"Educación Inicial, Educación General Básica y Bachillerato",Particular,36
2023-2024 Inicio,09H06219,UNIDAD EDUCATIVA EDUCAMUNDO,GUAYAS,9,DAULE,906,"Educación Inicial, Educación General Básica y Bachillerato",Particular,36
2023-2024 Inicio,04H00217,UNIDAD EDUCATIVA EL ANGEL,CARCHI,4,ESPEJO,403,"Educación Inicial, Educación General Básica, Bachillerato y Ofertas Intensivas",Fiscal,60
2023-2024 Inicio,04H00068,UNIDAD EDUCATIVA EL CARMELO,CARCHI,4,TULCAN,401,"Educación Inicial, Educación General Básica y Bachillerato",Fiscal,19
2023-2024 Inicio,13H01438,UNIDAD EDUCATIVA EL CARMEN,MANABI,13,EL CARMEN,1304,"Educación Inicial, Educación General Básica y Bachillerato",Fiscal,303
2023-2024 Inicio,11H00330,UNIDAD EDUCATIVA EL CISNE,LOJA,11,LOJA,1101,"Educación Inicial, Educación General Básica y Bachillerato",Fiscal,14
2023-2024 Inicio,05H01056,UNIDAD EDUCATIVA EL COSMOPOLITA JUAN MONTALVO,COTOPAXI,5,SIGCHOS,507,"Educación Inicial, Educación General Básica y Bachillerato",Particular,18
2023-2024 Inicio,13H01758,UNIDAD EDUCATIVA EL DESCANSO DE LOS ROMEROS,MANABI,13,FLAVIO ALFARO,1305,"Educación Inicial, Educación General Básica y Bachillerato",Fiscal,18
2023-2024 Inicio,09H03803,UNIDAD EDUCATIVA EL EMPALME,GUAYAS,9,EL EMPALME,908,"Educación General Básica, Bachillerato y Ofertas Intensivas",Fiscal,511
2023-2024 Inicio,23H00624,UNIDAD EDUCATIVA EL ESFUERZO,SANTO DOMINGO DE LOS TSACHILAS,23,SANTO DOMINGO,2301,Educación General Básica y Bachillerato,Fiscal,55
2023-2024 Inicio,11H01347,UNIDAD EDUCATIVA EL LIMO,LOJA,11,PUYANGO,1110,Educación General Básica y Bachillerato,Fiscal,29
2023-2024 Inicio,18H00322,UNIDAD EDUCATIVA EL ORO,TUNGURAHUA,18,AMBATO,1801,"Educación Inicial, Educación General Básica, Bachillerato y Ofertas Intensivas",Fiscal,40
2023-2024 Inicio,01H01481,UNIDAD EDUCATIVA EL PAN,AZUAY,1,EL PAN,112,"Educación Inicial, Educación General Básica y Bachillerato",Fiscal,24
2023-2024 Inicio,21H00653,UNIDAD EDUCATIVA EL PLAYON,SUCUMBIOS,21,SUCUMBIOS,2105,"Educación Inicial, Educación General Básica y Bachillerato",Fiscal,35
2023-2024 Inicio,19H00423,UNIDAD EDUCATIVA EL PORVENIR,ZAMORA CHINCHIPE,19,PALANDA,1908,"Educación Inicial, Educación General Básica y Bachillerato",Fiscal,11
2023-2024 Inicio,01H01126,UNIDAD EDUCATIVA EL PROGRESO,AZUAY,1,NABON,104,"Educación Inicial, Educación General Básica y Bachillerato",Fiscal,10
2023-2024 Inicio,13H01058,UNIDAD EDUCATIVA EL PUEBLITO,MANABI,13,CHONE,1303,Educación General Básica y Bachillerato,Fiscal,5
2023-2024 Inicio,03H00579,UNIDAD EDUCATIVA EL TAMBO,CAÑAR,3,EL TAMBO,305,"Educación General Básica, Bachillerato y Ofertas Intensivas",Fiscal,116
2023-2024 Inicio,09H04058,UNIDAD EDUCATIVA EL TRIUNFO,GUAYAS,9,EL TRIUNFO,909,Educación General Básica y Bachillerato,Fiscal,350
2023-2024 Inicio,18H00419,UNIDAD EDUCATIVA EL TRIUNFO,TUNGURAHUA,18,PATATE,1805,Educación General Básica y Bachillerato,Fiscal,18
2023-2024 Inicio,23H00828,UNIDAD EDUCATIVA ELADIO ROLDÓS BARREIRO,SANTO DOMINGO DE LOS TSACHILAS,23,SANTO DOMINGO,2301,"Educación Inicial, Educación General Básica y Bachillerato",Fiscal,109
2023-2024 Inicio,13H01948,UNIDAD EDUCATIVA ELEODORO GONZALEZ  CAÑARTE,MANABI,13,JIPIJAPA,1306,"Educación Inicial, Educación General Básica y Bachillerato",Fiscal,28
2023-2024 Inicio,13H01427,UNIDAD EDUCATIVA ELIAS CEDEÑO JERVES,MANABI,13,EL CARMEN,1304,"Educación Inicial, Educación General Básica y Bachillerato",Fiscal,28
2023-2024 Inicio,15H00004,UNIDAD EDUCATIVA ELICIO OLALLA PROAÑO,NAPO,15,TENA,1501,"Educación Inicial, Educación General Básica y Bachillerato",Fiscal,15
2023-2024 Inicio,24H00117,UNIDAD EDUCATIVA ELISA AYALA GONZALEZ,SANTA ELENA,24,SANTA ELENA,2401,"Educación Inicial, Educación General Básica y Bachillerato",Fiscal,62
2023-2024 Inicio,18H00048,UNIDAD EDUCATIVA ELITE EDUCATIVA CELITE,TUNGURAHUA,18,AMBATO,1801,"Educación Inicial, Educación General Básica y Bachillerato",Particular,21
2023-2024 Inicio,09H05033,UNIDAD EDUCATIVA ELOY ALFARO,GUAYAS,9,SAN JACINTO DE YAGUACHI,920,"Educación Inicial, Educación General Básica y Bachillerato",Fiscal,124
2023-2024 Inicio,10H00570,UNIDAD EDUCATIVA ELOY ALFARO,IMBABURA,10,SAN MIGUEL DE URCUQUI,1006,"Educación Inicial, Educación General Básica y Bachillerato",Fiscal,13
2023-2024 Inicio,11H00547,UNIDAD EDUCATIVA ELOY ALFARO,LOJA,11,CALVAS,1102,"Educación Inicial, Educación General Básica y Bachillerato",Fiscal,101
2023-2024 Inicio,12H00928,UNIDAD EDUCATIVA ELOY ALFARO,LOS RIOS,12,QUEVEDO,1205,Educación General Básica y Bachillerato,Fiscal,327
2023-2024 Inicio,13H00942,UNIDAD EDUCATIVA ELOY ALFARO,MANABI,13,CHONE,1303,Educación General Básica y Bachillerato,Fiscal,141
2023-2024 Inicio,23H00083,UNIDAD EDUCATIVA ELOY ALFARO,SANTO DOMINGO DE LOS TSACHILAS,23,SANTO DOMINGO,2301,Educación General Básica y Bachillerato,Fiscal,246
2023-2024 Inicio,15H00012,UNIDAD EDUCATIVA ELOY BAQUERO LUGO,NAPO,15,TENA,1501,"Educación Inicial, Educación General Básica y Bachillerato",Fiscal,20
2023-2024 Inicio,09H03205,UNIDAD EDUCATIVA ELOY RUGEL ARAGUNDI,GUAYAS,9,DAULE,906,"Educación Inicial, Educación General Básica y Bachillerato",Fiscal,65
2023-2024 Inicio,24H00230,UNIDAD EDUCATIVA ELOY VELASQUEZ CEVALLOS,SANTA ELENA,24,LA LIBERTAD,2402,"Educación Inicial, Educación General Básica y Bachillerato",Particular,14
2023-2024 Inicio,13H01977,UNIDAD EDUCATIVA ELOY VELAZQUEZ CEVALLOS,MANABI,13,JIPIJAPA,1306,Educación General Básica y Bachillerato,Fiscal,18
2023-2024 Inicio,12H00067,UNIDAD EDUCATIVA EMIGDIO ESPARZA MORENO,LOS RIOS,12,BABAHOYO,1201,"Educación Inicial, Educación General Básica y Bachillerato",Fiscal,171
2023-2024 Inicio,11H00693,UNIDAD EDUCATIVA EMILIANO ABENDAÑO GONZALEZ,LOJA,11,CATAMAYO,1103,"Educación Inicial, Educación General Básica y Bachillerato",Fiscal,11
2023-2024 Inicio,01H01289,UNIDAD EDUCATIVA EMILIANO HINOSTROZA,AZUAY,1,SANTA ISABEL,108,"Educación Inicial, Educación General Básica y Bachillerato",Fiscal,11
2023-2024 Inicio,11H01466,UNIDAD EDUCATIVA EMILIANO ORTEGA ESPINOZA,LOJA,11,CATAMAYO,1103,"Educación General Básica, Bachillerato y Ofertas Intensivas",Fiscal,145
2023-2024 Inicio,08H00825,UNIDAD EDUCATIVA EMILIO ESTRADA CARMONA,ESMERALDAS,8,QUININDE,804,"Educación Inicial, Educación General Básica y Bachillerato",Fiscal,4
2023-2024 Inicio,09H05015,UNIDAD EDUCATIVA EMILIO ISAIAS ABIHANNA,GUAYAS,9,SAN JACINTO DE YAGUACHI,920,"Educación General Básica, Bachillerato y Ofertas Intensivas",Fiscal,173
2023-2024 Inicio,05H00658,UNIDAD EDUCATIVA EMILIO TERAN,COTOPAXI,5,SALCEDO,505,"Educación Inicial, Educación General Básica y Bachillerato",Fiscal,48
2023-2024 Inicio,12H00228,UNIDAD EDUCATIVA ENEIDA UQUILLAS DE ROJAS,LOS RIOS,12,BABAHOYO,1201,"Educación Inicial, Educación General Básica y Bachillerato",Fiscal,31
2023-2024 Inicio,07H00908,UNIDAD EDUCATIVA ENRIQUE COELLO LECARO,EL ORO,7,PASAJE,709,"Educación Inicial, Educación General Básica y Bachillerato",Fiscal,24
2023-2024 Inicio,09H04773,UNIDAD EDUCATIVA ENRIQUE LOPEZ LASCANO,GUAYAS,9,SANTA LUCIA,918,"Educación Inicial, Educación General Básica y Bachillerato",Fiscal,86
2023-2024 Inicio,01H00597,UNIDAD EDUCATIVA ENRIQUE MALO ANDRADE,AZUAY,1,CUENCA,101,"Educación Inicial, Educación General Básica y Bachillerato",Fiscal,21
2023-2024 Inicio,12H00824,UNIDAD EDUCATIVA ENRIQUE PONCE LUQUE,LOS RIOS,12,QUEVEDO,1205,Educación General Básica y Bachillerato,Fiscal,80
2023-2024 Inicio,12H01806,UNIDAD EDUCATIVA ERCILIA DE MARTINEZ,LOS RIOS,12,VALENCIA,1211,Bachillerato y Ofertas Intensivas,Fiscal,42
2023-2024 Inicio,23H00202,UNIDAD EDUCATIVA ERNESTO ALBAN MOSQUERA,SANTO DOMINGO DE LOS TSACHILAS,23,SANTO DOMINGO,2301,"Educación Inicial, Educación General Básica y Bachillerato",Fiscal,61
2023-2024 Inicio,01H01373,UNIDAD EDUCATIVA ERNESTO LOPEZ,AZUAY,1,SIGSIG,109,"Educación Inicial, Educación General Básica y Bachillerato",Fiscal,20
2023-2024 Inicio,10H00415,UNIDAD EDUCATIVA ESCUELA DEL FUTURO,IMBABURA,10,OTAVALO,1004,Educación General Básica y Bachillerato,Particular,26
2023-2024 Inicio,08H00957,UNIDAD EDUCATIVA ESMERALDAS,IMBABURA,10,COTACACHI,1003,"Educación Inicial, Educación General Básica y Bachillerato",Fiscal,117
2023-2024 Inicio,08H00043,UNIDAD EDUCATIVA ESMERALDAS LIBRE,ESMERALDAS,8,ESMERALDAS,801,"Educación Inicial, Educación General Básica y Bachillerato",Fiscal,24
2023-2024 Inicio,01H00227,UNIDAD EDUCATIVA ESPECIAL AGUSTIN CUEVA TAMARIZ,AZUAY,1,CUENCA,101,"Educación Inicial, Educación General Básica y Bachillerato",Fiscal,17
2023-2024 Inicio,23H00131,UNIDAD EDUCATIVA ESPECIAL FISCOMISIONAL FE Y ALEGRIA,SANTO DOMINGO DE LOS TSACHILAS,23,SANTO DOMINGO,2301,Educación General Básica y Bachillerato,Fiscomisional,19
2023-2024 Inicio,01H01789,UNIDAD EDUCATIVA ESPECIAL IPCA,AZUAY,1,CUENCA,101,"Educación Inicial, Educación General Básica y Bachillerato",Fiscomisional,13
2023-2024 Inicio,08H01524,UNIDAD EDUCATIVA ESPECIAL NIXON RAUL ARAY ORTIZ,ESMERALDAS,8,ATACAMES,806,"Educación Inicial, Educación General Básica y Bachillerato",Fiscal,7
2023-2024 Inicio,13H00320,UNIDAD EDUCATIVA ESPECIALIZADA  MARÍA BUITRÓN DE ZUMARRAGA,MANABI,13,PORTOVIEJO,1301,"Educación Inicial, Educación General Básica y Bachillerato",Fiscal,18
2023-2024 Inicio,05H00048,UNIDAD EDUCATIVA ESPECIALIZADA  DE COTOPAXI,COTOPAXI,5,LATACUNGA,501,"Educación Inicial, Educación General Básica y Bachillerato",Fiscal,9
2023-2024 Inicio,07H00255,UNIDAD EDUCATIVA ESPECIALIZADA  EL ORO,EL ORO,7,MACHALA,701,Educación General Básica y Bachillerato,Fiscal,17
2023-2024 Inicio,08H02161,UNIDAD EDUCATIVA ESPECIALIZADA  GRAN HORIZONTE,ESMERALDAS,8,QUININDE,804,Educación General Básica y Bachillerato,Fiscal,4
2023-2024 Inicio,09H06653,"UNIDAD EDUCATIVA ESPECIALIZADA ""MONSERRAT MORALES MARURI""",GUAYAS,9,GUAYAQUIL,901,Educación General Básica y Bachillerato,Fiscal,15
2023-2024 Inicio,21H00069,UNIDAD EDUCATIVA ESPECIALIZADA 3 DE DICIEMBRE,SUCUMBIOS,21,LAGO AGRIO,2101,"Educación Inicial, Educación General Básica y Bachillerato",Fiscal,26
2023-2024 Inicio,18H00066,UNIDAD EDUCATIVA ESPECIALIZADA AMBATO,TUNGURAHUA,18,AMBATO,1801,"Educación Inicial, Educación General Básica y Bachillerato",Fiscal,16
2023-2024 Inicio,12H00042,UNIDAD EDUCATIVA ESPECIALIZADA AYUDANOS A EMPEZAR,LOS RIOS,12,BABAHOYO,1201,"Educación Inicial, Educación General Básica y Bachillerato",Fiscal,8
2023-2024 Inicio,10H00065,UNIDAD EDUCATIVA ESPECIALIZADA BEATRIZ JARRÍN,IMBABURA,10,IBARRA,1001,"Educación Inicial, Educación General Básica y Bachillerato",Fiscal,9
2023-2024 Inicio,06H00171,UNIDAD EDUCATIVA ESPECIALIZADA CARLOS GARBAY,CHIMBORAZO,6,RIOBAMBA,601,"Educación Inicial, Educación General Básica y Bachillerato",Fiscal,34
2023-2024 Inicio,11H00242,UNIDAD EDUCATIVA ESPECIALIZADA CIUDAD DE LOJA N 2,LOJA,11,LOJA,1101,Educación General Básica y Bachillerato,Fiscal,10
2023-2024 Inicio,06H01903,UNIDAD EDUCATIVA ESPECIALIZADA CUMANDÁ,CHIMBORAZO,6,CUMANDA,610,Educación General Básica y Bachillerato,Fiscal,4
2023-2024 Inicio,17H00184,UNIDAD EDUCATIVA ESPECIALIZADA DEL NORTE,PICHINCHA,17,QUITO,1701,"Educación Inicial, Educación General Básica y Bachillerato",Fiscal,16
2023-2024 Inicio,17H00353,UNIDAD EDUCATIVA ESPECIALIZADA DR. RODRIGO CRESPO TORAL,PICHINCHA,17,QUITO,1701,"Educación Inicial, Educación General Básica y Bachillerato",Fiscal,15
2023-2024 Inicio,17H00955,UNIDAD EDUCATIVA ESPECIALIZADA EL PARVULARIO,PICHINCHA,17,QUITO,1701,Educación General Básica y Bachillerato,Particular,14
2023-2024 Inicio,09H06652,UNIDAD EDUCATIVA ESPECIALIZADA FISCAL CARLOS BAIDAL TIRCIO,GUAYAS,9,GUAYAQUIL,901,"Educación Inicial, Educación General Básica y Bachillerato",Fiscal,3
2023-2024 Inicio,09H06646,UNIDAD EDUCATIVA ESPECIALIZADA FISCAL CARLOS RAFAEL MORA PENAFIEL,GUAYAS,9,GUAYAQUIL,901,"Educación Inicial, Educación General Básica y Bachillerato",Fiscal,16
2023-2024 Inicio,17H00398,UNIDAD EDUCATIVA ESPECIALIZADA FISCAL DE AUDICIÓN Y LENGUAJE ENRIQUETA SANTILLÁN,PICHINCHA,17,QUITO,1701,"Educación Inicial, Educación General Básica y Bachillerato",Fiscal,6
2023-2024 Inicio,09H06177,UNIDAD EDUCATIVA ESPECIALIZADA GENESIS,GUAYAS,9,EL TRIUNFO,909,Educación General Básica y Bachillerato,Municipal,8
2023-2024 Inicio,02H00025,UNIDAD EDUCATIVA ESPECIALIZADA GLADYS FLORES MACIAS,BOLIVAR,2,GUARANDA,201,Educación General Básica y Bachillerato,Fiscal,3
2023-2024 Inicio,11H00118,UNIDAD EDUCATIVA ESPECIALIZADA LUIS BRAILLE,LOJA,11,LOJA,1101,Educación General Básica y Bachillerato,Fiscal,4
2023-2024 Inicio,22H00131,UNIDAD EDUCATIVA ESPECIALIZADA MANUELA CAÑIZARES,ORELLANA,22,ORELLANA,2201,"Educación Inicial, Educación General Básica y Bachillerato",Fiscal,17
2023-2024 Inicio,05H00909,UNIDAD EDUCATIVA ESPECIALIZADA MANUELA ESPEJO,COTOPAXI,5,SALCEDO,505,Educación General Básica y Bachillerato,Fiscal,2
2023-2024 Inicio,06H01604,UNIDAD EDUCATIVA ESPECIALIZADA PALLATANGA,CHIMBORAZO,6,PALLATANGA,608,"Educación Inicial, Educación General Básica y Bachillerato",Fiscal,6
2023-2024 Inicio,17H01341,UNIDAD EDUCATIVA ESPECIALIZADA PARA SORDOS MIGUEL MORENO ESPINOSA,PICHINCHA,17,QUITO,1701,"Educación Inicial, Educación General Básica y Bachillerato",Fiscal,9
2023-2024 Inicio,18H00984,UNIDAD EDUCATIVA ESPECIALIZADA SANTIAGO DE PILLARO,TUNGURAHUA,18,SANTIAGO DE PILLARO,1808,"Educación Inicial, Educación General Básica y Bachillerato",Fiscal,6
2023-2024 Inicio,06H00134,UNIDAD EDUCATIVA ESPECIALIZADA SORDOS DE CHIMBORAZO,CHIMBORAZO,6,RIOBAMBA,601,Educación General Básica y Bachillerato,Fiscal,4
2023-2024 Inicio,09H06654,UNIDAD EDUCATIVA ESPECIALIZADA VICENTE ROCAFUERTE,GUAYAS,9,MILAGRO,910,"Educación Inicial, Educación General Básica y Bachillerato",Fiscal,18
2023-2024 Inicio,13H01766,UNIDAD EDUCATIVA ESPERANZA ALCIVAR DE HERRERA,MANABI,13,FLAVIO ALFARO,1305,"Educación Inicial, Educación General Básica y Bachillerato",Fiscal,14
2023-2024 Inicio,16H00045,UNIDAD EDUCATIVA ESPERANZA ETERNA,PASTAZA,16,PASTAZA,1601,"Educación Inicial, Educación General Básica y Bachillerato",Particular,19
2023-2024 Inicio,18H00656,UNIDAD EDUCATIVA ESPIRITU SANTO,TUNGURAHUA,18,AMBATO,1801,"Educación Inicial, Educación General Básica y Bachillerato",Particular,2
2023-2024 Inicio,13H04544,UNIDAD EDUCATIVA ESTEBAN MEDARDO ACOSTA ZAMBRANO,MANABI,13,FLAVIO ALFARO,1305,"Educación Inicial, Educación General Básica y Bachillerato",Fiscal,15
2023-2024 Inicio,01H00630,UNIDAD EDUCATIVA ESTERO PIEDRAS,AZUAY,1,CUENCA,101,"Educación Inicial, Educación General Básica y Bachillerato",Fiscal,34
2023-2024 Inicio,08H01278,UNIDAD EDUCATIVA ESTRELLA DE MAR,ESMERALDAS,8,ATACAMES,806,Educación General Básica y Bachillerato,Fiscomisional,60
2023-2024 Inicio,01H00379,UNIDAD EDUCATIVA EUGENIO ESPEJO,AZUAY,1,CUENCA,101,"Educación Inicial, Educación General Básica y Bachillerato",Fiscal,44
2023-2024 Inicio,04H00308,UNIDAD EDUCATIVA EUGENIO ESPEJO,CARCHI,4,MIRA,404,"Educación Inicial, Educación General Básica y Bachillerato",Fiscal,50
2023-2024 Inicio,12H00045,UNIDAD EDUCATIVA EUGENIO ESPEJO,LOS RIOS,12,BABAHOYO,1201,"Educación Inicial, Educación General Básica y Bachillerato",Fiscal,176
2023-2024 Inicio,13H00964,UNIDAD EDUCATIVA EUGENIO ESPEJO,MANABI,13,CHONE,1303,"Educación Inicial, Educación General Básica y Bachillerato",Fiscal,139
2023-2024 Inicio,13H03088,UNIDAD EDUCATIVA EUGENIO ESPEJO,MANABI,13,PICHINCHA,1311,"Educación Inicial, Educación General Básica y Bachillerato",Fiscal,46
2023-2024 Inicio,13H03721,UNIDAD EDUCATIVA EUGENIO ESPEJO,MANABI,13,24 DE MAYO,1316,"Educación Inicial, Educación General Básica y Bachillerato",Fiscal,19
2023-2024 Inicio,24H00131,UNIDAD EDUCATIVA EUGENIO ESPEJO,SANTA ELENA,24,SANTA ELENA,2401,"Educación Inicial, Educación General Básica y Bachillerato",Fiscal,32
2023-2024 Inicio,24H00293,UNIDAD EDUCATIVA EUGENIO ESPEJO,SANTA ELENA,24,SALINAS,2403,Educación General Básica y Bachillerato,Fiscal,331
2023-2024 Inicio,01H01466,UNIDAD EDUCATIVA FASAYÑAN,AZUAY,1,CHORDELEG,111,"Educación Inicial, Educación General Básica y Bachillerato",Fiscal,15
2023-2024 Inicio,12H00289,UNIDAD EDUCATIVA FAUSTO MISAEL OLALLA GAYBOR,LOS RIOS,12,BABAHOYO,1201,"Educación Inicial, Educación General Básica y Bachillerato",Fiscal,78
2023-2024 Inicio,01H00868,UNIDAD EDUCATIVA FAUSTO MOLINA,AZUAY,1,CUENCA,101,Educación General Básica y Bachillerato,Fiscal,72
2023-2024 Inicio,13H05363,UNIDAD EDUCATIVA FE HERODITA LOOR MUÑOZ,MANABI,13,BOLIVAR,1302,"Educación Inicial, Educación General Básica y Bachillerato",Fiscal,18
2023-2024 Inicio,18H00472,UNIDAD EDUCATIVA FE Y ALEGRIA,TUNGURAHUA,18,QUERO,1806,"Educación Inicial, Educación General Básica y Bachillerato",Fiscomisional,14
2023-2024 Inicio,12H00103,UNIDAD EDUCATIVA FEDERICO FROEBEL,LOS RIOS,12,BABAHOYO,1201,"Educación Inicial, Educación General Básica y Bachillerato",Particular,42
2023-2024 Inicio,06H00536,UNIDAD EDUCATIVA FEDERICO GONZALEZ SUAREZ,CHIMBORAZO,6,ALAUSI,602,"Educación Inicial, Educación General Básica y Bachillerato",Fiscal,123
2023-2024 Inicio,01H01241,UNIDAD EDUCATIVA FEDERICO GONZÁLEZ SUAREZ,AZUAY,1,PUCARA,106,"Educación Inicial, Educación General Básica y Bachillerato",Fiscal,8
2023-2024 Inicio,12H01782,UNIDAD EDUCATIVA FEDERICO INTRIAGO,LOS RIOS,12,VALENCIA,1211,"Educación Inicial, Educación General Básica y Bachillerato",Fiscal,43
2023-2024 Inicio,02H00185,UNIDAD EDUCATIVA FELIX GRANJA GAMAZO,BOLIVAR,2,GUARANDA,201,"Educación Inicial, Educación General Básica y Bachillerato",Fiscal,82
2023-2024 Inicio,05H00154,UNIDAD EDUCATIVA FELIX VALENCIA,COTOPAXI,5,LATACUNGA,501,"Educación Inicial, Educación General Básica y Bachillerato",Fiscal,10
2023-2024 Inicio,09H01860,UNIDAD EDUCATIVA FEMENINA BILINGUE PARTICULAR ESPIRITU SANTO,GUAYAS,9,GUAYAQUIL,901,Educación General Básica y Bachillerato,Particular,97
2023-2024 Inicio,08H00959,UNIDAD EDUCATIVA FERNANDO CORRAL,ESMERALDAS,8,QUININDE,804,"Educación Inicial, Educación General Básica y Bachillerato",Fiscal,10
2023-2024 Inicio,06H00217,UNIDAD EDUCATIVA FERNANDO DAQUILEMA,CHIMBORAZO,6,RIOBAMBA,601,"Educación Inicial, Educación General Básica y Bachillerato",Fiscal,63
2023-2024 Inicio,19H00457,UNIDAD EDUCATIVA FERNANDO DAQUILEMA,ZAMORA CHINCHIPE,19,PALANDA,1908,Educación General Básica y Bachillerato,Fiscal,5
2023-2024 Inicio,11H00271,UNIDAD EDUCATIVA FERNANDO SUAREZ PALACIO,LOJA,11,LOJA,1101,"Educación Inicial, Educación General Básica y Bachillerato",Fiscal,21
2023-2024 Inicio,08B00006,UNIDAD EDUCATIVA FIBA JAKI,ESMERALDAS,8,ELOY ALFARO,802,"Educación Inicial, Educación General Básica y Bachillerato",Fiscal,23
2023-2024 Inicio,09H00914,UNIDAD EDUCATIVA FISCAL  AGUSTIN CASTRO ESPINOZA,GUAYAS,9,GUAYAQUIL,901,"Educación Inicial, Educación General Básica, Bachillerato y Ofertas Intensivas",Fiscal,161
2023-2024 Inicio,09H05714,UNIDAD EDUCATIVA FISCAL  ARNULFO  JARAMILLO SIERRA,GUAYAS,9,GUAYAQUIL,901,"Educación Inicial, Educación General Básica y Bachillerato",Fiscal,119
2023-2024 Inicio,09H03690,UNIDAD EDUCATIVA FISCAL  ARTURO MUNIZAGA PALACIOS,GUAYAS,9,DURAN,907,"Educación Inicial, Educación General Básica y Bachillerato",Fiscal,35
2023-2024 Inicio,09H06079,UNIDAD EDUCATIVA FISCAL  EMILIO ESTRADA CARMONA,GUAYAS,9,GUAYAQUIL,901,"Educación Inicial, Educación General Básica y Bachillerato",Fiscal,102
2023-2024 Inicio,09H01798,UNIDAD EDUCATIVA FISCAL  FERMIN VERA ROJAS,GUAYAS,9,GUAYAQUIL,901,"Educación Inicial, Educación General Básica y Bachillerato",Fiscal,223
2023-2024 Inicio,09H02419,UNIDAD EDUCATIVA FISCAL  JOSE MEJIA LEQUERICA,GUAYAS,9,GUAYAQUIL,901,"Educación Inicial, Educación General Básica y Bachillerato",Fiscal,282
2023-2024 Inicio,09H06048,UNIDAD EDUCATIVA FISCAL  JUAN JAVIER ESPINOZA,GUAYAS,9,GUAYAQUIL,901,"Educación Inicial, Educación General Básica y Bachillerato",Fiscal,230
2023-2024 Inicio,09H00879,UNIDAD EDUCATIVA FISCAL  LEONIDAS GARCIA,GUAYAS,9,GUAYAQUIL,901,"Educación Inicial, Educación General Básica, Bachillerato y Ofertas Intensivas",Fiscal,728
2023-2024 Inicio,09H01439,UNIDAD EDUCATIVA FISCAL  PCEI MANUEL WOLF HERRERA,GUAYAS,9,GUAYAQUIL,901,"Educación General Básica, Bachillerato y Ofertas Intensivas",Fiscal,6
2023-2024 Inicio,09H05807,UNIDAD EDUCATIVA FISCAL  SEBASTIAN LANDETA CAGUA,GUAYAS,9,GUAYAQUIL,901,"Educación Inicial, Educación General Básica y Bachillerato",Fiscal,104
2023-2024 Inicio,09H02378,"UNIDAD EDUCATIVA FISCAL ""DRA. MARIA LUISA MARISCAL DE GUEVARA""",GUAYAS,9,GUAYAQUIL,901,"Educación Inicial, Educación General Básica y Bachillerato",Fiscal,56
2023-2024 Inicio,09H02816,UNIDAD EDUCATIVA FISCAL JUAN LEÓN MERA,GUAYAS,9,GUAYAQUIL,901,"Educación Inicial, Educación General Básica y Bachillerato",Fiscal,21
2023-2024 Inicio,17H01252,UNIDAD EDUCATIVA FISCAL 13 DE ABRIL,PICHINCHA,17,QUITO,1701,Educación General Básica y Bachillerato,Fiscal,162
2023-2024 Inicio,13H00548,UNIDAD EDUCATIVA FISCAL 3 DE MAYO,MANABI,13,PORTOVIEJO,1301,"Educación General Básica, Bachillerato y Ofertas Intensivas",Fiscal,80
2023-2024 Inicio,09H04644,UNIDAD EDUCATIVA FISCAL 31 DE OCTUBRE,GUAYAS,9,SAMBORONDON,916,"Educación Inicial, Educación General Básica y Bachillerato",Fiscal,154
2023-2024 Inicio,13H02397,UNIDAD EDUCATIVA FISCAL 4 DE NOVIEMBRE,MANABI,13,MANTA,1308,"Educación Inicial, Educación General Básica y Bachillerato",Fiscal,282
2023-2024 Inicio,13H03306,UNIDAD EDUCATIVA FISCAL 5 DE AGOSTO,MANABI,13,SANTA ANA,1313,"Educación Inicial, Educación General Básica y Bachillerato",Fiscal,10
2023-2024 Inicio,13H00530,UNIDAD EDUCATIVA FISCAL ABDON CALDERON,MANABI,13,PORTOVIEJO,1301,Educación General Básica y Bachillerato,Fiscal,157
2023-2024 Inicio,17H00645,UNIDAD EDUCATIVA FISCAL ABDON CALDERON,PICHINCHA,17,QUITO,1701,Educación General Básica y Bachillerato,Fiscal,239
2023-2024 Inicio,17H01718,UNIDAD EDUCATIVA FISCAL ABELARDO FLORES,PICHINCHA,17,QUITO,1701,Educación General Básica y Bachillerato,Fiscal,147
2023-2024 Inicio,09H00626,UNIDAD EDUCATIVA FISCAL ADOLFO H SIMMONDS,GUAYAS,9,GUAYAQUIL,901,Educación General Básica y Bachillerato,Fiscal,127
2023-2024 Inicio,09H00719,UNIDAD EDUCATIVA FISCAL AGUIRRE ABAD,GUAYAS,9,GUAYAQUIL,901,Educación General Básica y Bachillerato,Fiscal,410
2023-2024 Inicio,17H00561,UNIDAD EDUCATIVA FISCAL AIDA GALLEGOS  DE MONCAYO,PICHINCHA,17,QUITO,1701,"Educación Inicial, Educación General Básica y Bachillerato",Fiscal,229
2023-2024 Inicio,13H00577,UNIDAD EDUCATIVA FISCAL ALAJUELA,MANABI,13,PORTOVIEJO,1301,"Educación Inicial, Educación General Básica, Bachillerato y Ofertas Intensivas",Fiscal,71
2023-2024 Inicio,09H00180,UNIDAD EDUCATIVA FISCAL ALBERTO PERDOMO FRANCO,GUAYAS,9,GUAYAQUIL,901,"Educación Inicial, Educación General Básica y Bachillerato",Fiscal,148
2023-2024 Inicio,13H04545,UNIDAD EDUCATIVA FISCAL ALEJO LASCANO,MANABI,13,JIPIJAPA,1306,"Educación General Básica, Bachillerato y Ofertas Intensivas",Fiscal,379
2023-2024 Inicio,09H02134,UNIDAD EDUCATIVA FISCAL ALEJO LASCANO BAHAMONDE,GUAYAS,9,GUAYAQUIL,901,"Educación Inicial, Educación General Básica y Bachillerato",Fiscal,75
2023-2024 Inicio,17H02043,UNIDAD EDUCATIVA FISCAL ALEXANDER  VON  HUMBOLDT,PICHINCHA,17,QUITO,1701,Educación General Básica y Bachillerato,Fiscal,180
2023-2024 Inicio,07H00129,UNIDAD EDUCATIVA FISCAL ALFG VÍCTOR NARANJO FIALLO,EL ORO,7,MACHALA,701,Educación General Básica y Bachillerato,Fiscal,128
2023-2024 Inicio,09H01121,UNIDAD EDUCATIVA FISCAL ALFONSO AGUILAR RUILOVA,GUAYAS,9,GUAYAQUIL,901,Educación General Básica y Bachillerato,Fiscal,69
2023-2024 Inicio,17H01790,UNIDAD EDUCATIVA FISCAL ALFREDO PEREZ CHIRIBOGA,PICHINCHA,17,QUITO,1701,Educación General Básica y Bachillerato,Fiscal,21
2023-2024 Inicio,09H02719,UNIDAD EDUCATIVA FISCAL ALFREDO PORTALUPPI VELÁSQUEZ,GUAYAS,9,GUAYAQUIL,901,"Educación Inicial, Educación General Básica y Bachillerato",Fiscal,75
2023-2024 Inicio,09H00406,UNIDAD EDUCATIVA FISCAL ALONSO DE ILLESCAS,GUAYAS,9,GUAYAQUIL,901,Educación General Básica y Bachillerato,Fiscal,149
2023-2024 Inicio,09H05526,UNIDAD EDUCATIVA FISCAL ALONSO VELOZ MALTA,GUAYAS,9,GUAYAQUIL,901,Educación General Básica y Bachillerato,Fiscal,61
2023-2024 Inicio,09H02541,UNIDAD EDUCATIVA FISCAL AMARILIS FUENTES ALCIVAR,GUAYAS,9,GUAYAQUIL,901,"Educación Inicial, Educación General Básica y Bachillerato",Fiscal,285
2023-2024 Inicio,09H05713,UNIDAD EDUCATIVA FISCAL AMERICA,GUAYAS,9,GUAYAQUIL,901,"Educación Inicial, Educación General Básica y Bachillerato",Fiscal,138
2023-2024 Inicio,09H02830,UNIDAD EDUCATIVA FISCAL AMÉRICA,GUAYAS,9,GUAYAQUIL,901,"Educación Inicial, Educación General Básica y Bachillerato",Fiscal,11
2023-2024 Inicio,09H00698,UNIDAD EDUCATIVA FISCAL ANA PAREDES DE ALFARO,GUAYAS,9,GUAYAQUIL,901,Educación General Básica y Bachillerato,Fiscal,26
2023-2024 Inicio,13H02674,UNIDAD EDUCATIVA FISCAL ANIBAL SAN ANDRES  1,MANABI,13,MONTECRISTI,1309,Educación General Básica y Bachillerato,Fiscal,95
2023-2024 Inicio,09H02655,UNIDAD EDUCATIVA FISCAL ANNE SULLIVAN,GUAYAS,9,GUAYAQUIL,901,"Educación Inicial, Educación General Básica y Bachillerato",Fiscal,91
2023-2024 Inicio,09H02165,UNIDAD EDUCATIVA FISCAL ARMADA NACIONAL,GUAYAS,9,GUAYAQUIL,901,Educación General Básica y Bachillerato,Fiscal,82
2023-2024 Inicio,17H00379,UNIDAD EDUCATIVA FISCAL ARTURO BORJA,PICHINCHA,17,QUITO,1701,"Educación Inicial, Educación General Básica y Bachillerato",Fiscal,158
2023-2024 Inicio,09H00578,UNIDAD EDUCATIVA FISCAL ASSAD BUCARAM ELMHALIN,GUAYAS,9,GUAYAQUIL,901,Educación General Básica y Bachillerato,Fiscal,188
2023-2024 Inicio,17H01475,UNIDAD EDUCATIVA FISCAL ATAHUALPA,PICHINCHA,17,QUITO,1701,Educación General Básica y Bachillerato,Fiscal,92
2023-2024 Inicio,09H01268,UNIDAD EDUCATIVA FISCAL AUGUSTO MENDOZA MOREIRA,GUAYAS,9,GUAYAQUIL,901,Educación General Básica y Bachillerato,Fiscal,302
2023-2024 Inicio,09H02068,UNIDAD EDUCATIVA FISCAL AURORA ESTRADA DE RAMIREZ,GUAYAS,9,GUAYAQUIL,901,"Educación General Básica, Bachillerato y Ofertas Intensivas",Fiscal,259
2023-2024 Inicio,13H02164,UNIDAD EDUCATIVA FISCAL BAHIA DE MANTA,MANABI,13,MANTA,1308,"Educación General Básica, Bachillerato y Ofertas Intensivas",Fiscal,142
2023-2024 Inicio,13H03771,UNIDAD EDUCATIVA FISCAL BELLAVISTA,MANABI,13,24 DE MAYO,1316,Educación General Básica y Bachillerato,Fiscal,39
2023-2024 Inicio,09H00931,UNIDAD EDUCATIVA FISCAL CALICUCHIMA,GUAYAS,9,GUAYAQUIL,901,Educación General Básica y Bachillerato,Fiscal,157
2023-2024 Inicio,09H05614,UNIDAD EDUCATIVA FISCAL CAMILO DESTRUGE,GUAYAS,9,GUAYAQUIL,901,Educación General Básica y Bachillerato,Fiscal,301
2023-2024 Inicio,09H02566,UNIDAD EDUCATIVA FISCAL CAMILO GALLEGOS DOMINGUEZ,GUAYAS,9,GUAYAQUIL,901,Educación General Básica y Bachillerato,Fiscal,72
2023-2024 Inicio,13H02330,UNIDAD EDUCATIVA FISCAL CAMILO PONCE ENRIQUEZ,MANABI,13,MANTA,1308,Educación General Básica y Bachillerato,Fiscal,41
2023-2024 Inicio,17H00124,UNIDAD EDUCATIVA FISCAL CAMILO PONCE ENRIQUEZ,PICHINCHA,17,QUITO,1701,Educación General Básica y Bachillerato,Fiscal,182
2023-2024 Inicio,13H02905,UNIDAD EDUCATIVA FISCAL CAMPOZANO,MANABI,13,PAJAN,1310,"Educación Inicial, Educación General Básica y Bachillerato",Fiscal,81
2023-2024 Inicio,09H02267,UNIDAD EDUCATIVA FISCAL CANAL DE JAMBELI,GUAYAS,9,GUAYAQUIL,901,"Educación Inicial, Educación General Básica y Bachillerato",Fiscal,159
2023-2024 Inicio,22H00124,UNIDAD EDUCATIVA FISCAL CAPITAN GIOVANNI CALLE,ORELLANA,22,ORELLANA,2201,Educación General Básica y Bachillerato,Fiscal,47
2023-2024 Inicio,09H02521,UNIDAD EDUCATIVA FISCAL CARLOS ESTARELLAS AVILES,GUAYAS,9,GUAYAQUIL,901,Educación General Básica y Bachillerato,Fiscal,278
2023-2024 Inicio,09H02775,UNIDAD EDUCATIVA FISCAL CARLOS JULIO AROSEMENA TOLA,GUAYAS,9,GUAYAQUIL,901,"Educación Inicial, Educación General Básica y Bachillerato",Fiscal,190
2023-2024 Inicio,09H01602,UNIDAD EDUCATIVA FISCAL CARLOS MONTEVERDE ROMERO,GUAYAS,9,GUAYAQUIL,901,"Educación Inicial, Educación General Básica y Bachillerato",Fiscal,65
2023-2024 Inicio,17H00786,UNIDAD EDUCATIVA FISCAL CARLOS ZAMBRANO OREJUELA,PICHINCHA,17,QUITO,1701,Educación General Básica y Bachillerato,Fiscal,84
2023-2024 Inicio,09H00031,UNIDAD EDUCATIVA FISCAL CESAR BORJA LAVAYEN,GUAYAS,9,GUAYAQUIL,901,Educación General Básica y Bachillerato,Fiscal,223
2023-2024 Inicio,09H02632,UNIDAD EDUCATIVA FISCAL CHONGON,GUAYAS,9,GUAYAQUIL,901,"Educación General Básica, Bachillerato y Ofertas Intensivas",Fiscal,207
2023-2024 Inicio,13H02648,UNIDAD EDUCATIVA FISCAL CINCO DE JUNIO,MANABI,13,MANTA,1308,Educación General Básica y Bachillerato,Fiscal,269
2023-2024 Inicio,09H02451,UNIDAD EDUCATIVA FISCAL CIUDAD DE RIOBAMBA,GUAYAS,9,GUAYAQUIL,901,"Educación Inicial, Educación General Básica y Bachillerato",Fiscal,74
2023-2024 Inicio,09H03584,UNIDAD EDUCATIVA FISCAL CIUDAD DE TIWINTZA,GUAYAS,9,DURAN,907,Educación General Básica y Bachillerato,Fiscal,221
2023-2024 Inicio,09H01913,UNIDAD EDUCATIVA FISCAL CLARA BRUNO DE PIANA,GUAYAS,9,GUAYAQUIL,901,"Educación Inicial, Educación General Básica y Bachillerato",Fiscal,64
2023-2024 Inicio,09H00962,UNIDAD EDUCATIVA FISCAL CLEMENTE YEROVI INDABURU,GUAYAS,9,GUAYAQUIL,901,Educación General Básica y Bachillerato,Fiscal,192
2023-2024 Inicio,17H01660,UNIDAD EDUCATIVA FISCAL CONOCOTO,PICHINCHA,17,QUITO,1701,Educación General Básica y Bachillerato,Fiscal,304
2023-2024 Inicio,09H00188,UNIDAD EDUCATIVA FISCAL CORONEL LUCIANO CORAL,GUAYAS,9,GUAYAQUIL,901,"Educación Inicial, Educación General Básica y Bachillerato",Fiscal,87
2023-2024 Inicio,09H04665,UNIDAD EDUCATIVA FISCAL CUENCA DEL GUAYAS,GUAYAS,9,SAMBORONDON,916,Educación General Básica y Bachillerato,Fiscal,116
2023-2024 Inicio,09H03489,UNIDAD EDUCATIVA FISCAL DE IMBABURA,GUAYAS,9,DURAN,907,Bachillerato y Ofertas Intensivas,Fiscal,356
2023-2024 Inicio,09H01610,UNIDAD EDUCATIVA FISCAL DOLORES CACUANGO,GUAYAS,9,GUAYAQUIL,901,"Educación Inicial, Educación General Básica, Bachillerato y Ofertas Intensivas",Fiscal,271
2023-2024 Inicio,09H01213,UNIDAD EDUCATIVA FISCAL DOLORES SUCRE,GUAYAS,9,GUAYAQUIL,901,Educación General Básica y Bachillerato,Fiscal,694
2023-2024 Inicio,09H05981,UNIDAD EDUCATIVA FISCAL DOLORES VEINTIMILLA DE GALINDO,GUAYAS,9,GUAYAQUIL,901,"Educación Inicial, Educación General Básica y Bachillerato",Fiscal,62
2023-2024 Inicio,17H01006,UNIDAD EDUCATIVA FISCAL DOMINGO FAUSTINO SARMIENTO,PICHINCHA,17,QUITO,1701,Educación General Básica y Bachillerato,Fiscal,43
2023-2024 Inicio,09H02215,UNIDAD EDUCATIVA FISCAL DR AGUSTÍN VERA LOOR,GUAYAS,9,GUAYAQUIL,901,Educación General Básica y Bachillerato,Fiscal,215
2023-2024 Inicio,13H00188,UNIDAD EDUCATIVA FISCAL DR BRUNO SANCHEZ CARREÑO,MANABI,13,PORTOVIEJO,1301,Educación General Básica y Bachillerato,Fiscal,104
2023-2024 Inicio,09H01771,UNIDAD EDUCATIVA FISCAL DR FRANCISCO CAMPOS COELLO,GUAYAS,9,GUAYAQUIL,901,Educación General Básica y Bachillerato,Fiscal,170
2023-2024 Inicio,13H01414,UNIDAD EDUCATIVA FISCAL DR JOSE MARIA VELASCO IBARRA,MANABI,13,EL CARMEN,1304,"Educación Inicial, Educación General Básica y Bachillerato",Fiscal,37
2023-2024 Inicio,17H00581,UNIDAD EDUCATIVA FISCAL DR JOSE MARIA VELASCO IBARRA,PICHINCHA,17,QUITO,1701,Educación General Básica y Bachillerato,Fiscal,54
2023-2024 Inicio,09H01249,UNIDAD EDUCATIVA FISCAL DR LUIS FELIPE BORJA PEREZ,GUAYAS,9,GUAYAQUIL,901,Educación General Básica y Bachillerato,Fiscal,188
2023-2024 Inicio,09H01583,UNIDAD EDUCATIVA FISCAL DR MANUEL CORDOVA GALARZA,GUAYAS,9,GUAYAQUIL,901,Educación General Básica y Bachillerato,Fiscal,258
2023-2024 Inicio,17H01041,UNIDAD EDUCATIVA FISCAL DR RICARDO CORNEJO ROSALES,PICHINCHA,17,QUITO,1701,"Educación General Básica, Bachillerato y Ofertas Intensivas",Fiscal,175
2023-2024 Inicio,09H00783,UNIDAD EDUCATIVA FISCAL DR TEODORO ALVARADO OLEA,GUAYAS,9,GUAYAQUIL,901,Educación General Básica y Bachillerato,Fiscal,493
2023-2024 Inicio,09H00282,UNIDAD EDUCATIVA FISCAL DR. ALFREDO BAQUERIZO MORENO,GUAYAS,9,GUAYAQUIL,901,"Educación Inicial, Educación General Básica y Bachillerato",Fiscal,97
2023-2024 Inicio,09H05374,UNIDAD EDUCATIVA FISCAL DURAN,GUAYAS,9,DURAN,907,"Educación General Básica, Bachillerato y Ofertas Intensivas",Fiscal,611
2023-2024 Inicio,09H00928,UNIDAD EDUCATIVA FISCAL EDUARDO KINGMAN RIOFRIO,GUAYAS,9,GUAYAQUIL,901,"Educación Inicial, Educación General Básica y Bachillerato",Fiscal,94
2023-2024 Inicio,17H01903,UNIDAD EDUCATIVA FISCAL EDUARDO SALAZAR GOMEZ,PICHINCHA,17,QUITO,1701,"Educación General Básica, Bachillerato y Ofertas Intensivas",Fiscal,210
2023-2024 Inicio,09H02761,UNIDAD EDUCATIVA FISCAL ELISA AYALA GONZALEZ,GUAYAS,9,GUAYAQUIL,901,"Educación Inicial, Educación General Básica y Bachillerato",Fiscal,55
2023-2024 Inicio,09H02001,UNIDAD EDUCATIVA FISCAL ELOY ALFARO,GUAYAS,9,GUAYAQUIL,901,Educación General Básica y Bachillerato,Fiscal,283
2023-2024 Inicio,17H00120,UNIDAD EDUCATIVA FISCAL ELOY ALFARO,PICHINCHA,17,QUITO,1701,Educación General Básica y Bachillerato,Fiscal,366
2023-2024 Inicio,09H02173,UNIDAD EDUCATIVA FISCAL ELOY ORTEGA SOTO,GUAYAS,9,GUAYAQUIL,901,Educación General Básica y Bachillerato,Fiscal,62
2023-2024 Inicio,09H02718,UNIDAD EDUCATIVA FISCAL EMILIO  UZCATEGUI GARCIA,GUAYAS,9,GUAYAQUIL,901,"Educación Inicial, Educación General Básica y Bachillerato",Fiscal,90
2023-2024 Inicio,13H02631,UNIDAD EDUCATIVA FISCAL EMILIO BOWEN ROGGIERO,MANABI,13,MANTA,1308,"Educación Inicial, Educación General Básica y Bachillerato",Fiscal,124
2023-2024 Inicio,09H00061,UNIDAD EDUCATIVA FISCAL ENRIQUE GIL GILBERT,GUAYAS,9,GUAYAQUIL,901,Educación General Básica y Bachillerato,Fiscal,197
2023-2024 Inicio,17H02044,UNIDAD EDUCATIVA FISCAL EQUINOCCIO SAN ANTONIO,PICHINCHA,17,QUITO,1701,"Educación Inicial, Educación General Básica y Bachillerato",Fiscal,134
2023-2024 Inicio,13H03066,UNIDAD EDUCATIVA FISCAL ERNESTO VELASQUEZ KUFFO,MANABI,13,PICHINCHA,1311,"Educación Inicial, Educación General Básica y Bachillerato",Fiscal,48
2023-2024 Inicio,09H02391,UNIDAD EDUCATIVA FISCAL ESPECIALIZADA LA FLORESTA,GUAYAS,9,GUAYAQUIL,901,"Educación Inicial, Educación General Básica y Bachillerato",Fiscal,23
2023-2024 Inicio,09H06182,UNIDAD EDUCATIVA FISCAL ESPECIALIZADA MANUELA ESPEJO,GUAYAS,9,GUAYAQUIL,901,Educación General Básica y Bachillerato,Fiscal,22
2023-2024 Inicio,09H06686,UNIDAD EDUCATIVA FISCAL ESPECIALIZADA MARIA MANUELA DOMINGA DE ESPEJO Y ALDAZ,GUAYAS,9,SAMBORONDON,916,"Educación Inicial, Educación General Básica y Bachillerato",Fiscal,3
2023-2024 Inicio,17H00291,UNIDAD EDUCATIVA FISCAL ESPECIALIZADA RODRÍGUEZ HIDALGO,PICHINCHA,17,QUITO,1701,Educación General Básica y Bachillerato,Fiscal,18
2023-2024 Inicio,17H00890,UNIDAD EDUCATIVA FISCAL EUGENIO ESPEJO,PICHINCHA,17,QUITO,1701,Educación General Básica y Bachillerato,Fiscal,165
2023-2024 Inicio,09H05885,UNIDAD EDUCATIVA FISCAL FABRIZIO BUCCO BOZZOLO,GUAYAS,9,DURAN,907,"Educación Inicial, Educación General Básica y Bachillerato",Fiscal,123
2023-2024 Inicio,05H00095,UNIDAD EDUCATIVA FISCAL FAE N°5,COTOPAXI,5,LATACUNGA,501,Educación General Básica y Bachillerato,Fiscal,109
2023-2024 Inicio,09H01587,UNIDAD EDUCATIVA FISCAL FAE NO 2,GUAYAS,9,GUAYAQUIL,901,Educación General Básica y Bachillerato,Fiscal,100
2023-2024 Inicio,09H01130,UNIDAD EDUCATIVA FISCAL FICOA DE MONTALVO,GUAYAS,9,GUAYAQUIL,901,"Educación Inicial, Educación General Básica, Bachillerato y Ofertas Intensivas",Fiscal,67
2023-2024 Inicio,09H06118,UNIDAD EDUCATIVA FISCAL FISCAL JOSE MARTI,GUAYAS,9,GUAYAQUIL,901,Educación General Básica y Bachillerato,Fiscal,90
2023-2024 Inicio,09H02432,UNIDAD EDUCATIVA FISCAL FRANCISCO DE ORELLANA,GUAYAS,9,GUAYAQUIL,901,Educación General Básica y Bachillerato,Fiscal,276
2023-2024 Inicio,09H01882,UNIDAD EDUCATIVA FISCAL FUERTE MILITAR HUANCAVILCA,GUAYAS,9,GUAYAQUIL,901,"Educación Inicial, Educación General Básica y Bachillerato",Fiscal,155
2023-2024 Inicio,13H02186,UNIDAD EDUCATIVA FISCAL GALILEO GALILEI,MANABI,13,MANTA,1308,Educación General Básica y Bachillerato,Fiscal,187
2023-2024 Inicio,09H03495,UNIDAD EDUCATIVA FISCAL GENERAL ELOY ALFARO DELGADO,GUAYAS,9,DURAN,907,"Educación Inicial, Educación General Básica y Bachillerato",Fiscal,385
2023-2024 Inicio,17H01943,UNIDAD EDUCATIVA FISCAL GENERAL PINTAG,PICHINCHA,17,QUITO,1701,Educación General Básica y Bachillerato,Fiscal,159
2023-2024 Inicio,09H01795,UNIDAD EDUCATIVA FISCAL GRAL LUIS ALFREDO MOLINA ARROYO,GUAYAS,9,GUAYAQUIL,901,"Educación Inicial, Educación General Básica y Bachillerato",Fiscal,123
2023-2024 Inicio,09H01561,UNIDAD EDUCATIVA FISCAL GRAL. PEDRO J. MONTERO,GUAYAS,9,GUAYAQUIL,901,"Educación General Básica, Bachillerato y Ofertas Intensivas",Fiscal,209
2023-2024 Inicio,17H00016,UNIDAD EDUCATIVA FISCAL GRAN COLOMBIA,PICHINCHA,17,QUITO,1701,Educación General Básica y Bachillerato,Fiscal,404
2023-2024 Inicio,13H02845,UNIDAD EDUCATIVA FISCAL GUALE,MANABI,13,PAJAN,1310,"Educación Inicial, Educación General Básica, Bachillerato y Ofertas Intensivas",Fiscal,84
2023-2024 Inicio,09H00479,UNIDAD EDUCATIVA FISCAL GUAYAQUIL,GUAYAS,9,GUAYAQUIL,901,Educación General Básica y Bachillerato,Fiscal,717
2023-2024 Inicio,09H00881,UNIDAD EDUCATIVA FISCAL HIDEYO NOGUCHI,GUAYAS,9,GUAYAQUIL,901,"Educación Inicial, Educación General Básica y Bachillerato",Fiscal,54
2023-2024 Inicio,17H00133,UNIDAD EDUCATIVA FISCAL HIPATIA CARDENAS DE BUSTAMANTE,PICHINCHA,17,QUITO,1701,Educación General Básica y Bachillerato,Fiscal,211
2023-2024 Inicio,09H01472,UNIDAD EDUCATIVA FISCAL HUANCAVILCA,GUAYAS,9,GUAYAQUIL,901,Educación General Básica y Bachillerato,Fiscal,161
2023-2024 Inicio,09H02712,UNIDAD EDUCATIVA FISCAL ILEANA ESPINEL CEDEÑO,GUAYAS,9,GUAYAQUIL,901,"Educación Inicial, Educación General Básica y Bachillerato",Fiscal,63
2023-2024 Inicio,09B00022,UNIDAD EDUCATIVA FISCAL INTERCULTURAL BILINGÜE JAIME ROLDOS AGUILERA,GUAYAS,9,GUAYAQUIL,901,"Educación Inicial, Educación General Básica, Bachillerato y Ofertas Intensivas",Fiscal,122
2023-2024 Inicio,09H00836,UNIDAD EDUCATIVA FISCAL ISMAEL PEREZ PAZMIÑO,GUAYAS,9,GUAYAQUIL,901,Educación General Básica y Bachillerato,Fiscal,311
2023-2024 Inicio,09H02526,UNIDAD EDUCATIVA FISCAL JAIME ROLDOS AGUILERA,GUAYAS,9,GUAYAQUIL,901,"Educación Inicial, Educación General Básica y Bachillerato",Fiscal,280
2023-2024 Inicio,17H01476,UNIDAD EDUCATIVA FISCAL JM JIJON CAAMAÑO Y FLORES,PICHINCHA,17,QUITO,1701,"Educación Inicial, Educación General Básica y Bachillerato",Fiscal,66
2023-2024 Inicio,09H00398,UNIDAD EDUCATIVA FISCAL JORGE ICAZA CORONEL,GUAYAS,9,GUAYAQUIL,901,Educación General Básica y Bachillerato,Fiscal,241
2023-2024 Inicio,13H02503,UNIDAD EDUCATIVA FISCAL JORGE WASHINGTON,MANABI,13,MANTA,1308,"Educación Inicial, Educación General Básica y Bachillerato",Fiscal,45
2023-2024 Inicio,09H02703,UNIDAD EDUCATIVA FISCAL JORGE YUNES HUESPED,GUAYAS,9,GUAYAQUIL,901,"Educación Inicial, Educación General Básica y Bachillerato",Fiscal,54
2023-2024 Inicio,09H02032,UNIDAD EDUCATIVA FISCAL JOSE ALFREDO LLERENA,GUAYAS,9,GUAYAQUIL,901,"Educación Inicial, Educación General Básica y Bachillerato",Fiscal,75
2023-2024 Inicio,09H05103,UNIDAD EDUCATIVA FISCAL JOSE DE VILLAMIL,GUAYAS,9,PLAYAS,921,Educación General Básica y Bachillerato,Fiscal,98
2023-2024 Inicio,09H01378,UNIDAD EDUCATIVA FISCAL JOSE JESUS OCAMPO SALAZAR,GUAYAS,9,GUAYAQUIL,901,"Educación Inicial, Educación General Básica y Bachillerato",Fiscal,39
2023-2024 Inicio,09H01963,UNIDAD EDUCATIVA FISCAL JOSE JOAQUIN DE OLMEDO,GUAYAS,9,GUAYAQUIL,901,Educación General Básica y Bachillerato,Fiscal,257
2023-2024 Inicio,09H06718,UNIDAD EDUCATIVA FISCAL JOSÉ JOAQUÍN DE OLMEDO,GUAYAS,9,GUAYAQUIL,901,"Educación Inicial, Educación General Básica y Bachillerato",Fiscal,97
2023-2024 Inicio,09H01742,UNIDAD EDUCATIVA FISCAL JOSE JOAQUIN PINO YCAZA,GUAYAS,9,GUAYAQUIL,901,Educación General Básica y Bachillerato,Fiscal,285
2023-2024 Inicio,09H01975,UNIDAD EDUCATIVA FISCAL JOSE MARIA EGAS,GUAYAS,9,GUAYAQUIL,901,Educación General Básica y Bachillerato,Fiscal,431
2023-2024 Inicio,09H01745,UNIDAD EDUCATIVA FISCAL JOSE MARTINEZ QUEIROLO,GUAYAS,9,GUAYAQUIL,901,"Educación Inicial, Educación General Básica, Bachillerato y Ofertas Intensivas",Fiscal,272
2023-2024 Inicio,09H02375,UNIDAD EDUCATIVA FISCAL JOSÉ VICENTE TRUJILLO,GUAYAS,9,GUAYAQUIL,901,"Educación General Básica, Bachillerato y Ofertas Intensivas",Fiscal,235
2023-2024 Inicio,13H01435,UNIDAD EDUCATIVA FISCAL JUAN ANTONIO VEGA ARBOLEDA,MANABI,13,EL CARMEN,1304,"Educación Inicial, Educación General Básica y Bachillerato",Fiscal,135
2023-2024 Inicio,13H02737,UNIDAD EDUCATIVA FISCAL JUAN LEON MERA,MANABI,13,MONTECRISTI,1309,Educación General Básica y Bachillerato,Fiscal,57
2023-2024 Inicio,09H02094,UNIDAD EDUCATIVA FISCAL JUAN MODESTO CARBO NOBOA,GUAYAS,9,GUAYAQUIL,901,"Educación General Básica, Bachillerato y Ofertas Intensivas",Fiscal,172
2023-2024 Inicio,09H01854,UNIDAD EDUCATIVA FISCAL JUAN MONTALVO,GUAYAS,9,GUAYAQUIL,901,"Educación General Básica, Bachillerato y Ofertas Intensivas",Fiscal,264
2023-2024 Inicio,17H02853,UNIDAD EDUCATIVA FISCAL JUAN MONTALVO,PICHINCHA,17,QUITO,1701,Educación General Básica y Bachillerato,Fiscal,180
2023-2024 Inicio,13H01907,UNIDAD EDUCATIVA FISCAL JUDITH IZA DE ANTON,MANABI,13,JIPIJAPA,1306,Educación General Básica y Bachillerato,Fiscal,35
2023-2024 Inicio,13H02811,UNIDAD EDUCATIVA FISCAL LA PILA,MANABI,13,MONTECRISTI,1309,"Educación Inicial, Educación General Básica y Bachillerato",Fiscal,37
2023-2024 Inicio,09H02574,UNIDAD EDUCATIVA FISCAL LEONIDAS ORTEGA MOREIRA,GUAYAS,9,GUAYAQUIL,901,Educación General Básica y Bachillerato,Fiscal,170
2023-2024 Inicio,13H03403,UNIDAD EDUCATIVA FISCAL LEONIDAS PLAZA,MANABI,13,SUCRE,1314,"Educación General Básica, Bachillerato y Ofertas Intensivas",Fiscal,38
2023-2024 Inicio,17H00302,UNIDAD EDUCATIVA FISCAL LOS SHYRIS,PICHINCHA,17,QUITO,1701,Educación General Básica y Bachillerato,Fiscal,263
2023-2024 Inicio,09H01694,UNIDAD EDUCATIVA FISCAL LOS VERGELES,GUAYAS,9,GUAYAQUIL,901,"Educación Inicial, Educación General Básica y Bachillerato",Fiscal,270
2023-2024 Inicio,17H00121,UNIDAD EDUCATIVA FISCAL LUCIANO ANDRADE MARIN,PICHINCHA,17,QUITO,1701,Educación General Básica y Bachillerato,Fiscal,262
2023-2024 Inicio,09H01868,UNIDAD EDUCATIVA FISCAL LUIS ALFREDO NOBOA ICAZA,GUAYAS,9,GUAYAQUIL,901,"Educación Inicial, Educación General Básica y Bachillerato",Fiscal,141
2023-2024 Inicio,09H00748,UNIDAD EDUCATIVA FISCAL LUIS BONINI PINO,GUAYAS,9,GUAYAQUIL,901,"Educación Inicial, Educación General Básica y Bachillerato",Fiscal,84
2023-2024 Inicio,09H02790,UNIDAD EDUCATIVA FISCAL LUIS FERNANDO VIVERO,GUAYAS,9,GUAYAQUIL,901,"Educación General Básica, Bachillerato y Ofertas Intensivas",Fiscal,343
2023-2024 Inicio,13H02371,UNIDAD EDUCATIVA FISCAL MANTA,MANABI,13,MANTA,1308,Educación General Básica y Bachillerato,Fiscal,536
2023-2024 Inicio,13H03775,UNIDAD EDUCATIVA FISCAL MANUEL AUGUSTO GUILLEN VELEZ,MANABI,13,24 DE MAYO,1316,"Educación General Básica, Bachillerato y Ofertas Intensivas",Fiscal,29
2023-2024 Inicio,17H00680,UNIDAD EDUCATIVA FISCAL MANUELA CAÑIZARES,PICHINCHA,17,QUITO,1701,"Educación General Básica, Bachillerato y Ofertas Intensivas",Fiscal,569
2023-2024 Inicio,09H00792,UNIDAD EDUCATIVA FISCAL MARIA MERCEDES CLEOFE SILVA CARRION,GUAYAS,9,GUAYAQUIL,901,"Educación Inicial, Educación General Básica y Bachillerato",Fiscal,64
2023-2024 Inicio,09H01400,UNIDAD EDUCATIVA FISCAL MARTHA BUCARAM DE ROLDOS,GUAYAS,9,GUAYAQUIL,901,"Educación General Básica, Bachillerato y Ofertas Intensivas",Fiscal,273
2023-2024 Inicio,09H02662,UNIDAD EDUCATIVA FISCAL MATILDE HIDALGO DE PROCEL,GUAYAS,9,GUAYAQUIL,901,Educación General Básica y Bachillerato,Fiscal,24
2023-2024 Inicio,17H00206,UNIDAD EDUCATIVA FISCAL MAYOR GALO MOLINA,PICHINCHA,17,QUITO,1701,"Educación Inicial, Educación General Básica y Bachillerato",Fiscal,42
2023-2024 Inicio,09H02463,UNIDAD EDUCATIVA FISCAL MIGUEL DONOSO PAREJA,GUAYAS,9,GUAYAQUIL,901,"Educación Inicial, Educación General Básica y Bachillerato",Fiscal,263
2023-2024 Inicio,13H00133,UNIDAD EDUCATIVA FISCAL MIGUEL ITURRALDE,MANABI,13,PORTOVIEJO,1301,Educación General Básica y Bachillerato,Fiscal,119
2023-2024 Inicio,09H02764,UNIDAD EDUCATIVA FISCAL MODESTO WOLF PASAGUAY,GUAYAS,9,GUAYAQUIL,901,"Educación Inicial, Educación General Básica y Bachillerato",Fiscal,31
2023-2024 Inicio,09H01706,UNIDAD EDUCATIVA FISCAL MONSEÑOR LEONIDAS PROAÑO,GUAYAS,9,GUAYAQUIL,901,Educación General Básica y Bachillerato,Fiscal,85
2023-2024 Inicio,09H02586,UNIDAD EDUCATIVA FISCAL MONSEÑOR LEONIDAS PROAÑO,GUAYAS,9,GUAYAQUIL,901,"Educación Inicial, Educación General Básica y Bachillerato",Fiscal,329
2023-2024 Inicio,17H01869,UNIDAD EDUCATIVA FISCAL NONO,PICHINCHA,17,QUITO,1701,"Educación Inicial, Educación General Básica y Bachillerato",Fiscal,10
2023-2024 Inicio,09H00016,UNIDAD EDUCATIVA FISCAL NUEVE DE OCTUBRE,GUAYAS,9,GUAYAQUIL,901,"Educación Inicial, Educación General Básica y Bachillerato",Fiscal,107
2023-2024 Inicio,09H02049,UNIDAD EDUCATIVA FISCAL NUEVE DE OCTUBRE,GUAYAS,9,GUAYAQUIL,901,Educación General Básica y Bachillerato,Fiscal,524
2023-2024 Inicio,17H00017,UNIDAD EDUCATIVA FISCAL NUMA POMPILIO LLONA,PICHINCHA,17,QUITO,1701,Educación General Básica y Bachillerato,Fiscal,90
2023-2024 Inicio,09H04704,UNIDAD EDUCATIVA FISCAL OSWALDO GUAYASAMÍN,GUAYAS,9,SAMBORONDON,916,"Educación Inicial, Educación General Básica y Bachillerato",Fiscal,66
2023-2024 Inicio,09H00377,UNIDAD EDUCATIVA FISCAL OTTO AROSEMENA GOMEZ,GUAYAS,9,GUAYAQUIL,901,Educación General Básica y Bachillerato,Fiscal,370
2023-2024 Inicio,09H00473,UNIDAD EDUCATIVA FISCAL PABLO HANNIBAL VELA EGUEZ,GUAYAS,9,GUAYAQUIL,901,"Educación Inicial, Educación General Básica y Bachillerato",Fiscal,99
2023-2024 Inicio,09H02688,UNIDAD EDUCATIVA FISCAL PABLO WEBER CUBILLO,GUAYAS,9,GUAYAQUIL,901,Educación General Básica y Bachillerato,Fiscal,86
2023-2024 Inicio,13H02817,UNIDAD EDUCATIVA FISCAL PAJAN,MANABI,13,PAJAN,1310,"Educación General Básica, Bachillerato y Ofertas Intensivas",Fiscal,194
2023-2024 Inicio,13H02629,UNIDAD EDUCATIVA FISCAL PAQUISHA,MANABI,13,MANTA,1308,"Educación Inicial, Educación General Básica, Bachillerato y Ofertas Intensivas",Fiscal,193
2023-2024 Inicio,09H00684,UNIDAD EDUCATIVA FISCAL PATRIA ECUATORIANA,GUAYAS,9,GUAYAQUIL,901,"Educación Inicial, Educación General Básica y Bachillerato",Fiscal,49
2023-2024 Inicio,13H04611,UNIDAD EDUCATIVA FISCAL PATRIA ECUATORIANA,MANABI,13,24 DE MAYO,1316,Educación General Básica y Bachillerato,Fiscal,25
2023-2024 Inicio,09H02708,UNIDAD EDUCATIVA FISCAL PCEI EUGENIO ESPEJO,GUAYAS,9,GUAYAQUIL,901,Educación General Básica y Bachillerato,Fiscal,102
2023-2024 Inicio,13H02492,UNIDAD EDUCATIVA FISCAL PEDRO BALDA CUCALON,MANABI,13,MANTA,1308,Educación General Básica y Bachillerato,Fiscal,391
2023-2024 Inicio,17H02147,UNIDAD EDUCATIVA FISCAL PEDRO LUIS CALERO,PICHINCHA,17,QUITO,1701,"Educación Inicial, Educación General Básica y Bachillerato",Fiscal,37
2023-2024 Inicio,09H00777,UNIDAD EDUCATIVA FISCAL PEDRO VICENTE MALDONADO,GUAYAS,9,GUAYAQUIL,901,"Educación Inicial, Educación General Básica y Bachillerato",Fiscal,63
2023-2024 Inicio,13H00483,UNIDAD EDUCATIVA FISCAL PEDRO ZAMBRANO BARCIA,MANABI,13,PORTOVIEJO,1301,Educación General Básica y Bachillerato,Fiscal,69
2023-2024 Inicio,17H00805,UNIDAD EDUCATIVA FISCAL PICHINCHA,PICHINCHA,17,QUITO,1701,"Educación Inicial, Educación General Básica y Bachillerato",Fiscal,50
2023-2024 Inicio,09H01327,UNIDAD EDUCATIVA FISCAL PROCER LEON DE FEBRES CORDERO,GUAYAS,9,GUAYAQUIL,901,"Educación General Básica, Bachillerato y Ofertas Intensivas",Fiscal,80
2023-2024 Inicio,09H01384,UNIDAD EDUCATIVA FISCAL PROF WASHINGTON YANEZ ALOMOTO,GUAYAS,9,GUAYAQUIL,901,"Educación Inicial, Educación General Básica y Bachillerato",Fiscal,57
2023-2024 Inicio,09H01372,UNIDAD EDUCATIVA FISCAL PROVINCIA DE BOLIVAR,GUAYAS,9,GUAYAQUIL,901,Educación General Básica y Bachillerato,Fiscal,217
2023-2024 Inicio,09H02114,UNIDAD EDUCATIVA FISCAL PROVINCIA DE CHIMBORAZO,GUAYAS,9,GUAYAQUIL,901,Educación General Básica y Bachillerato,Fiscal,321
2023-2024 Inicio,09H02522,UNIDAD EDUCATIVA FISCAL PROVINCIA DE COTOPAXI,GUAYAS,9,GUAYAQUIL,901,"Educación Inicial, Educación General Básica y Bachillerato",Fiscal,320
2023-2024 Inicio,09H02024,UNIDAD EDUCATIVA FISCAL PROVINCIA DE LOJA,GUAYAS,9,GUAYAQUIL,901,Educación General Básica y Bachillerato,Fiscal,252
2023-2024 Inicio,09H00551,UNIDAD EDUCATIVA FISCAL PROVINCIA DE LOS RIOS,GUAYAS,9,GUAYAQUIL,901,Educación General Básica y Bachillerato,Fiscal,74
2023-2024 Inicio,09H01752,UNIDAD EDUCATIVA FISCAL PROVINCIA DE TUNGURAHUA,GUAYAS,9,GUAYAQUIL,901,"Educación Inicial, Educación General Básica y Bachillerato",Fiscal,261
2023-2024 Inicio,09H03503,UNIDAD EDUCATIVA FISCAL PROVINCIA DEL CAÑAR,GUAYAS,9,DURAN,907,Educación General Básica y Bachillerato,Fiscal,400
2023-2024 Inicio,09H00765,UNIDAD EDUCATIVA FISCAL PROVINCIA DEL CARCHI,GUAYAS,9,GUAYAQUIL,901,Educación General Básica y Bachillerato,Fiscal,156
2023-2024 Inicio,13H02071,UNIDAD EDUCATIVA FISCAL PUERTO CAYO,MANABI,13,JIPIJAPA,1306,"Educación Inicial, Educación General Básica, Bachillerato y Ofertas Intensivas",Fiscal,45
2023-2024 Inicio,09H02639,UNIDAD EDUCATIVA FISCAL PUERTO HONDO,GUAYAS,9,GUAYAQUIL,901,"Educación Inicial, Educación General Básica y Bachillerato",Fiscal,36
2023-2024 Inicio,09H02812,UNIDAD EDUCATIVA FISCAL PUNÁ,GUAYAS,9,GUAYAQUIL,901,Educación General Básica y Bachillerato,Fiscal,71
2023-2024 Inicio,17H00281,UNIDAD EDUCATIVA FISCAL RAUL ANDRADE,PICHINCHA,17,QUITO,1701,"Educación Inicial, Educación General Básica y Bachillerato",Fiscal,74
2023-2024 Inicio,09H06173,UNIDAD EDUCATIVA FISCAL REPLICA AGUIRRE ABAD,GUAYAS,9,GUAYAQUIL,901,"Educación Inicial, Educación General Básica y Bachillerato",Fiscal,181
2023-2024 Inicio,09H06163,UNIDAD EDUCATIVA FISCAL REPLICA GUAYAQUIL ,GUAYAS,9,GUAYAQUIL,901,Educación General Básica y Bachillerato,Fiscal,175
2023-2024 Inicio,09H06171,UNIDAD EDUCATIVA FISCAL REPLICA REPLICA 28 DE MAY0,GUAYAS,9,GUAYAQUIL,901,"Educación Inicial, Educación General Básica, Bachillerato y Ofertas Intensivas",Fiscal,225
2023-2024 Inicio,09H06172,UNIDAD EDUCATIVA FISCAL REPLICA TECNICO SIMON BOLIVAR,GUAYAS,9,GUAYAQUIL,901,"Educación Inicial, Educación General Básica y Bachillerato",Fiscal,157
2023-2024 Inicio,09H06054,UNIDAD EDUCATIVA FISCAL REPLICA VICENTE ROCAFUERTE,GUAYAS,9,GUAYAQUIL,901,"Educación General Básica, Bachillerato y Ofertas Intensivas",Fiscal,512
2023-2024 Inicio,09H01705,UNIDAD EDUCATIVA FISCAL REPÚBLICA DE FILIPINAS,GUAYAS,9,GUAYAQUIL,901,Educación General Básica y Bachillerato,Fiscal,156
2023-2024 Inicio,09H00706,UNIDAD EDUCATIVA FISCAL REPUBLICA DE FRANCIA,GUAYAS,9,GUAYAQUIL,901,"Educación Inicial, Educación General Básica y Bachillerato",Fiscal,49
2023-2024 Inicio,09H00431,UNIDAD EDUCATIVA FISCAL REPUBLICA DE VENEZUELA,GUAYAS,9,GUAYAQUIL,901,Educación General Básica y Bachillerato,Fiscal,150
2023-2024 Inicio,17H01811,UNIDAD EDUCATIVA FISCAL RICARDO ALVAREZ MANTILLA,PICHINCHA,17,QUITO,1701,Educación General Básica y Bachillerato,Fiscal,143
2023-2024 Inicio,09H05605,UNIDAD EDUCATIVA FISCAL RIO MARAÑON,GUAYAS,9,GUAYAQUIL,901,"Educación Inicial, Educación General Básica y Bachillerato",Fiscal,80
2023-2024 Inicio,09H00653,UNIDAD EDUCATIVA FISCAL RITA LECUMBERRI,GUAYAS,9,GUAYAQUIL,901,Educación General Básica y Bachillerato,Fiscal,473
2023-2024 Inicio,13H02673,UNIDAD EDUCATIVA FISCAL ROCKE CANTOS BARBERAN,MANABI,13,MONTECRISTI,1309,"Educación Inicial, Educación General Básica y Bachillerato",Fiscal,46
2023-2024 Inicio,17H01350,UNIDAD EDUCATIVA FISCAL ROSARIO GONZÁLEZ DE MURILLO,PICHINCHA,17,QUITO,1701,"Educación Inicial, Educación General Básica y Bachillerato",Fiscal,90
2023-2024 Inicio,13H01638,UNIDAD EDUCATIVA FISCAL RUMIÑAHUI,MANABI,13,EL CARMEN,1304,"Educación Inicial, Educación General Básica y Bachillerato",Fiscal,42
2023-2024 Inicio,09H04648,UNIDAD EDUCATIVA FISCAL SAMBORONDON,GUAYAS,9,SAMBORONDON,916,Educación General Básica y Bachillerato,Fiscal,276
2023-2024 Inicio,17H01010,UNIDAD EDUCATIVA FISCAL SAN FRANCISCO DE QUITO,PICHINCHA,17,QUITO,1701,Educación General Básica y Bachillerato,Fiscal,157
2023-2024 Inicio,17H01851,UNIDAD EDUCATIVA FISCAL SAN FRANCISCO DE QUITO,PICHINCHA,17,QUITO,1701,"Educación Inicial, Educación General Básica y Bachillerato",Fiscal,20
2023-2024 Inicio,13H02399,UNIDAD EDUCATIVA FISCAL SAN MATEO,MANABI,13,MANTA,1308,"Educación General Básica, Bachillerato y Ofertas Intensivas",Fiscal,73
2023-2024 Inicio,09H01008,UNIDAD EDUCATIVA FISCAL SARAH FLOR JIMENEZ,GUAYAS,9,GUAYAQUIL,901,"Educación Inicial, Educación General Básica y Bachillerato",Fiscal,311
2023-2024 Inicio,13H00499,UNIDAD EDUCATIVA FISCAL SIMON BOLIVAR,MANABI,13,PORTOVIEJO,1301,Educación General Básica y Bachillerato,Fiscal,69
2023-2024 Inicio,13H03685,UNIDAD EDUCATIVA FISCAL SUCRE,MANABI,13,24 DE MAYO,1316,"Educación General Básica, Bachillerato y Ofertas Intensivas",Fiscal,156
2023-2024 Inicio,13H05395,UNIDAD EDUCATIVA FISCAL TARQUI,MANABI,13,MANTA,1308,"Educación Inicial, Educación General Básica y Bachillerato",Fiscal,326
2023-2024 Inicio,11H00285,UNIDAD EDUCATIVA FISCAL TCRN LAURO GUERRERO,LOJA,11,LOJA,1101,Educación General Básica y Bachillerato,Fiscal,87
2023-2024 Inicio,09H01346,UNIDAD EDUCATIVA FISCAL TENIENTE HUGO ORTIZ,GUAYAS,9,GUAYAQUIL,901,Educación General Básica y Bachillerato,Fiscal,296
2023-2024 Inicio,17H01848,UNIDAD EDUCATIVA FISCAL TENIENTE HUGO ORTIZ,PICHINCHA,17,QUITO,1701,"Educación Inicial, Educación General Básica y Bachillerato",Fiscal,16
2023-2024 Inicio,13H02313,UNIDAD EDUCATIVA FISCAL TOHALLI,MANABI,13,MANTA,1308,Educación General Básica y Bachillerato,Fiscal,73
2023-2024 Inicio,13H00153,UNIDAD EDUCATIVA FISCAL URUGUAY,MANABI,13,PORTOVIEJO,1301,Educación General Básica y Bachillerato,Fiscal,407
2023-2024 Inicio,09H00876,UNIDAD EDUCATIVA FISCAL VEINTIOCHO DE MAYO,GUAYAS,9,GUAYAQUIL,901,Educación General Básica y Bachillerato,Fiscal,504
2023-2024 Inicio,09H02759,UNIDAD EDUCATIVA FISCAL VICENTE DE PIEDRAHITA CARBO,GUAYAS,9,GUAYAQUIL,901,"Educación Inicial, Educación General Básica y Bachillerato",Fiscal,33
2023-2024 Inicio,09H01959,UNIDAD EDUCATIVA FISCAL VICENTE ROCAFUERTE,GUAYAS,9,GUAYAQUIL,901,Educación General Básica y Bachillerato,Fiscal,866
2023-2024 Inicio,09H02760,UNIDAD EDUCATIVA FISCAL VICTOR EMILIO ESTRADA,GUAYAS,9,GUAYAQUIL,901,"Educación Inicial, Educación General Básica y Bachillerato",Fiscal,21
2023-2024 Inicio,09H00936,UNIDAD EDUCATIVA FISCAL VICTOR HUGO MORA BARREZUETA,GUAYAS,9,GUAYAQUIL,901,Educación General Básica y Bachillerato,Fiscal,141
2023-2024 Inicio,09H05623,UNIDAD EDUCATIVA FISCAL VICTOR NARANJO FIALLO,GUAYAS,9,GUAYAQUIL,901,"Educación Inicial, Educación General Básica y Bachillerato",Fiscal,19
2023-2024 Inicio,09H02725,UNIDAD EDUCATIVA FISCAL ZOBEIDA JIMENEZ VASQUEZ,GUAYAS,9,GUAYAQUIL,901,"Educación Inicial, Educación General Básica y Bachillerato",Fiscal,60
2023-2024 Inicio,15H00013,UNIDAD EDUCATIVA FISCOMISIOAL MONSEÑOR EMILIO CECCO,NAPO,15,TENA,1501,"Educación Inicial, Educación General Básica y Bachillerato",Fiscal,35
2023-2024 Inicio,08H00334,UNIDAD EDUCATIVA FISCOMISIONAL  SAN FRANCISCO DE ASIS,ESMERALDAS,8,ESMERALDAS,801,"Educación Inicial, Educación General Básica y Bachillerato",Fiscomisional,38
2023-2024 Inicio,08H01089,UNIDAD EDUCATIVA FISCOMISIONAL  SANTA MARIA DE NAZARET,ESMERALDAS,8,QUININDE,804,"Educación Inicial, Educación General Básica y Bachillerato",Fiscomisional,10
2023-2024 Inicio,09H00333,"UNIDAD EDUCATIVA FISCOMISIONAL ""FE Y ALEGRIA""",GUAYAS,9,GUAYAQUIL,901,"Educación Inicial, Educación General Básica y Bachillerato",Fiscomisional,111
2023-2024 Inicio,12H00983,"UNIDAD EDUCATIVA FISCOMISIONAL ""SIMON BOLIVAR""",LOS RIOS,12,URDANETA,1206,"Educación Inicial, Educación General Básica y Bachillerato",Fiscomisional,69
2023-2024 Inicio,01H01176,UNIDAD EDUCATIVA FISCOMISIONAL AGRONÓMICO SALESIANO,AZUAY,1,PAUTE,105,"Educación Inicial, Educación General Básica y Bachillerato",Fiscomisional,101
2023-2024 Inicio,01H01650,UNIDAD EDUCATIVA FISCOMISIONAL ALICIA LOZA MENESES,AZUAY,1,CUENCA,101,Educación General Básica y Bachillerato,Fiscomisional,99
2023-2024 Inicio,08H00375,UNIDAD EDUCATIVA FISCOMISIONAL ANGEL BARBISOTTI,ESMERALDAS,8,ESMERALDAS,801,"Educación Inicial, Educación General Básica y Bachillerato",Fiscomisional,31
2023-2024 Inicio,17H01463,UNIDAD EDUCATIVA FISCOMISIONAL CARDENAL SPÍNOLA DE FE Y ALEGRÍA,PICHINCHA,17,QUITO,1701,Educación General Básica y Bachillerato,Fiscomisional,34
2023-2024 Inicio,17H01387,UNIDAD EDUCATIVA FISCOMISIONAL CARLOS PONCE MARTINEZ,PICHINCHA,17,QUITO,1701,Educación General Básica y Bachillerato,Fiscomisional,58
2023-2024 Inicio,13H01002,UNIDAD EDUCATIVA FISCOMISIONAL CINCO DE MAYO,MANABI,13,CHONE,1303,Educación General Básica y Bachillerato,Fiscomisional,80
2023-2024 Inicio,07H00229,UNIDAD EDUCATIVA FISCOMISIONAL COLEGIO MILITAR COMIL N° 3 HÉROES DEL 41,EL ORO,7,MACHALA,701,"Educación Inicial, Educación General Básica y Bachillerato",Fiscomisional,163
2023-2024 Inicio,08H00486,UNIDAD EDUCATIVA FISCOMISIONAL CONCEPCION TEMBOURY,ESMERALDAS,8,ELOY ALFARO,802,Educación General Básica y Bachillerato,Fiscomisional,25
2023-2024 Inicio,11H00322,UNIDAD EDUCATIVA FISCOMISIONAL CORAZON DE MARIA,LOJA,11,LOJA,1101,"Educación Inicial, Educación General Básica y Bachillerato",Fiscomisional,3
2023-2024 Inicio,08H00866,UNIDAD EDUCATIVA FISCOMISIONAL CRISTO REDENTOR,ESMERALDAS,8,QUININDE,804,"Educación Inicial, Educación General Básica y Bachillerato",Fiscomisional,13
2023-2024 Inicio,11H00287,UNIDAD EDUCATIVA FISCOMISIONAL DANIEL ALVAREZ BURNEO,LOJA,11,LOJA,1101,Educación General Básica y Bachillerato,Fiscomisional,529
2023-2024 Inicio,11H01160,UNIDAD EDUCATIVA FISCOMISIONAL DOMINGO CELI,LOJA,11,PALTAS,1109,"Educación Inicial, Educación General Básica y Bachillerato",Fiscomisional,64
2023-2024 Inicio,09H00486,UNIDAD EDUCATIVA FISCOMISIONAL DOMINGO SAVIO,GUAYAS,9,GUAYAQUIL,901,Educación General Básica y Bachillerato,Fiscomisional,82
2023-2024 Inicio,08H00148,UNIDAD EDUCATIVA FISCOMISIONAL DON BOSCO,ESMERALDAS,8,ESMERALDAS,801,"Educación Inicial, Educación General Básica y Bachillerato",Fiscomisional,197
2023-2024 Inicio,14H00023,UNIDAD EDUCATIVA FISCOMISIONAL DON BOSCO,MORONA SANTIAGO,14,MORONA,1401,"Educación Inicial, Educación General Básica y Bachillerato",Fiscomisional,191
2023-2024 Inicio,17H00705,UNIDAD EDUCATIVA FISCOMISIONAL DON BOSCO,PICHINCHA,17,QUITO,1701,Educación General Básica y Bachillerato,Fiscomisional,199
2023-2024 Inicio,19H00337,UNIDAD EDUCATIVA FISCOMISIONAL ECUADOR AMAZONICO,ZAMORA CHINCHIPE,19,EL PANGUI,1906,"Educación General Básica, Bachillerato y Ofertas Intensivas",Fiscomisional,125
2023-2024 Inicio,11H00220,UNIDAD EDUCATIVA FISCOMISIONAL EDUCARE,LOJA,11,LOJA,1101,Educación General Básica y Bachillerato,Fiscomisional,10
2023-2024 Inicio,09H02615,UNIDAD EDUCATIVA FISCOMISIONAL EL PROFETA JEREMIAS,GUAYAS,9,GUAYAQUIL,901,"Educación Inicial, Educación General Básica y Bachillerato",Fiscomisional,38
2023-2024 Inicio,17H01621,UNIDAD EDUCATIVA FISCOMISIONAL ELENA ENRÍQUEZ,PICHINCHA,17,QUITO,1701,"Educación Inicial, Educación General Básica y Bachillerato",Fiscomisional,31
2023-2024 Inicio,17H01217,UNIDAD EDUCATIVA FISCOMISIONAL EMAUS DE FE Y ALEGRÍA,PICHINCHA,17,QUITO,1701,"Educación Inicial, Educación General Básica y Bachillerato",Fiscomisional,78
2023-2024 Inicio,01H00209,UNIDAD EDUCATIVA FISCOMISIONAL FE Y ALEGRIA,AZUAY,1,CUENCA,101,Educación General Básica y Bachillerato,Fiscomisional,48
2023-2024 Inicio,23H00064,UNIDAD EDUCATIVA FISCOMISIONAL FE Y ALEGRÍA,SANTO DOMINGO DE LOS TSACHILAS,23,SANTO DOMINGO,2301,"Educación Inicial, Educación General Básica y Bachillerato",Fiscomisional,107
2023-2024 Inicio,17H01567,UNIDAD EDUCATIVA FISCOMISIONAL FE Y ALEGRÍA LA DOLOROSA,PICHINCHA,17,QUITO,1701,Educación General Básica y Bachillerato,Fiscomisional,55
2023-2024 Inicio,09H05232,UNIDAD EDUCATIVA FISCOMISIONAL FRANCISCO GARCIA JIMENEZ,GUAYAS,9,GUAYAQUIL,901,Educación General Básica y Bachillerato,Fiscomisional,84
2023-2024 Inicio,17H01926,UNIDAD EDUCATIVA FISCOMISIONAL FRATERNIDAD Y SERVICIO FE Y ALEGRÍA,PICHINCHA,17,QUITO,1701,Educación General Básica y Bachillerato,Fiscomisional,11
2023-2024 Inicio,18H00551,UNIDAD EDUCATIVA FISCOMISIONAL FRAY BARTOLOMÉ DE LAS CASAS - SALASACA,TUNGURAHUA,18,SAN PEDRO DE PELILEO,1807,"Educación Inicial, Educación General Básica y Bachillerato",Fiscomisional,46
2023-2024 Inicio,11H01384,UNIDAD EDUCATIVA FISCOMISIONAL FRAY CRISTÓBAL ZAMBRANO,LOJA,11,SARAGURO,1111,"Educación Inicial, Educación General Básica y Bachillerato",Fiscomisional,32
2023-2024 Inicio,17H01957,UNIDAD EDUCATIVA FISCOMISIONAL GLEND SIDE FE Y ALEGRIA,PICHINCHA,17,QUITO,1701,"Educación Inicial, Educación General Básica y Bachillerato",Fiscomisional,21
2023-2024 Inicio,11H01263,UNIDAD EDUCATIVA FISCOMISIONAL GRAN COLOMBIA,LOJA,11,PUYANGO,1110,"Educación Inicial, Educación General Básica y Bachillerato",Fiscomisional,22
2023-2024 Inicio,15H00370,UNIDAD EDUCATIVA FISCOMISIONAL HERMANO MIGUEL,NAPO,15,TENA,1501,"Educación Inicial, Educación General Básica y Bachillerato",Fiscomisional,63
2023-2024 Inicio,04H00034,UNIDAD EDUCATIVA FISCOMISIONAL HERMANO MIGUEL LA SALLE,CARCHI,4,TULCAN,401,"Educación Inicial, Educación General Básica y Bachillerato",Fiscomisional,117
2023-2024 Inicio,14H00276,UNIDAD EDUCATIVA FISCOMISIONAL ITALIA,MORONA SANTIAGO,14,SANTIAGO,1405,Educación General Básica y Bachillerato,Fiscomisional,36
2023-2024 Inicio,15H00188,UNIDAD EDUCATIVA FISCOMISIONAL JAIME ROLDOS AGUILERA,NAPO,15,ARCHIDONA,1503,"Educación Inicial, Educación General Básica y Bachillerato",Fiscomisional,65
2023-2024 Inicio,17H01200,UNIDAD EDUCATIVA FISCOMISIONAL JOSÉ MARÍA VELAZ,PICHINCHA,17,QUITO,1701,"Educación Inicial, Educación General Básica y Bachillerato",Fiscomisional,49
2023-2024 Inicio,15H00234,UNIDAD EDUCATIVA FISCOMISIONAL JUAN BAUTISTA MONTINI,NAPO,15,QUIJOS,1507,"Educación Inicial, Educación General Básica y Bachillerato",Fiscomisional,81
2023-2024 Inicio,01H00238,UNIDAD EDUCATIVA FISCOMISIONAL JUAN BAUTISTA STIEHLE,AZUAY,1,CUENCA,101,"Educación Inicial, Educación General Básica y Bachillerato",Fiscomisional,12
2023-2024 Inicio,13H02370,UNIDAD EDUCATIVA FISCOMISIONAL JUAN MONTALVO,MANABI,13,MANTA,1308,Educación General Básica y Bachillerato,Fiscomisional,108
2023-2024 Inicio,10H00094,UNIDAD EDUCATIVA FISCOMISIONAL JUAN PABLO II,IMBABURA,10,IBARRA,1001,Educación General Básica y Bachillerato,Fiscomisional,53
2023-2024 Inicio,13H01574,UNIDAD EDUCATIVA FISCOMISIONAL JUAN PABLO II,MANABI,13,EL CARMEN,1304,Educación General Básica y Bachillerato,Fiscomisional,39
2023-2024 Inicio,17H00411,UNIDAD EDUCATIVA FISCOMISIONAL JUAN PABLO II DE FE Y ALEGRIA,PICHINCHA,17,QUITO,1701,"Educación Inicial, Educación General Básica y Bachillerato",Fiscomisional,97
2023-2024 Inicio,15H00156,UNIDAD EDUCATIVA FISCOMISIONAL JUAN TANCA MARENGO,NAPO,15,TENA,1501,"Educación Inicial, Educación General Básica y Bachillerato",Fiscomisional,31
2023-2024 Inicio,07H00830,UNIDAD EDUCATIVA FISCOMISIONAL JUAN XXIII,EL ORO,7,PASAJE,709,"Educación Inicial, Educación General Básica y Bachillerato",Fiscomisional,66
2023-2024 Inicio,08H00826,UNIDAD EDUCATIVA FISCOMISIONAL JUAN XXIII,ESMERALDAS,8,QUININDE,804,Educación General Básica y Bachillerato,Fiscomisional,201
2023-2024 Inicio,15H00050,UNIDAD EDUCATIVA FISCOMISIONAL JUAN XXIII,NAPO,15,TENA,1501,"Educación Inicial, Educación General Básica y Bachillerato",Fiscomisional,89
2023-2024 Inicio,19H00272,UNIDAD EDUCATIVA FISCOMISIONAL JUAN XXIII,ZAMORA CHINCHIPE,19,YANTZAZA (YANZATZA),1905,Educación General Básica y Bachillerato,Fiscomisional,103
2023-2024 Inicio,15H00106,UNIDAD EDUCATIVA FISCOMISIONAL JUANA ARTEAGA,NAPO,15,TENA,1501,"Educación Inicial, Educación General Básica y Bachillerato",Fiscomisional,5
2023-2024 Inicio,01H01159,UNIDAD EDUCATIVA FISCOMISIONAL JULIO MARÍA MATOVELLE,AZUAY,1,PAUTE,105,"Educación Inicial, Educación General Básica y Bachillerato",Fiscomisional,22
2023-2024 Inicio,11H00034,UNIDAD EDUCATIVA FISCOMISIONAL LA DOLOROSA,LOJA,11,LOJA,1101,"Educación Inicial, Educación General Básica, Bachillerato y Ofertas Intensivas",Fiscomisional,179
2023-2024 Inicio,11H00811,UNIDAD EDUCATIVA FISCOMISIONAL LA DOLOROSA,LOJA,11,CHAGUARPAMBA,1105,"Educación Inicial, Educación General Básica, Bachillerato y Ofertas Intensivas",Fiscomisional,36
2023-2024 Inicio,10H00435,UNIDAD EDUCATIVA FISCOMISIONAL LA INMACULADA,IMBABURA,10,OTAVALO,1004,"Educación Inicial, Educación General Básica y Bachillerato",Fiscomisional,60
2023-2024 Inicio,11H00011,UNIDAD EDUCATIVA FISCOMISIONAL LA INMACULADA,LOJA,11,LOJA,1101,"Educación Inicial, Educación General Básica y Bachillerato",Fiscomisional,120
2023-2024 Inicio,10H00102,UNIDAD EDUCATIVA FISCOMISIONAL LA INMACULADA CONCEPCION,IMBABURA,10,IBARRA,1001,"Educación Inicial, Educación General Básica y Bachillerato",Fiscomisional,53
2023-2024 Inicio,03H00073,UNIDAD EDUCATIVA FISCOMISIONAL LA SALLE,CAÑAR,3,AZOGUES,301,Educación General Básica y Bachillerato,Fiscomisional,96
2023-2024 Inicio,13H00641,UNIDAD EDUCATIVA FISCOMISIONAL LAURA MONTOYA,MANABI,13,PORTOVIEJO,1301,"Educación Inicial, Educación General Básica y Bachillerato",Fiscomisional,39
2023-2024 Inicio,15H00283,UNIDAD EDUCATIVA FISCOMISIONAL LEONARDO MURIALDO,NAPO,15,ARCHIDONA,1503,"Educación Inicial, Educación General Básica y Bachillerato",Fiscomisional,55
2023-2024 Inicio,01H00358,UNIDAD EDUCATIVA FISCOMISIONAL LUISA DE JESÚS CORDERO,AZUAY,1,CUENCA,101,"Educación Inicial, Educación General Básica y Bachillerato",Fiscomisional,103
2023-2024 Inicio,01H00346,UNIDAD EDUCATIVA FISCOMISIONAL MADRE ENRIQUETA AYMER SSCC,AZUAY,1,CUENCA,101,Educación General Básica y Bachillerato,Fiscomisional,69
2023-2024 Inicio,11H00374,UNIDAD EDUCATIVA FISCOMISIONAL MANUEL JOSÉ  RODRIGUEZ,LOJA,11,LOJA,1101,"Educación Inicial, Educación General Básica y Bachillerato",Fiscomisional,62
2023-2024 Inicio,17H00427,UNIDAD EDUCATIVA FISCOMISIONAL MARIA AUGUSTA URRUTIA,PICHINCHA,17,QUITO,1701,Educación General Básica y Bachillerato,Fiscomisional,79
2023-2024 Inicio,08H00366,UNIDAD EDUCATIVA FISCOMISIONAL MARIA AUXILIADORA,ESMERALDAS,8,ESMERALDAS,801,Educación General Básica y Bachillerato,Fiscomisional,251
2023-2024 Inicio,14H00002,UNIDAD EDUCATIVA FISCOMISIONAL MARIA AUXILIADORA,MORONA SANTIAGO,14,MORONA,1401,Educación General Básica y Bachillerato,Fiscomisional,88
2023-2024 Inicio,06H00871,UNIDAD EDUCATIVA FISCOMISIONAL MARIA AUXILIADORA FE Y ALEGRIA,CHIMBORAZO,6,CHUNCHI,605,"Educación Inicial, Educación General Básica y Bachillerato",Fiscomisional,30
2023-2024 Inicio,17H00822,UNIDAD EDUCATIVA FISCOMISIONAL MARIA DE NAZARET,PICHINCHA,17,QUITO,1701,Educación General Básica y Bachillerato,Fiscomisional,81
2023-2024 Inicio,15H00158,UNIDAD EDUCATIVA FISCOMISIONAL MARIA INMACULADA,NAPO,15,ARCHIDONA,1503,"Educación Inicial, Educación General Básica y Bachillerato",Fiscomisional,119
2023-2024 Inicio,01H01346,UNIDAD EDUCATIVA FISCOMISIONAL MARIA MAZZARELLO,AZUAY,1,SIGSIG,109,"Educación Inicial, Educación General Básica y Bachillerato",Fiscomisional,35
2023-2024 Inicio,13H02112,UNIDAD EDUCATIVA FISCOMISIONAL MARIA MERCEDES,MANABI,13,JUNIN,1307,Educación General Básica y Bachillerato,Fiscomisional,21
2023-2024 Inicio,11H01144,UNIDAD EDUCATIVA FISCOMISIONAL MARISTA DE CATACOCHA,LOJA,11,PALTAS,1109,Educación General Básica y Bachillerato,Fiscomisional,80
2023-2024 Inicio,11H01076,UNIDAD EDUCATIVA FISCOMISIONAL MARISTA DE MACARÁ,LOJA,11,MACARA,1108,"Educación Inicial, Educación General Básica y Bachillerato",Fiscomisional,78
2023-2024 Inicio,11H00079,UNIDAD EDUCATIVA FISCOMISIONAL MATER DEI,LOJA,11,LOJA,1101,"Educación Inicial, Educación General Básica y Bachillerato",Fiscomisional,117
2023-2024 Inicio,11H01839,UNIDAD EDUCATIVA FISCOMISIONAL MERCEDES DE JESUS MOLINA,LOJA,11,LOJA,1101,"Educación Inicial, Educación General Básica y Bachillerato",Fiscomisional,54
2023-2024 Inicio,11H01723,UNIDAD EDUCATIVA FISCOMISIONAL MONS  ALBERTO ZAMBRANO PALACIOS,LOJA,11,OLMEDO,1116,"Educación Inicial, Educación General Básica y Bachillerato",Fiscomisional,48
2023-2024 Inicio,19H00110,UNIDAD EDUCATIVA FISCOMISIONAL MONSEÑOR JORGE MOSQUERA BARREIRO,ZAMORA CHINCHIPE,19,ZAMORA,1901,Educación General Básica y Bachillerato,Fiscomisional,14
2023-2024 Inicio,04H00030,UNIDAD EDUCATIVA FISCOMISIONAL MONSEÑOR LEONIDAS PROAÑO PCEI,CARCHI,4,TULCAN,401,"Educación General Básica, Bachillerato y Ofertas Intensivas",Fiscomisional,112
2023-2024 Inicio,11H01835,UNIDAD EDUCATIVA FISCOMISIONAL MONSEÑOR LUIS ALFONSO CRESPO CHIRIBOGA,LOJA,11,ESPINDOLA,1106,"Educación Inicial, Educación General Básica y Bachillerato",Fiscomisional,63
2023-2024 Inicio,15H00048,UNIDAD EDUCATIVA FISCOMISIONAL MONSEÑOR MAXIMILIANO SPILLER,NAPO,15,TENA,1501,"Educación Inicial, Educación General Básica y Bachillerato",Fiscomisional,110
2023-2024 Inicio,10H00042,UNIDAD EDUCATIVA FISCOMISIONAL NUESTRA SEÑORA DE FATIMA,IMBABURA,10,IBARRA,1001,"Educación Inicial, Educación General Básica y Bachillerato",Fiscomisional,85
2023-2024 Inicio,11H00660,UNIDAD EDUCATIVA FISCOMISIONAL NUESTRA SEÑORA DEL ROSARIO,LOJA,11,CATAMAYO,1103,"Educación Inicial, Educación General Básica y Bachillerato",Fiscomisional,152
2023-2024 Inicio,08H00194,UNIDAD EDUCATIVA FISCOMISIONAL NUEVO ECUADOR,ESMERALDAS,8,ESMERALDAS,801,"Educación Inicial, Educación General Básica y Bachillerato",Fiscomisional,91
2023-2024 Inicio,04H00334,UNIDAD EDUCATIVA FISCOMISIONAL PABLO MUÑOZ VEGA,CARCHI,4,MONTUFAR,405,"Educación Inicial, Educación General Básica y Bachillerato",Fiscomisional,57
2023-2024 Inicio,21H00108,UNIDAD EDUCATIVA FISCOMISIONAL PACIFICO CEMBRANOS,SUCUMBIOS,21,LAGO AGRIO,2101,Educación General Básica y Bachillerato,Fiscomisional,168
2023-2024 Inicio,15H00085,UNIDAD EDUCATIVA FISCOMISIONAL PADRE HUGO MENA,NAPO,15,TENA,1501,"Educación Inicial, Educación General Básica y Bachillerato",Fiscomisional,11
2023-2024 Inicio,11H00937,UNIDAD EDUCATIVA FISCOMISIONAL PADRE JORGE ABIATAR QUEVEDO FIGUEROA,LOJA,11,GONZANAMA,1107,"Educación Inicial, Educación General Básica y Bachillerato",Fiscomisional,40
2023-2024 Inicio,11H00639,UNIDAD EDUCATIVA FISCOMISIONAL PADRE JULIO MARÍA MATOVELLE,LOJA,11,CATAMAYO,1103,"Educación Inicial, Educación General Básica y Bachillerato",Fiscomisional,23
2023-2024 Inicio,22H00138,UNIDAD EDUCATIVA FISCOMISIONAL PADRE MIGUEL GAMBOA,ORELLANA,22,ORELLANA,2201,"Educación Inicial, Educación General Básica y Bachillerato",Fiscomisional,161
2023-2024 Inicio,15H00058,UNIDAD EDUCATIVA FISCOMISIONAL PADRE OTTORINO TODESCATO,NAPO,15,TENA,1501,"Educación Inicial, Educación General Básica y Bachillerato",Fiscomisional,16
2023-2024 Inicio,15H00105,UNIDAD EDUCATIVA FISCOMISIONAL PADRE RENATO SELVA,NAPO,15,TENA,1501,"Educación Inicial, Educación General Básica y Bachillerato",Fiscomisional,14
2023-2024 Inicio,22H00420,UNIDAD EDUCATIVA FISCOMISIONAL PADRE RICARDO NARDI,ORELLANA,22,LORETO,2204,"Educación Inicial, Educación General Básica y Bachillerato",Fiscomisional,38
2023-2024 Inicio,08H00414,UNIDAD EDUCATIVA FISCOMISIONAL PAULO VI,ESMERALDAS,8,ELOY ALFARO,802,"Educación Inicial, Educación General Básica y Bachillerato",Fiscomisional,29
2023-2024 Inicio,17H01102,UNIDAD EDUCATIVA FISCOMISIONAL PEDRO LUIS CALERO,PICHINCHA,17,QUITO,1701,"Educación Inicial, Educación General Básica y Bachillerato",Fiscomisional,24
2023-2024 Inicio,08H01271,UNIDAD EDUCATIVA FISCOMISIONAL PIERRE TEILHARD DE CHARDIN,ESMERALDAS,8,ATACAMES,806,"Educación Inicial, Educación General Básica y Bachillerato",Fiscomisional,52
2023-2024 Inicio,04H00340,UNIDAD EDUCATIVA FISCOMISIONAL PIO XII,CARCHI,4,MONTUFAR,405,"Educación Inicial, Educación General Básica y Bachillerato",Fiscomisional,31
2023-2024 Inicio,14H00400,UNIDAD EDUCATIVA FISCOMISIONAL PROFESOR POLIVIO SAQUICELA,MORONA SANTIAGO,14,SAN JUAN BOSCO,1408,"Educación Inicial, Educación General Básica y Bachillerato",Fiscomisional,9
2023-2024 Inicio,14H00015,UNIDAD EDUCATIVA FISCOMISIONAL PURISIMA DE MACAS,MORONA SANTIAGO,14,MORONA,1401,"Educación Inicial, Educación General Básica y Bachillerato",Fiscomisional,15
2023-2024 Inicio,11H01555,UNIDAD EDUCATIVA FISCOMISIONAL REINA MATERNAL DE LA FRONTERA,LOJA,11,ZAPOTILLO,1113,"Educación Inicial, Educación General Básica y Bachillerato",Fiscomisional,17
2023-2024 Inicio,14H00116,UNIDAD EDUCATIVA FISCOMISIONAL RIO CENEPA,MORONA SANTIAGO,14,GUALAQUIZA,1402,"Educación Inicial, Educación General Básica y Bachillerato",Fiscomisional,72
2023-2024 Inicio,14H00184,UNIDAD EDUCATIVA FISCOMISIONAL RIO SANTIAGO,MORONA SANTIAGO,14,LIMON INDANZA,1403,"Educación Inicial, Educación General Básica y Bachillerato",Fiscomisional,54
2023-2024 Inicio,08H00145,UNIDAD EDUCATIVA FISCOMISIONAL SAGRADO CORAZON,ESMERALDAS,8,ESMERALDAS,801,Educación General Básica y Bachillerato,Fiscomisional,270
2023-2024 Inicio,10H00098,UNIDAD EDUCATIVA FISCOMISIONAL SALESIANA SANCHEZ Y CIFUENTES,IMBABURA,10,IBARRA,1001,Educación General Básica y Bachillerato,Fiscomisional,147
2023-2024 Inicio,08H00363,UNIDAD EDUCATIVA FISCOMISIONAL SAN DANIEL COMBONI,ESMERALDAS,8,ESMERALDAS,801,"Educación Inicial, Educación General Básica y Bachillerato",Fiscomisional,205
2023-2024 Inicio,10H00134,UNIDAD EDUCATIVA FISCOMISIONAL SAN FRANCISCO,IMBABURA,10,IBARRA,1001,Educación General Básica y Bachillerato,Fiscomisional,113
2023-2024 Inicio,13H03182,UNIDAD EDUCATIVA FISCOMISIONAL SAN FRANCISCO DE SALES,MANABI,13,ROCAFUERTE,1312,"Educación Inicial, Educación General Básica y Bachillerato",Fiscomisional,67
2023-2024 Inicio,15H00138,UNIDAD EDUCATIVA FISCOMISIONAL SAN FRANCISCO JAVIER,NAPO,15,TENA,1501,"Educación Inicial, Educación General Básica y Bachillerato",Fiscomisional,113
2023-2024 Inicio,09H00795,UNIDAD EDUCATIVA FISCOMISIONAL SAN IGNACIO DE LOYOLA,GUAYAS,9,GUAYAQUIL,901,"Educación Inicial, Educación General Básica y Bachillerato",Fiscomisional,34
2023-2024 Inicio,17H01761,UNIDAD EDUCATIVA FISCOMISIONAL SAN IGNACIO DE LOYOLA,PICHINCHA,17,QUITO,1701,Educación General Básica y Bachillerato,Fiscomisional,34
2023-2024 Inicio,17H01947,UNIDAD EDUCATIVA FISCOMISIONAL SAN JERÓNIMO,PICHINCHA,17,QUITO,1701,"Educación Inicial, Educación General Básica y Bachillerato",Fiscomisional,61
2023-2024 Inicio,13H02433,UNIDAD EDUCATIVA FISCOMISIONAL SAN JOSE,MANABI,13,MANTA,1308,"Educación Inicial, Educación General Básica y Bachillerato",Fiscomisional,130
2023-2024 Inicio,15H00039,UNIDAD EDUCATIVA FISCOMISIONAL SAN JOSE,NAPO,15,TENA,1501,"Educación Inicial, Educación General Básica y Bachillerato",Fiscomisional,143
2023-2024 Inicio,17H00550,UNIDAD EDUCATIVA FISCOMISIONAL SAN JOSÉ,PICHINCHA,17,QUITO,1701,Educación General Básica y Bachillerato,Fiscomisional,92
2023-2024 Inicio,11H01381,UNIDAD EDUCATIVA FISCOMISIONAL SAN JOSE DE CALASANZ,LOJA,11,SARAGURO,1111,"Educación Inicial, Educación General Básica y Bachillerato",Fiscomisional,64
2023-2024 Inicio,03H00288,UNIDAD EDUCATIVA FISCOMISIONAL SAN JOSÉ DE CALASANZ,CAÑAR,3,CAÑAR,303,"Educación Inicial, Educación General Básica y Bachillerato",Fiscomisional,125
2023-2024 Inicio,01H01649,UNIDAD EDUCATIVA FISCOMISIONAL SAN JOSÉ DE LA SALLE,AZUAY,1,CUENCA,101,Educación General Básica y Bachillerato,Fiscomisional,58
2023-2024 Inicio,11H00649,UNIDAD EDUCATIVA FISCOMISIONAL SAN JUAN BAUTISTA,LOJA,11,CATAMAYO,1103,"Educación Inicial, Educación General Básica y Bachillerato",Fiscomisional,32
2023-2024 Inicio,09H00625,UNIDAD EDUCATIVA FISCOMISIONAL SAN JUAN BOSCO,GUAYAS,9,GUAYAQUIL,901,"Educación Inicial, Educación General Básica y Bachillerato",Fiscomisional,26
2023-2024 Inicio,13H03185,UNIDAD EDUCATIVA FISCOMISIONAL SAN JUAN BOSCO,MANABI,13,ROCAFUERTE,1312,Educación General Básica y Bachillerato,Fiscomisional,37
2023-2024 Inicio,08H01507,UNIDAD EDUCATIVA FISCOMISIONAL SAN LORENZO,ESMERALDAS,8,SAN LORENZO,805,"Educación Inicial, Educación General Básica y Bachillerato",Fiscomisional,82
2023-2024 Inicio,10H00074,UNIDAD EDUCATIVA FISCOMISIONAL SAN PEDRO PASCUAL,IMBABURA,10,IBARRA,1001,"Educación Inicial, Educación General Básica y Bachillerato",Fiscomisional,93
2023-2024 Inicio,11H00310,UNIDAD EDUCATIVA FISCOMISIONAL SAN VICENTE FERRER,LOJA,11,LOJA,1101,Educación General Básica y Bachillerato,Fiscomisional,28
2023-2024 Inicio,17H02144,UNIDAD EDUCATIVA FISCOMISIONAL SANTA CATALINA LABOURE,PICHINCHA,17,QUITO,1701,"Educación Inicial, Educación General Básica y Bachillerato",Fiscomisional,36
2023-2024 Inicio,11H00471,UNIDAD EDUCATIVA FISCOMISIONAL SANTA JUANA DE ARCO LA SALLE,LOJA,11,CALVAS,1102,"Educación Inicial, Educación General Básica y Bachillerato",Fiscomisional,34
2023-2024 Inicio,13H00724,UNIDAD EDUCATIVA FISCOMISIONAL SANTA MAGDALENA,MANABI,13,PORTOVIEJO,1301,"Educación Inicial, Educación General Básica y Bachillerato",Fiscomisional,31
2023-2024 Inicio,08H00462,UNIDAD EDUCATIVA FISCOMISIONAL SANTA MARIA GORETTI,ESMERALDAS,8,ELOY ALFARO,802,"Educación Inicial, Educación General Básica y Bachillerato",Fiscomisional,32
2023-2024 Inicio,09H00436,UNIDAD EDUCATIVA FISCOMISIONAL SANTA MARIA MAZZARELLO,GUAYAS,9,GUAYAQUIL,901,Educación General Básica y Bachillerato,Fiscomisional,67
2023-2024 Inicio,11H01059,UNIDAD EDUCATIVA FISCOMISIONAL SANTA MARIANA DE JESUS,LOJA,11,MACARA,1108,"Educación Inicial, Educación General Básica y Bachillerato",Fiscomisional,62
2023-2024 Inicio,03H00310,UNIDAD EDUCATIVA FISCOMISIONAL SANTA ROSA DE LIMA,CAÑAR,3,CAÑAR,303,"Educación Inicial, Educación General Básica y Bachillerato",Fiscomisional,26
2023-2024 Inicio,01H00277,UNIDAD EDUCATIVA FISCOMISIONAL SOR  TERESA VALSE,AZUAY,1,CUENCA,101,Educación General Básica y Bachillerato,Fiscomisional,55
2023-2024 Inicio,17H00423,UNIDAD EDUCATIVA FISCOMISIONAL VIRGEN DEL CONSUELO,PICHINCHA,17,QUITO,1701,"Educación Inicial, Educación General Básica y Bachillerato",Fiscomisional,17
2023-2024 Inicio,22H00185,UNIDAD EDUCATIVA FLOR DEL ORIENTE,ORELLANA,22,ORELLANA,2201,"Educación Inicial, Educación General Básica y Bachillerato",Fiscal,30
2023-2024 Inicio,02H00514,UNIDAD EDUCATIVA FLOR MARIA INFANTE,BOLIVAR,2,SAN MIGUEL,205,"Educación General Básica, Bachillerato y Ofertas Intensivas",Fiscal,12
2023-2024 Inicio,12H01695,UNIDAD EDUCATIVA FLUMINENSE,LOS RIOS,12,BUENA FE,1210,"Educación General Básica, Bachillerato y Ofertas Intensivas",Fiscal,132
2023-2024 Inicio,17H01990,UNIDAD EDUCATIVA FRANCES DE QUITO,PICHINCHA,17,QUITO,1701,"Educación Inicial, Educación General Básica y Bachillerato",Particular,41
2023-2024 Inicio,01H00046,UNIDAD EDUCATIVA FRANCISCA DAVILA DE MUÑOZ,AZUAY,1,CUENCA,101,"Educación General Básica, Bachillerato y Ofertas Intensivas",Fiscal,107
2023-2024 Inicio,09H04122,UNIDAD EDUCATIVA FRANCISCANA SAN ANTONIO,GUAYAS,9,MILAGRO,910,"Educación Inicial, Educación General Básica y Bachillerato",Particular,128
2023-2024 Inicio,09H04858,UNIDAD EDUCATIVA FRANCISCANO SALITRE,GUAYAS,9,SALITRE,919,Educación General Básica y Bachillerato,Particular,62
2023-2024 Inicio,01H01090,UNIDAD EDUCATIVA FRANCISCO CHICO PACHECO,AZUAY,1,NABON,104,"Educación Inicial, Educación General Básica y Bachillerato",Fiscal,13
2023-2024 Inicio,11H01590,UNIDAD EDUCATIVA FRANCISCO DE ORELLANA,LOJA,11,ZAPOTILLO,1113,"Educación Inicial, Educación General Básica y Bachillerato",Fiscal,13
2023-2024 Inicio,14H00052,UNIDAD EDUCATIVA FRANCISCO DE ORELLANA,MORONA SANTIAGO,14,MORONA,1401,"Educación Inicial, Educación General Básica y Bachillerato",Fiscal,40
2023-2024 Inicio,16H00031,UNIDAD EDUCATIVA FRANCISCO DE ORELLANA,PASTAZA,16,PASTAZA,1601,"Educación Inicial, Educación General Básica, Bachillerato y Ofertas Intensivas",Fiscal,122
2023-2024 Inicio,22H00144,UNIDAD EDUCATIVA FRANCISCO DE ORELLANA,ORELLANA,22,ORELLANA,2201,"Educación Inicial, Educación General Básica y Bachillerato",Fiscal,122
2023-2024 Inicio,23H00256,UNIDAD EDUCATIVA FRANCISCO DE ORELLANA,SANTO DOMINGO DE LOS TSACHILAS,23,SANTO DOMINGO,2301,"Educación Inicial, Educación General Básica y Bachillerato",Fiscal,7
2023-2024 Inicio,09H03227,UNIDAD EDUCATIVA FRANCISCO DOLERA,GUAYAS,9,DAULE,906,"Educación Inicial, Educación General Básica y Bachillerato",Particular,114
2023-2024 Inicio,01H00706,UNIDAD EDUCATIVA FRANCISCO EUGENIO TAMARIZ,AZUAY,1,CUENCA,101,"Educación Inicial, Educación General Básica y Bachillerato",Fiscal,30
2023-2024 Inicio,09H04127,UNIDAD EDUCATIVA FRANCISCO FALQUEZ AMPUERO,GUAYAS,9,GENERAL ANTONIO ELIZALDE,927,Educación General Básica y Bachillerato,Fiscal,67
2023-2024 Inicio,18H00020,UNIDAD EDUCATIVA FRANCISCO FLOR,TUNGURAHUA,18,AMBATO,1801,"Educación Inicial, Educación General Básica, Bachillerato y Ofertas Intensivas",Fiscal,170
2023-2024 Inicio,13H01082,UNIDAD EDUCATIVA FRANCISCO GILBERTO BRAVO BASURTO,MANABI,13,CHONE,1303,Educación General Básica y Bachillerato,Fiscal,6
2023-2024 Inicio,13H00746,UNIDAD EDUCATIVA FRANCISCO GONZALEZ ALAVA,MANABI,13,BOLIVAR,1302,"Educación Inicial, Educación General Básica y Bachillerato",Fiscal,18
2023-2024 Inicio,12H00025,UNIDAD EDUCATIVA FRANCISCO HUERTA RENDON,LOS RIOS,12,BABAHOYO,1201,"Educación Inicial, Educación General Básica y Bachillerato",Fiscal,139
2023-2024 Inicio,23H00095,UNIDAD EDUCATIVA FRANCISCO JOSE DE CALDAS,SANTO DOMINGO DE LOS TSACHILAS,23,SANTO DOMINGO,2301,"Educación Inicial, Educación General Básica y Bachillerato",Fiscal,93
2023-2024 Inicio,09H05045,UNIDAD EDUCATIVA FRANCISCO JOSE POLIT ORTIZ,GUAYAS,9,SAN JACINTO DE YAGUACHI,920,"Educación Inicial, Educación General Básica y Bachillerato",Fiscal,77
2023-2024 Inicio,13H00490,UNIDAD EDUCATIVA FRANCISCO PACHECO,MANABI,13,PORTOVIEJO,1301,"Educación Inicial, Educación General Básica y Bachillerato",Fiscal,90
2023-2024 Inicio,24H00101,UNIDAD EDUCATIVA FRANCISCO PIZARRO,SANTA ELENA,24,SANTA ELENA,2401,"Educación Inicial, Educación General Básica y Bachillerato",Fiscal,87
2023-2024 Inicio,12H01425,UNIDAD EDUCATIVA FRANCISCO XAVIER AGUIRRE ABAD,LOS RIOS,12,VINCES,1208,Educación General Básica y Bachillerato,Fiscal,55
2023-2024 Inicio,13H01225,UNIDAD EDUCATIVA FRANK VARGAS PAZZOS,MANABI,13,CHONE,1303,"Educación Inicial, Educación General Básica y Bachillerato",Fiscal,45
2023-2024 Inicio,08H00210,UNIDAD EDUCATIVA FRANKLIN TELLO MERCADO,ESMERALDAS,8,ESMERALDAS,801,"Educación Inicial, Educación General Básica y Bachillerato",Fiscal,49
2023-2024 Inicio,10H00798,UNIDAD EDUCATIVA FRANZDC SCHOOL,IMBABURA,10,IBARRA,1001,"Educación Inicial, Educación General Básica y Bachillerato",Particular,15
2023-2024 Inicio,16H00006,UNIDAD EDUCATIVA FRAY ALVARO VALLADARES,PASTAZA,16,PASTAZA,1601,"Educación Inicial, Educación General Básica y Bachillerato",Fiscomisional,54
2023-2024 Inicio,14H00264,UNIDAD EDUCATIVA FRAY SEBASTIAN ROSERO,MORONA SANTIAGO,14,PALORA,1404,"Educación Inicial, Educación General Básica y Bachillerato",Fiscal,6
2023-2024 Inicio,01H00476,UNIDAD EDUCATIVA FRAY VICENTE SOLANO,AZUAY,1,CUENCA,101,Educación General Básica y Bachillerato,Fiscal,112
2023-2024 Inicio,09H05056,UNIDAD EDUCATIVA FREIRESTABILE,GUAYAS,9,PLAYAS,921,"Educación Inicial, Educación General Básica y Bachillerato",Particular,54
2023-2024 Inicio,03H00453,UNIDAD EDUCATIVA FROILAN SEGUNDO MENDEZ,CAÑAR,3,CAÑAR,303,"Educación Inicial, Educación General Básica, Bachillerato y Ofertas Intensivas",Fiscal,24
2023-2024 Inicio,06H01209,UNIDAD EDUCATIVA GABRIEL BAHAMONDE,CHIMBORAZO,6,PALLATANGA,608,"Educación Inicial, Educación General Básica y Bachillerato",Fiscal,18
2023-2024 Inicio,01H00100,UNIDAD EDUCATIVA GABRIEL CEVALLOS GARCIA,AZUAY,1,CUENCA,101,"Educación Inicial, Educación General Básica y Bachillerato",Fiscal,53
2023-2024 Inicio,08H00663,UNIDAD EDUCATIVA GABRIEL IRIARTE RIOS,ESMERALDAS,8,MUISNE,803,"Educación Inicial, Educación General Básica y Bachillerato",Fiscal,34
2023-2024 Inicio,05H00038,UNIDAD EDUCATIVA GABRIELA MISTRAL,COTOPAXI,5,LATACUNGA,501,"Educación Inicial, Educación General Básica y Bachillerato",Particular,24
2023-2024 Inicio,08H00979,UNIDAD EDUCATIVA GABRIELA MISTRAL,ESMERALDAS,8,QUININDE,804,"Educación Inicial, Educación General Básica, Bachillerato y Ofertas Intensivas",Fiscal,28
2023-2024 Inicio,10H00441,UNIDAD EDUCATIVA GABRIELA MISTRAL,IMBABURA,10,OTAVALO,1004,"Educación Inicial, Educación General Básica y Bachillerato",Fiscal,89
2023-2024 Inicio,11H00647,UNIDAD EDUCATIVA GABRIELA MISTRAL N 1,LOJA,11,CATAMAYO,1103,Educación General Básica y Bachillerato,Fiscal,29
2023-2024 Inicio,06H00759,UNIDAD EDUCATIVA GALAPAGOS,CHIMBORAZO,6,COLTA,603,"Educación Inicial, Educación General Básica y Bachillerato",Fiscal,1
2023-2024 Inicio,01H01279,UNIDAD EDUCATIVA GALO PLAZA LASSO,AZUAY,1,SAN FERNANDO,107,Educación General Básica y Bachillerato,Fiscal,64
2023-2024 Inicio,02H00437,UNIDAD EDUCATIVA GALO PLAZA LASSO,BOLIVAR,2,ECHEANDIA,204,Educación General Básica y Bachillerato,Fiscal,217
2023-2024 Inicio,09H03236,UNIDAD EDUCATIVA GALO PLAZA LASSO,GUAYAS,9,DAULE,906,Educación General Básica y Bachillerato,Fiscal,233
2023-2024 Inicio,10B00152,UNIDAD EDUCATIVA GALO PLAZA LASSO,IMBABURA,10,OTAVALO,1004,"Educación Inicial, Educación General Básica y Bachillerato",Fiscal,29
2023-2024 Inicio,17H00413,UNIDAD EDUCATIVA GALO VELA ALVAREZ,PICHINCHA,17,QUITO,1701,Educación General Básica y Bachillerato,Fiscal,40
2023-2024 Inicio,02H00046,UNIDAD EDUCATIVA GARCIA,BOLIVAR,2,GUARANDA,201,"Educación Inicial, Educación General Básica y Bachillerato",Particular,12
2023-2024 Inicio,04H00160,UNIDAD EDUCATIVA GARCÍA MORENO,CARCHI,4,BOLIVAR,402,"Educación Inicial, Educación General Básica y Bachillerato",Fiscal,7
2023-2024 Inicio,01H00419,UNIDAD EDUCATIVA GASPAR SANGURIMA,AZUAY,1,CUENCA,101,Educación General Básica y Bachillerato,Fiscal,7
2023-2024 Inicio,08H00514,UNIDAD EDUCATIVA GASTON FIGUEIRA,ESMERALDAS,8,ELOY ALFARO,802,"Educación Inicial, Educación General Básica y Bachillerato",Fiscal,30
2023-2024 Inicio,09H05178,UNIDAD EDUCATIVA GENERAL ANTONIO ELIZALDE,GUAYAS,9,GENERAL ANTONIO ELIZALDE,927,"Educación General Básica, Bachillerato y Ofertas Intensivas",Fiscal,306
2023-2024 Inicio,05H00839,UNIDAD EDUCATIVA GENERAL DE POLICIA  BOLIVAR CISNEROS,COTOPAXI,5,LATACUNGA,501,Educación General Básica y Bachillerato,Particular,7
2023-2024 Inicio,05H00597,UNIDAD EDUCATIVA GENERAL ELOY ALFARO,COTOPAXI,5,SALCEDO,505,"Educación Inicial, Educación General Básica y Bachillerato",Particular,17
2023-2024 Inicio,07H01493,UNIDAD EDUCATIVA GENERAL ELOY ALFARO DELGADO,EL ORO,7,EL GUABO,706,"Educación Inicial, Educación General Básica, Bachillerato y Ofertas Intensivas",Fiscal,65
2023-2024 Inicio,04H00141,UNIDAD EDUCATIVA GENERAL JULIO ANDRADE,CARCHI,4,BOLIVAR,402,"Educación Inicial, Educación General Básica y Bachillerato",Fiscal,89
2023-2024 Inicio,23H00008,UNIDAD EDUCATIVA GENERAL MEDARDO ALFARO,SANTO DOMINGO DE LOS TSACHILAS,23,SANTO DOMINGO,2301,Educación General Básica y Bachillerato,Fiscal,192
2023-2024 Inicio,09H04847,UNIDAD EDUCATIVA GENERAL VERNAZA,GUAYAS,9,SALITRE,919,Educación General Básica y Bachillerato,Fiscal,88
2023-2024 Inicio,12H00833,UNIDAD EDUCATIVA GENESIS,LOS RIOS,12,QUEVEDO,1205,"Educación Inicial, Educación General Básica y Bachillerato",Particular,66
2023-2024 Inicio,18H00002,UNIDAD EDUCATIVA GENESIS,TUNGURAHUA,18,AMBATO,1801,"Educación Inicial, Educación General Básica y Bachillerato",Particular,12
2023-2024 Inicio,17H02262,UNIDAD EDUCATIVA GENOVEVA GERMAN,PICHINCHA,17,MEJIA,1703,Educación General Básica y Bachillerato,Particular,15
2023-2024 Inicio,17H00058,UNIDAD EDUCATIVA GIOVANNI BATTISTA MONTINI PAULO VI,PICHINCHA,17,QUITO,1701,"Educación Inicial, Educación General Básica y Bachillerato",Particular,32
2023-2024 Inicio,12H01733,UNIDAD EDUCATIVA GLADYS CEDEÑO DE OLIVO,LOS RIOS,12,VALENCIA,1211,Educación General Básica y Bachillerato,Particular,16
2023-2024 Inicio,18H00014,UNIDAD EDUCATIVA GLENN DOMAN,TUNGURAHUA,18,AMBATO,1801,"Educación Inicial, Educación General Básica y Bachillerato",Particular,17
2023-2024 Inicio,18H00079,UNIDAD EDUCATIVA GONZALEZ SUAREZ,TUNGURAHUA,18,AMBATO,1801,"Educación Inicial, Educación General Básica y Bachillerato",Particular,127
2023-2024 Inicio,11H00319,UNIDAD EDUCATIVA GONZÁLEZ SUÁREZ,LOJA,11,LOJA,1101,"Educación Inicial, Educación General Básica y Bachillerato",Fiscal,10
2023-2024 Inicio,13H05407,UNIDAD EDUCATIVA GONZALO ESCOBAR BARCIA,MANABI,13,24 DE MAYO,1316,"Educación Inicial, Educación General Básica y Bachillerato",Fiscal,62
2023-2024 Inicio,17H01219,UNIDAD EDUCATIVA GONZALO ESCUDERO,PICHINCHA,17,QUITO,1701,Educación General Básica y Bachillerato,Fiscal,244
2023-2024 Inicio,05H00423,UNIDAD EDUCATIVA GONZALO PIZARRO,COTOPAXI,5,PANGUA,503,"Educación Inicial, Educación General Básica y Bachillerato",Fiscal,17
2023-2024 Inicio,08H00577,UNIDAD EDUCATIVA GONZALO S. CORDOVA,ESMERALDAS,8,ELOY ALFARO,802,"Educación Inicial, Educación General Básica y Bachillerato",Fiscal,26
2023-2024 Inicio,10H00207,UNIDAD EDUCATIVA GONZALO ZALDUMBIDE,IMBABURA,10,IBARRA,1001,"Educación Inicial, Educación General Básica y Bachillerato",Fiscal,47
2023-2024 Inicio,11H00929,UNIDAD EDUCATIVA GONZANAMA,LOJA,11,GONZANAMA,1107,"Educación Inicial, Educación General Básica, Bachillerato y Ofertas Intensivas",Fiscal,49
2023-2024 Inicio,06H00917,UNIDAD EDUCATIVA GONZOL,CHIMBORAZO,6,CHUNCHI,605,"Educación Inicial, Educación General Básica y Bachillerato",Fiscal,16
2023-2024 Inicio,09H04182,UNIDAD EDUCATIVA GORKY ELIZALDE MEDRANDA,GUAYAS,9,MILAGRO,910,"Educación Inicial, Educación General Básica y Bachillerato",Fiscal,55
2023-2024 Inicio,05H00675,UNIDAD EDUCATIVA GRAL DE POLICIA JORGE POVEDA,COTOPAXI,5,SAQUISILI,506,"Educación Inicial, Educación General Básica y Bachillerato",Particular,10
2023-2024 Inicio,18H00137,UNIDAD EDUCATIVA GRAL ELOY ALFARO DELGADO,TUNGURAHUA,18,AMBATO,1801,"Educación Inicial, Educación General Básica y Bachillerato",Fiscal,58
2023-2024 Inicio,05H00098,UNIDAD EDUCATIVA GRAL MIGUEL ITURRALDE,COTOPAXI,5,LATACUNGA,501,"Educación Inicial, Educación General Básica y Bachillerato",Particular,12
2023-2024 Inicio,17H00883,UNIDAD EDUCATIVA GRAN BRETAÑA,PICHINCHA,17,QUITO,1701,"Educación Inicial, Educación General Básica y Bachillerato",Fiscal,37
2023-2024 Inicio,09H02462,UNIDAD EDUCATIVA GRANCOLOMBIANO,GUAYAS,9,GUAYAQUIL,901,"Educación Inicial, Educación General Básica y Bachillerato",Particular,55
2023-2024 Inicio,18H00646,UNIDAD EDUCATIVA GREGOIRE GIRARD,TUNGURAHUA,18,AMBATO,1801,Educación General Básica y Bachillerato,Particular,6
2023-2024 Inicio,11H01565,UNIDAD EDUCATIVA GREGORIO MARAÑON,LOJA,11,ZAPOTILLO,1113,"Educación Inicial, Educación General Básica y Bachillerato",Fiscal,9
2023-2024 Inicio,17H02219,UNIDAD EDUCATIVA GUACHALA  MITAD DEL MUNDO,PICHINCHA,17,CAYAMBE,1702,"Educación Inicial, Educación General Básica y Bachillerato",Fiscal,34
2023-2024 Inicio,01H01522,UNIDAD EDUCATIVA GUACHAPALA,AZUAY,1,GUACHAPALA,114,Educación General Básica y Bachillerato,Fiscal,38
2023-2024 Inicio,01H00985,UNIDAD EDUCATIVA GUALACEO,AZUAY,1,GUALACEO,103,"Educación Inicial, Educación General Básica y Bachillerato",Fiscal,150
2023-2024 Inicio,05H00542,UNIDAD EDUCATIVA GUANGAJE,COTOPAXI,5,PUJILI,504,"Educación Inicial, Educación General Básica y Bachillerato",Fiscal,14
2023-2024 Inicio,03H00106,UNIDAD EDUCATIVA GUAPAN,CAÑAR,3,AZOGUES,301,"Educación Inicial, Educación General Básica y Bachillerato",Fiscal,28
2023-2024 Inicio,02H00013,UNIDAD EDUCATIVA GUARANDA,BOLIVAR,2,GUARANDA,201,Educación General Básica y Bachillerato,Fiscal,222
2023-2024 Inicio,13H00729,UNIDAD EDUCATIVA GUARANDA No 43,MANABI,13,PORTOVIEJO,1301,"Educación Inicial, Educación General Básica y Bachillerato",Fiscal,44
2023-2024 Inicio,06H00576,UNIDAD EDUCATIVA GUASUNTOS,CHIMBORAZO,6,ALAUSI,602,"Educación Inicial, Educación General Básica y Bachillerato",Fiscal,6
2023-2024 Inicio,12H01693,UNIDAD EDUCATIVA GUAYAQUIL,LOS RIOS,12,QUEVEDO,1205,Educación General Básica y Bachillerato,Particular,21
2023-2024 Inicio,18H00087,UNIDAD EDUCATIVA GUAYAQUIL,TUNGURAHUA,18,AMBATO,1801,"Educación Inicial, Educación General Básica y Bachillerato",Fiscal,317
2023-2024 Inicio,09H03800,UNIDAD EDUCATIVA GUAYAS Y QUIL,GUAYAS,9,EL EMPALME,908,"Educación Inicial, Educación General Básica y Bachillerato",Fiscal,81
2023-2024 Inicio,12H00135,UNIDAD EDUCATIVA GUILLERMO BAQUERIZO JIMENEZ,GUAYAS,9,ALFREDO BAQUERIZO MORENO,902,"Educación Inicial, Educación General Básica y Bachillerato",Fiscal,52
2023-2024 Inicio,21H00614,UNIDAD EDUCATIVA GUILLERMO BUSTAMANTE CEVALLOS,SUCUMBIOS,21,SHUSHUFINDI,2104,"Educación Inicial, Educación General Básica y Bachillerato",Fiscal,91
2023-2024 Inicio,09H04278,UNIDAD EDUCATIVA GUILLERMO DURAN ARCENTALES,GUAYAS,9,MILAGRO,910,"Educación General Básica, Bachillerato y Ofertas Intensivas",Fiscal,139
2023-2024 Inicio,11H00426,UNIDAD EDUCATIVA GUILLERMO HERRERA SANCHEZ,LOJA,11,LOJA,1101,Educación General Básica y Bachillerato,Fiscal,5
2023-2024 Inicio,15H00119,UNIDAD EDUCATIVA GUILLERMO KADLE,NAPO,15,TENA,1501,"Educación Inicial, Educación General Básica y Bachillerato",Fiscal,5
2023-2024 Inicio,01H00894,UNIDAD EDUCATIVA GUILLERMO MENSI,AZUAY,1,CUENCA,101,"Educación General Básica, Bachillerato y Ofertas Intensivas",Fiscal,256
2023-2024 Inicio,24H00040,UNIDAD EDUCATIVA GUILLERMO ORDOÑEZ GOMEZ,SANTA ELENA,24,SANTA ELENA,2401,"Educación General Básica, Bachillerato y Ofertas Intensivas",Fiscal,231
2023-2024 Inicio,07H01239,UNIDAD EDUCATIVA GÜIZHAGUIÑA,EL ORO,7,ZARUMA,713,"Educación Inicial, Educación General Básica y Bachillerato",Fiscal,11
2023-2024 Inicio,09H03912,UNIDAD EDUCATIVA GUSTAVO ENRIQUE PICO PINCAY,GUAYAS,9,EL EMPALME,908,Educación General Básica y Bachillerato,Fiscal,16
2023-2024 Inicio,02H00406,UNIDAD EDUCATIVA GUSTAVO LEMOS RAMIREZ,BOLIVAR,2,CHIMBO,203,"Educación Inicial, Educación General Básica y Bachillerato",Fiscal,22
2023-2024 Inicio,09H05085,UNIDAD EDUCATIVA HACIA LA CUMBRE,GUAYAS,9,PLAYAS,921,"Educación Inicial, Educación General Básica y Bachillerato",Particular,24
2023-2024 Inicio,09H04429,UNIDAD EDUCATIVA HANS KELSEN,GUAYAS,9,NARANJITO,912,Educación General Básica y Bachillerato,Particular,14
2023-2024 Inicio,09H05824,UNIDAD EDUCATIVA HARVEST,GUAYAS,9,DAULE,906,"Educación Inicial, Educación General Básica y Bachillerato",Particular,38
2023-2024 Inicio,01H00413,UNIDAD EDUCATIVA HERLINDA TORAL,AZUAY,1,CUENCA,101,"Educación Inicial, Educación General Básica y Bachillerato",Fiscal,233
2023-2024 Inicio,05H00094,UNIDAD EDUCATIVA HERMANO MIGUEL,COTOPAXI,5,LATACUNGA,501,"Educación Inicial, Educación General Básica y Bachillerato",Particular,233
2023-2024 Inicio,10H00245,UNIDAD EDUCATIVA HERMANO MIGUEL,IMBABURA,10,ANTONIO ANTE,1002,"Educación Inicial, Educación General Básica y Bachillerato",Particular,70
2023-2024 Inicio,23H00457,UNIDAD EDUCATIVA HERNAN MALO GONZALEZ,SANTO DOMINGO DE LOS TSACHILAS,23,SANTO DOMINGO,2301,Educación General Básica y Bachillerato,Fiscal,57
2023-2024 Inicio,19H00462,UNIDAD EDUCATIVA HERNANDO DE BENAVENTE,ZAMORA CHINCHIPE,19,PALANDA,1908,"Educación Inicial, Educación General Básica y Bachillerato",Fiscal,15
2023-2024 Inicio,12H00614,UNIDAD EDUCATIVA HEROES  DEL 41,LOS RIOS,12,QUEVEDO,1205,Educación General Básica y Bachillerato,Particular,38
2023-2024 Inicio,12H01636,UNIDAD EDUCATIVA HEROES DEL CENEPA,LOS RIOS,12,BUENA FE,1210,"Educación Inicial, Educación General Básica y Bachillerato",Particular,22
2023-2024 Inicio,14H00298,UNIDAD EDUCATIVA HEROES DEL CENEPA,MORONA SANTIAGO,14,SANTIAGO,1405,"Educación Inicial, Educación General Básica y Bachillerato",Fiscal,9
2023-2024 Inicio,16H00148,UNIDAD EDUCATIVA HEROES DEL CENEPA,PASTAZA,16,MERA,1602,"Educación Inicial, Educación General Básica y Bachillerato",Fiscal,50
2023-2024 Inicio,11H00574,UNIDAD EDUCATIVA HIPOLITO AMADOR LOAIZA DAVILA,LOJA,11,CALVAS,1102,Educación General Básica y Bachillerato,Fiscal,11
2023-2024 Inicio,18H00097,UNIDAD EDUCATIVA HISPANO AMERICA,TUNGURAHUA,18,AMBATO,1801,"Educación Inicial, Educación General Básica, Bachillerato y Ofertas Intensivas",Fiscal,356
2023-2024 Inicio,06H01430,UNIDAD EDUCATIVA HISPANOAMERICA,CHIMBORAZO,6,RIOBAMBA,601,"Educación Inicial, Educación General Básica y Bachillerato",Particular,23
2023-2024 Inicio,09H05471,UNIDAD EDUCATIVA HOGAR DE JESUS,GUAYAS,9,SAN JACINTO DE YAGUACHI,920,Educación General Básica y Bachillerato,Particular,75
2023-2024 Inicio,09H04312,UNIDAD EDUCATIVA HOMERO CASTRO ZURITA,GUAYAS,9,NARANJAL,911,Educación General Básica y Bachillerato,Fiscal,251
2023-2024 Inicio,18H00195,UNIDAD EDUCATIVA HONDURAS,TUNGURAHUA,18,AMBATO,1801,"Educación Inicial, Educación General Básica y Bachillerato",Fiscal,15
2023-2024 Inicio,18H00189,UNIDAD EDUCATIVA HONORATO VASQUEZ,TUNGURAHUA,18,AMBATO,1801,"Educación Inicial, Educación General Básica y Bachillerato",Fiscal,10
2023-2024 Inicio,09H03168,UNIDAD EDUCATIVA HONORIA MENDEZ  ZAMBRANO,GUAYAS,9,COLIMES,905,"Educación Inicial, Educación General Básica y Bachillerato",Fiscal,16
2023-2024 Inicio,17H02921,UNIDAD EDUCATIVA HOPE CRISTIAN ACADEMY,PICHINCHA,17,PEDRO MONCAYO,1704,"Educación Inicial, Educación General Básica y Bachillerato",Particular,20
2023-2024 Inicio,18H00004,UNIDAD EDUCATIVA HORIZONTES,TUNGURAHUA,18,AMBATO,1801,"Educación Inicial, Educación General Básica y Bachillerato",Particular,8
2023-2024 Inicio,23H00402,UNIDAD EDUCATIVA HORTENSIA VASQUEZ SALVADOR,SANTO DOMINGO DE LOS TSACHILAS,23,SANTO DOMINGO,2301,"Educación Inicial, Educación General Básica y Bachillerato",Fiscal,116
2023-2024 Inicio,04H00416,UNIDAD EDUCATIVA HUACA,CARCHI,4,SAN PEDRO DE HUACA,406,"Educación Inicial, Educación General Básica y Bachillerato",Fiscal,77
2023-2024 Inicio,18H00192,UNIDAD EDUCATIVA HUACHI GRANDE,TUNGURAHUA,18,AMBATO,1801,"Educación Inicial, Educación General Básica y Bachillerato",Fiscal,105
2023-2024 Inicio,18H00542,UNIDAD EDUCATIVA HUAMBALO,TUNGURAHUA,18,SAN PEDRO DE PELILEO,1807,Educación General Básica y Bachillerato,Fiscal,92
2023-2024 Inicio,14H00368,UNIDAD EDUCATIVA HUAMBI,MORONA SANTIAGO,14,SUCUA,1406,"Educación Inicial, Educación General Básica y Bachillerato",Fiscal,40
2023-2024 Inicio,14H00377,UNIDAD EDUCATIVA HUAMBOYA,MORONA SANTIAGO,14,HUAMBOYA,1407,"Educación Inicial, Educación General Básica, Bachillerato y Ofertas Intensivas",Fiscal,44
2023-2024 Inicio,18H00485,UNIDAD EDUCATIVA HUASIMPAMBA,TUNGURAHUA,18,SAN PEDRO DE PELILEO,1807,Educación General Básica y Bachillerato,Fiscal,133
2023-2024 Inicio,03H00424,UNIDAD EDUCATIVA HUAYRAPUNGO,CAÑAR,3,CAÑAR,303,"Educación Inicial, Educación General Básica y Bachillerato",Fiscal,14
2023-2024 Inicio,07H01247,UNIDAD EDUCATIVA HUERTAS,EL ORO,7,ZARUMA,713,"Educación Inicial, Educación General Básica y Bachillerato",Fiscal,37
2023-2024 Inicio,21H00724,UNIDAD EDUCATIVA HUMBERTO FIERRO,SUCUMBIOS,21,CASCALES,2106,"Educación Inicial, Educación General Básica, Bachillerato y Ofertas Intensivas",Fiscal,33
2023-2024 Inicio,12H01138,UNIDAD EDUCATIVA HUMBERTO MOREIRA MARQUEZ,LOS RIOS,12,VENTANAS,1207,"Educación General Básica, Bachillerato y Ofertas Intensivas",Fiscal,245
2023-2024 Inicio,08H01242,UNIDAD EDUCATIVA IBARRA,ESMERALDAS,8,SAN LORENZO,805,"Educación Inicial, Educación General Básica y Bachillerato",Fiscal,34
2023-2024 Inicio,10H00120,UNIDAD EDUCATIVA IBARRA,IMBABURA,10,IBARRA,1001,"Educación Inicial, Educación General Básica, Bachillerato y Ofertas Intensivas",Fiscal,522
2023-2024 Inicio,24H00072,UNIDAD EDUCATIVA IGNACIO ALVARADO,SANTA ELENA,24,SANTA ELENA,2401,"Educación Inicial, Educación General Básica y Bachillerato",Fiscal,79
2023-2024 Inicio,20H00008,UNIDAD EDUCATIVA IGNACIO HERNÁNDEZ,GALAPAGOS,20,SAN CRISTOBAL,2001,"Educación General Básica, Bachillerato y Ofertas Intensivas",Fiscal,33
2023-2024 Inicio,10H00350,UNIDAD EDUCATIVA IMANTAG,IMBABURA,10,COTACACHI,1003,"Educación Inicial, Educación General Básica, Bachillerato y Ofertas Intensivas",Fiscal,31
2023-2024 Inicio,10H00262,UNIDAD EDUCATIVA IMBAYA,IMBABURA,10,ANTONIO ANTE,1002,"Educación Inicial, Educación General Básica y Bachillerato",Fiscal,21
2023-2024 Inicio,14H00200,UNIDAD EDUCATIVA INDANZA,MORONA SANTIAGO,14,LIMON INDANZA,1403,Educación General Básica y Bachillerato,Fiscal,11
2023-2024 Inicio,11H00963,UNIDAD EDUCATIVA INDOAMERICA,LOJA,11,GONZANAMA,1107,"Educación Inicial, Educación General Básica y Bachillerato",Fiscal,13
2023-2024 Inicio,12H01481,UNIDAD EDUCATIVA INDOAMERICA,LOS RIOS,12,PALENQUE,1209,Educación General Básica y Bachillerato,Fiscal,42
2023-2024 Inicio,18H00043,UNIDAD EDUCATIVA INDOAMERICA,TUNGURAHUA,18,AMBATO,1801,"Educación Inicial, Educación General Básica y Bachillerato",Particular,61
2023-2024 Inicio,05H00451,UNIDAD EDUCATIVA INES COBO DONOSO,COTOPAXI,5,PUJILI,504,Educación General Básica y Bachillerato,Fiscal,50
2023-2024 Inicio,09H05157,UNIDAD EDUCATIVA INES MARIA BALDA,GUAYAS,9,NOBOL,925,"Educación Inicial, Educación General Básica y Bachillerato",Fiscal,76
2023-2024 Inicio,17H02236,UNIDAD EDUCATIVA INGAPIRCA,PICHINCHA,17,CAYAMBE,1702,"Educación Inicial, Educación General Básica y Bachillerato",Fiscal,43
2023-2024 Inicio,20H00018,UNIDAD EDUCATIVA INMACULADA STELLA MARIS,GALAPAGOS,20,ISABELA,2002,"Educación Inicial, Educación General Básica y Bachillerato",Fiscomisional,27
2023-2024 Inicio,12H00759,UNIDAD EDUCATIVA INSUTEC,LOS RIOS,12,QUEVEDO,1205,"Educación Inicial, Educación General Básica y Bachillerato",Particular,57
2023-2024 Inicio,17H02474,UNIDAD EDUCATIVA INTEGRAL EVERGREEN,PICHINCHA,17,RUMIÑAHUI,1705,Educación General Básica y Bachillerato,Particular,5
2023-2024 Inicio,05B00124,UNIDAD EDUCATIVA INTERCULTURAL BILINGUE ALICIA MARCUATH DE YEROVI,COTOPAXI,5,SALCEDO,505,"Educación Inicial, Educación General Básica y Bachillerato",Fiscal,11
2023-2024 Inicio,16B00208,UNIDAD EDUCATIVA INTERCULTURAL BILINGÜE AMAUTA ÑANPI,PASTAZA,16,PASTAZA,1601,"Educación Inicial, Educación General Básica y Bachillerato",Fiscomisional,24
2023-2024 Inicio,06B00087,UNIDAD EDUCATIVA INTERCULTURAL BILINGUE BASHALAN,CHIMBORAZO,6,RIOBAMBA,601,"Educación Inicial, Educación General Básica y Bachillerato",Fiscal,7
2023-2024 Inicio,16B00182,UNIDAD EDUCATIVA INTERCULTURAL BILINGUE CACIQUE JUMANDY,PASTAZA,16,ARAJUNO,1604,"Educación Inicial, Educación General Básica y Bachillerato",Fiscal,7
2023-2024 Inicio,06B00022,UNIDAD EDUCATIVA INTERCULTURAL BILINGUE CAPITAN GIOVANNI CALLES LASCAN,CHIMBORAZO,6,RIOBAMBA,601,"Educación Inicial, Educación General Básica y Bachillerato",Fiscal,17
2023-2024 Inicio,18B00002,UNIDAD EDUCATIVA INTERCULTURAL BILINGÜE CASAHUALA,TUNGURAHUA,18,AMBATO,1801,"Educación Inicial, Educación General Básica y Bachillerato",Fiscal,5
2023-2024 Inicio,05H00899,UNIDAD EDUCATIVA INTERCULTURAL BILINGUE COCHAPAMBA,COTOPAXI,5,SAQUISILI,506,"Educación Inicial, Educación General Básica y Bachillerato",Fiscal,14
2023-2024 Inicio,09B00042,UNIDAD EDUCATIVA INTERCULTURAL BILINGUE FISCAL   FERNANDO DAQUILEMA,GUAYAS,9,GUAYAQUIL,901,"Educación Inicial, Educación General Básica y Bachillerato",Fiscal,47
2023-2024 Inicio,14B00449,UNIDAD EDUCATIVA INTERCULTURAL BILINGUE FISCOMISIONAL ETSA,MORONA SANTIAGO,14,GUALAQUIZA,1402,"Educación Inicial, Educación General Básica y Bachillerato",Fiscomisional,21
2023-2024 Inicio,16B00150,UNIDAD EDUCATIVA INTERCULTURAL BILINGUE GABRIEL LOPEZ,PASTAZA,16,ARAJUNO,1604,"Educación Inicial, Educación General Básica y Bachillerato",Fiscal,30
2023-2024 Inicio,16B00168,UNIDAD EDUCATIVA INTERCULTURAL BILINGUE GAITA WENO,PASTAZA,16,ARAJUNO,1604,"Educación Inicial, Educación General Básica y Bachillerato",Fiscal,8
2023-2024 Inicio,06B00114,UNIDAD EDUCATIVA INTERCULTURAL BILINGUE HUANCA PALLAGUCHI,CHIMBORAZO,6,ALAUSI,602,"Educación Inicial, Educación General Básica y Bachillerato",Fiscal,10
2023-2024 Inicio,18B00064,UNIDAD EDUCATIVA INTERCULTURAL BILINGUE HUAYNA CAPAC,TUNGURAHUA,18,AMBATO,1801,"Educación Inicial, Educación General Básica y Bachillerato",Fiscal,36
2023-2024 Inicio,08B00021,UNIDAD EDUCATIVA INTERCULTURAL BILINGUE JOSE DONATO ACERO,ESMERALDAS,8,ELOY ALFARO,802,"Educación Inicial, Educación General Básica y Bachillerato",Fiscal,21
2023-2024 Inicio,16H00192,UNIDAD EDUCATIVA INTERCULTURAL BILINGUE LIKINO,PASTAZA,16,ARAJUNO,1604,"Educación Inicial, Educación General Básica y Bachillerato",Fiscal,10
2023-2024 Inicio,18B00027,UNIDAD EDUCATIVA INTERCULTURAL BILINGÜE LLANGAHUA,TUNGURAHUA,18,AMBATO,1801,"Educación Inicial, Educación General Básica y Bachillerato",Fiscal,7
2023-2024 Inicio,06B00002,UNIDAD EDUCATIVA INTERCULTURAL BILINGUE MONSEÑOR LEONIDAS PROAÑO,CHIMBORAZO,6,RIOBAMBA,601,"Educación Inicial, Educación General Básica y Bachillerato",Fiscal,37
2023-2024 Inicio,16H00198,UNIDAD EDUCATIVA INTERCULTURAL BILINGUE MONTE SINAI,PASTAZA,16,ARAJUNO,1604,"Educación Inicial, Educación General Básica y Bachillerato",Fiscal,11
2023-2024 Inicio,16B00242,UNIDAD EDUCATIVA INTERCULTURAL BILINGUE NOGUI TOGORO,PASTAZA,16,ARAJUNO,1604,"Educación Inicial, Educación General Básica y Bachillerato",Fiscal,3
2023-2024 Inicio,16B00261,UNIDAD EDUCATIVA INTERCULTURAL BILINGUE NOSHKYA MOAKA,PASTAZA,16,PASTAZA,1601,"Educación Inicial, Educación General Básica y Bachillerato",Fiscal,7
2023-2024 Inicio,16B00197,UNIDAD EDUCATIVA INTERCULTURAL BILINGUE NUEVO SAN JOSÉ,PASTAZA,16,ARAJUNO,1604,"Educación Inicial, Educación General Básica y Bachillerato",Fiscal,2
2023-2024 Inicio,08B00004,UNIDAD EDUCATIVA INTERCULTURAL BILINGUE ORIENTE ECUATORIANO,ESMERALDAS,8,ELOY ALFARO,802,Educación General Básica y Bachillerato,Fiscal,41
2023-2024 Inicio,06B00046,UNIDAD EDUCATIVA INTERCULTURAL BILINGÜE OSCAR EFREN REYES,CHIMBORAZO,6,RIOBAMBA,601,"Educación Inicial, Educación General Básica y Bachillerato",Fiscal,8
2023-2024 Inicio,16H00193,UNIDAD EDUCATIVA INTERCULTURAL BILINGUE PITACOCHA,PASTAZA,16,ARAJUNO,1604,"Educación Inicial, Educación General Básica y Bachillerato",Fiscal,5
2023-2024 Inicio,18B00001,UNIDAD EDUCATIVA INTERCULTURAL BILINGÜE PROVINCIA DE CHIMBORAZO,TUNGURAHUA,18,AMBATO,1801,"Educación Inicial, Educación General Básica y Bachillerato",Fiscal,11
2023-2024 Inicio,06B00079,UNIDAD EDUCATIVA INTERCULTURAL BILINGUE RIO GUAMBOYA,CHIMBORAZO,6,RIOBAMBA,601,"Educación Inicial, Educación General Básica y Bachillerato",Fiscal,6
2023-2024 Inicio,10B00164,UNIDAD EDUCATIVA INTERCULTURAL BILINGUE SAMINAY EL LEGADO,IMBABURA,10,OTAVALO,1004,Educación General Básica y Bachillerato,Particular,14
2023-2024 Inicio,16B00187,UNIDAD EDUCATIVA INTERCULTURAL BILINGUE SAN JOSÉ,PASTAZA,16,ARAJUNO,1604,"Educación Inicial, Educación General Básica y Bachillerato",Fiscal,14
2023-2024 Inicio,18B00024,UNIDAD EDUCATIVA INTERCULTURAL BILINGÜE TAMBOLOMA,TUNGURAHUA,18,AMBATO,1801,"Educación Inicial, Educación General Básica y Bachillerato",Fiscal,17
2023-2024 Inicio,06B00137,UNIDAD EDUCATIVA INTERCULTURAL BILINGUE TOTORAS,CHIMBORAZO,6,ALAUSI,602,"Educación Inicial, Educación General Básica y Bachillerato",Fiscal,19
2023-2024 Inicio,09B00020,UNIDAD EDUCATIVA INTERCULTURAL BILINGUE TRANSITO AMAGUAÑA,GUAYAS,9,DURAN,907,"Educación Inicial, Educación General Básica y Bachillerato",Fiscal,28
2023-2024 Inicio,18B00019,UNIDAD EDUCATIVA INTERCULTURAL BILINGÜE VICTOR MANUEL GARCES,TUNGURAHUA,18,AMBATO,1801,"Educación Inicial, Educación General Básica y Bachillerato",Fiscal,20
2023-2024 Inicio,16H00144,UNIDAD EDUCATIVA INTERCULTURAL BILINGUE YACHANA WASI,PASTAZA,16,ARAJUNO,1604,"Educación Inicial, Educación General Básica y Bachillerato",Fiscal,3
2023-2024 Inicio,16H00229,UNIDAD EDUCATIVA INTERCULTURAL JUAN JOSE FLORES,PASTAZA,16,PASTAZA,1601,"Educación Inicial, Educación General Básica y Bachillerato",Fiscal,5
2023-2024 Inicio,16H00190,UNIDAD EDUCATIVA INTERCULTURAL ROGERS MC CULLY,PASTAZA,16,ARAJUNO,1604,"Educación Inicial, Educación General Básica y Bachillerato",Fiscal,29
2023-2024 Inicio,21B00073,UNIDAD EDUCATIVA INTERCULTURAL Y BILINGUE ORIENTE ECUATORIANO,SUCUMBIOS,21,PUTUMAYO,2103,"Educación Inicial, Educación General Básica y Bachillerato",Fiscal,5
2023-2024 Inicio,06H00239,UNIDAD EDUCATIVA INTERNACIONAL LICEO IBEROAMERICANO,CHIMBORAZO,6,RIOBAMBA,601,"Educación Inicial, Educación General Básica y Bachillerato",Particular,37
2023-2024 Inicio,10H00101,UNIDAD EDUCATIVA INTERNACIONAL PENSIONADO ATAHUALPA,IMBABURA,10,IBARRA,1001,"Educación Inicial, Educación General Básica y Bachillerato",Particular,75
2023-2024 Inicio,06H00163,UNIDAD EDUCATIVA INTERNACIONAL SAN IGNACIO DE LOYOLA,CHIMBORAZO,6,RIOBAMBA,601,"Educación Inicial, Educación General Básica y Bachillerato",Particular,10
2023-2024 Inicio,17H00312,UNIDAD EDUCATIVA INTERNACIONAL SEK ECUADOR,PICHINCHA,17,QUITO,1701,"Educación Inicial, Educación General Básica y Bachillerato",Particular,26
2023-2024 Inicio,09H05065,UNIDAD EDUCATIVA INTI RAIMI,GUAYAS,9,PLAYAS,921,Educación General Básica y Bachillerato,Particular,14
2023-2024 Inicio,10H00443,UNIDAD EDUCATIVA ISAAC JESUS BARRERA,IMBABURA,10,OTAVALO,1004,"Educación Inicial, Educación General Básica, Bachillerato y Ofertas Intensivas",Fiscal,208
2023-2024 Inicio,01H00491,UNIDAD EDUCATIVA ISABEL MOSCOSO DÁVILA,AZUAY,1,CUENCA,101,"Educación Inicial, Educación General Básica y Bachillerato",Fiscal,46
2023-2024 Inicio,06H00542,UNIDAD EDUCATIVA ISAIAS GARZÓN LOYOLA,CHIMBORAZO,6,ALAUSI,602,"Educación Inicial, Educación General Básica y Bachillerato",Fiscal,12
2023-2024 Inicio,13H04142,UNIDAD EDUCATIVA ISIDORO BARRIGA,MANABI,13,PUERTO LOPEZ,1319,"Educación Inicial, Educación General Básica, Bachillerato y Ofertas Intensivas",Fiscal,94
2023-2024 Inicio,12H00474,UNIDAD EDUCATIVA ISLA DE BEJUCAL,LOS RIOS,12,BABA,1202,Educación General Básica y Bachillerato,Fiscal,122
2023-2024 Inicio,09H04395,UNIDAD EDUCATIVA ISMAEL PEREZ PAZMIÑO,GUAYAS,9,NARANJITO,912,"Educación Inicial, Educación General Básica y Bachillerato",Fiscal,107
2023-2024 Inicio,09H03196,UNIDAD EDUCATIVA JACARANDA,GUAYAS,9,DAULE,906,"Educación Inicial, Educación General Básica y Bachillerato",Particular,50
2023-2024 Inicio,20H00012,UNIDAD EDUCATIVA JACINTO GORDILLO,GALAPAGOS,20,ISABELA,2002,"Educación Inicial, Educación General Básica y Bachillerato",Municipal,8
2023-2024 Inicio,17H02390,UNIDAD EDUCATIVA JACINTO JIJON Y CAAMAÑO ,PICHINCHA,17,RUMIÑAHUI,1705,Educación General Básica y Bachillerato,Fiscal,230
2023-2024 Inicio,01H01042,UNIDAD EDUCATIVA JADAN,AZUAY,1,GUALACEO,103,"Educación Inicial, Educación General Básica y Bachillerato",Fiscal,53
2023-2024 Inicio,03H00452,UNIDAD EDUCATIVA JAIME CHAVEZ RAMIREZ,CAÑAR,3,CAÑAR,303,"Educación Inicial, Educación General Básica y Bachillerato",Fiscal,9
2023-2024 Inicio,23H00659,UNIDAD EDUCATIVA JAIME DEL HIERRO,SANTO DOMINGO DE LOS TSACHILAS,23,SANTO DOMINGO,2301,"Educación Inicial, Educación General Básica y Bachillerato",Fiscal,59
2023-2024 Inicio,23H00820,UNIDAD EDUCATIVA JAIME MOLA,SANTO DOMINGO DE LOS TSACHILAS,23,SANTO DOMINGO,2301,"Educación Inicial, Educación General Básica y Bachillerato",Fiscal,20
2023-2024 Inicio,12H00547,UNIDAD EDUCATIVA JAIME ROLDOS AGUILERA,LOS RIOS,12,MONTALVO,1203,"Educación Inicial, Educación General Básica y Bachillerato",Fiscal,98
2023-2024 Inicio,13H04171,UNIDAD EDUCATIVA JAIME ROLDOS AGUILERA,MANABI,13,PUERTO LOPEZ,1319,"Educación Inicial, Educación General Básica y Bachillerato",Fiscal,17
2023-2024 Inicio,14B00398,UNIDAD EDUCATIVA JAIME ROLDOS AGUILERA,MORONA SANTIAGO,14,TIWINTZA,1412,"Educación General Básica, Bachillerato y Ofertas Intensivas",Fiscal,39
2023-2024 Inicio,19H00369,UNIDAD EDUCATIVA JAIME ROLDOS AGUILERA,ZAMORA CHINCHIPE,19,EL PANGUI,1906,"Educación Inicial, Educación General Básica y Bachillerato",Fiscal,10
2023-2024 Inicio,22H00461,UNIDAD EDUCATIVA JAIME ROLDOS AGUILERA,ORELLANA,22,ORELLANA,2201,"Educación Inicial, Educación General Básica y Bachillerato",Fiscal,44
2023-2024 Inicio,23H00825,UNIDAD EDUCATIVA JAIME ROLDOS AGUILERA,SANTO DOMINGO DE LOS TSACHILAS,23,SANTO DOMINGO,2301,"Educación Inicial, Educación General Básica y Bachillerato",Fiscal,205
2023-2024 Inicio,01H01312,UNIDAD EDUCATIVA JAIME ROLDÓS AGUILERA,AZUAY,1,SANTA ISABEL,108,"Educación Inicial, Educación General Básica y Bachillerato",Fiscal,67
2023-2024 Inicio,23H00013,UNIDAD EDUCATIVA JAIME RUPERTO YEROVI NAJERA,SANTO DOMINGO DE LOS TSACHILAS,23,SANTO DOMINGO,2301,"Educación Inicial, Educación General Básica y Bachillerato",Fiscal,42
2023-2024 Inicio,13H02442,UNIDAD EDUCATIVA JAMBELI,MANABI,13,MANTA,1308,"Educación Inicial, Educación General Básica y Bachillerato",Particular,27
2023-2024 Inicio,21H00332,UNIDAD EDUCATIVA JAMBELI,SUCUMBIOS,21,LAGO AGRIO,2101,"Educación Inicial, Educación General Básica y Bachillerato",Fiscal,47
2023-2024 Inicio,05H00088,UNIDAD EDUCATIVA JAN AMOS COMENIUS,COTOPAXI,5,LATACUNGA,501,Educación General Básica y Bachillerato,Particular,6
2023-2024 Inicio,17H00063,UNIDAD EDUCATIVA JAN KOMENSKY,PICHINCHA,17,QUITO,1701,"Educación Inicial, Educación General Básica y Bachillerato",Particular,29
2023-2024 Inicio,09H01375,UNIDAD EDUCATIVA JAVIER,GUAYAS,9,GUAYAQUIL,901,"Educación Inicial, Educación General Básica y Bachillerato",Particular,101
2023-2024 Inicio,05H00053,UNIDAD EDUCATIVA JEAN PIAGET,COTOPAXI,5,LATACUNGA,501,"Educación Inicial, Educación General Básica y Bachillerato",Particular,24
2023-2024 Inicio,06H00002,UNIDAD EDUCATIVA JEFFERSON,CHIMBORAZO,6,RIOBAMBA,601,"Educación Inicial, Educación General Básica y Bachillerato",Particular,52
2023-2024 Inicio,24H00304,UNIDAD EDUCATIVA JEFFERSON DE SALINAS,SANTA ELENA,24,SALINAS,2403,"Educación Inicial, Educación General Básica y Bachillerato",Particular,43
2023-2024 Inicio,13H05413,UNIDAD EDUCATIVA JEREMIAS VELASQUEZ,MANABI,13,CHONE,1303,"Educación Inicial, Educación General Básica y Bachillerato",Fiscal,20
2023-2024 Inicio,09H04197,UNIDAD EDUCATIVA JERUSALEN,GUAYAS,9,MILAGRO,910,"Educación Inicial, Educación General Básica y Bachillerato",Particular,61
2023-2024 Inicio,01H00656,UNIDAD EDUCATIVA JESUS DEL GRAN PODER,AZUAY,1,CUENCA,101,"Educación Inicial, Educación General Básica y Bachillerato",Fiscal,11
2023-2024 Inicio,12H00117,UNIDAD EDUCATIVA JESUS MARTINEZ DE EZQUERECOCHA,LOS RIOS,12,BABAHOYO,1201,"Educación Inicial, Educación General Básica y Bachillerato",Particular,94
2023-2024 Inicio,01H01378,UNIDAD EDUCATIVA JIMA,AZUAY,1,SIGSIG,109,"Educación Inicial, Educación General Básica y Bachillerato",Fiscal,31
2023-2024 Inicio,01H00850,UNIDAD EDUCATIVA JOAQUIN FERNANDEZ DE CORDOVA,AZUAY,1,CUENCA,101,"Educación Inicial, Educación General Básica y Bachillerato",Fiscal,27
2023-2024 Inicio,09H00214,UNIDAD EDUCATIVA JOAQUIN GALLEGOS LARA,GUAYAS,9,GUAYAQUIL,901,"Educación General Básica, Bachillerato y Ofertas Intensivas",Fiscal,216
2023-2024 Inicio,09H03764,UNIDAD EDUCATIVA JOAQUIN GALLEGOS LARA,GUAYAS,9,BALZAR,904,"Educación Inicial, Educación General Básica y Bachillerato",Fiscal,30
2023-2024 Inicio,23H00834,UNIDAD EDUCATIVA JOAQUIN GALLEGOS LARA,SANTO DOMINGO DE LOS TSACHILAS,23,LA CONCORDIA,2302,"Educación Inicial, Educación General Básica y Bachillerato",Fiscal,159
2023-2024 Inicio,18H00090,UNIDAD EDUCATIVA JOAQUIN LALAMA,TUNGURAHUA,18,AMBATO,1801,"Educación Inicial, Educación General Básica y Bachillerato",Fiscal,39
2023-2024 Inicio,01H00821,UNIDAD EDUCATIVA JOAQUIN MALO TAMARIZ,AZUAY,1,CUENCA,101,"Educación Inicial, Educación General Básica y Bachillerato",Fiscal,4
2023-2024 Inicio,09H02968,UNIDAD EDUCATIVA JOEL GUALBERTO CEDEÑO PALMA,GUAYAS,9,BALZAR,904,"Educación Inicial, Educación General Básica y Bachillerato",Fiscal,20
2023-2024 Inicio,17H03047,UNIDAD EDUCATIVA JOHANN AMOS COMENIOS,PICHINCHA,17,QUITO,1701,"Educación Inicial, Educación General Básica y Bachillerato",Particular,18
2023-2024 Inicio,24H00341,UNIDAD EDUCATIVA JOHN F KENNEDY,SANTA ELENA,24,SALINAS,2403,Educación General Básica y Bachillerato,Particular,45
2023-2024 Inicio,15H00193,UNIDAD EDUCATIVA JONDACHI,NAPO,15,ARCHIDONA,1503,Educación General Básica y Bachillerato,Fiscal,18
2023-2024 Inicio,12H02241,UNIDAD EDUCATIVA JORGE ARSENIO MOGROVEJO VELASCO,LOS RIOS,12,QUINSALOMA,1213,Educación General Básica y Bachillerato,Fiscal,28
2023-2024 Inicio,24H00372,UNIDAD EDUCATIVA JORGE BAREK,SANTA ELENA,24,LA LIBERTAD,2402,Educación General Básica y Bachillerato,Particular,11
2023-2024 Inicio,08H02255,UNIDAD EDUCATIVA JORGE CHIRIBOGA GUERRERO,SANTO DOMINGO DE LOS TSACHILAS,23,LA CONCORDIA,2302,"Educación Inicial, Educación General Básica y Bachillerato",Fiscal,57
2023-2024 Inicio,05H00020,UNIDAD EDUCATIVA JORGE ICAZA,COTOPAXI,5,LATACUNGA,501,"Educación Inicial, Educación General Básica y Bachillerato",Fiscal,33
2023-2024 Inicio,13H05368,UNIDAD EDUCATIVA JORGE JEREMY CANTOS CEDEÑO,MANABI,13,MONTECRISTI,1309,"Educación Inicial, Educación General Básica y Bachillerato",Fiscal,44
2023-2024 Inicio,04H00332,UNIDAD EDUCATIVA JORGE MARTINEZ ACOSTA,CARCHI,4,MONTUFAR,405,"Educación Inicial, Educación General Básica y Bachillerato",Fiscal,50
2023-2024 Inicio,10H00490,UNIDAD EDUCATIVA JORGE PEÑAHERRERA,IMBABURA,10,PIMAMPIRO,1005,"Educación Inicial, Educación General Básica y Bachillerato",Fiscal,7
2023-2024 Inicio,22H00060,UNIDAD EDUCATIVA JORGE RODRIGUEZ ROMAN,ORELLANA,22,ORELLANA,2201,"Educación Inicial, Educación General Básica y Bachillerato",Fiscal,113
2023-2024 Inicio,05H00838,UNIDAD EDUCATIVA JORGE WASHINGTON,COTOPAXI,5,SIGCHOS,507,"Educación Inicial, Educación General Básica y Bachillerato",Fiscal,17
2023-2024 Inicio,09H04774,UNIDAD EDUCATIVA JOSE ABEL CASTILLO,GUAYAS,9,SANTA LUCIA,918,Educación General Básica y Bachillerato,Fiscal,105
2023-2024 Inicio,11H00057,UNIDAD EDUCATIVA JOSE ANGEL PALACIO,LOJA,11,LOJA,1101,"Educación Inicial, Educación General Básica, Bachillerato y Ofertas Intensivas",Fiscal,25
2023-2024 Inicio,07H00687,UNIDAD EDUCATIVA JOSE ANSELMO GARCIA CAJAMARCA,EL ORO,7,HUAQUILLAS,707,"Educación Inicial, Educación General Básica y Bachillerato",Fiscal,67
2023-2024 Inicio,24H00219,UNIDAD EDUCATIVA JOSE ANTONIO GARCIA CANDO,SANTA ELENA,24,LA LIBERTAD,2402,"Educación Inicial, Educación General Básica y Bachillerato",Fiscal,133
2023-2024 Inicio,05H00625,UNIDAD EDUCATIVA JOSÉ EMILIO ÁLVAREZ,COTOPAXI,5,SALCEDO,505,"Educación Inicial, Educación General Básica y Bachillerato",Fiscal,24
2023-2024 Inicio,06H01196,UNIDAD EDUCATIVA JOSÉ ENRIQUE RODÓ,CHIMBORAZO,6,GUANO,607,"Educación Inicial, Educación General Básica, Bachillerato y Ofertas Intensivas",Fiscal,7
2023-2024 Inicio,11H01041,UNIDAD EDUCATIVA JOSE FELIX DE VALDIVIESO,LOJA,11,GONZANAMA,1107,"Educación Inicial, Educación General Básica y Bachillerato",Fiscal,12
2023-2024 Inicio,01H01390,UNIDAD EDUCATIVA JOSE FELIX GONZALEZ,AZUAY,1,SIGSIG,109,"Educación Inicial, Educación General Básica y Bachillerato",Fiscal,15
2023-2024 Inicio,08H01246,UNIDAD EDUCATIVA JOSE GABRIEL BATALLAS,ESMERALDAS,8,SAN LORENZO,805,"Educación Inicial, Educación General Básica y Bachillerato",Fiscal,28
2023-2024 Inicio,17H02628,UNIDAD EDUCATIVA JOSE GABRIEL PINO Y ROCA,PICHINCHA,17,PUERTO QUITO,1709,"Educación Inicial, Educación General Básica y Bachillerato",Fiscal,21
2023-2024 Inicio,18H00480,UNIDAD EDUCATIVA JOSE IGNACIO ORDOÑEZ,TUNGURAHUA,18,SAN PEDRO DE PELILEO,1807,"Educación Inicial, Educación General Básica y Bachillerato",Particular,39
2023-2024 Inicio,13H01767,UNIDAD EDUCATIVA JOSE JEREMIAS VERA LOOR,MANABI,13,FLAVIO ALFARO,1305,"Educación Inicial, Educación General Básica y Bachillerato",Fiscal,22
2023-2024 Inicio,18H00162,UNIDAD EDUCATIVA JOSE JOAQUIN OLMEDO,TUNGURAHUA,18,AMBATO,1801,"Educación Inicial, Educación General Básica y Bachillerato",Fiscal,28
2023-2024 Inicio,04H00335,UNIDAD EDUCATIVA JOSE JULIAN ANDRADE,CARCHI,4,MONTUFAR,405,"Educación Inicial, Educación General Básica, Bachillerato y Ofertas Intensivas",Fiscal,203
2023-2024 Inicio,12H01177,UNIDAD EDUCATIVA JOSE MARIA ASPIAZU Y AVILES,LOS RIOS,12,QUINSALOMA,1213,Educación General Básica y Bachillerato,Fiscal,43
2023-2024 Inicio,12H00022,UNIDAD EDUCATIVA JOSE MARIA ESTRADA COELLO,LOS RIOS,12,BABAHOYO,1201,"Educación Inicial, Educación General Básica y Bachillerato",Fiscal,35
2023-2024 Inicio,11H00875,UNIDAD EDUCATIVA JOSÉ MARÍA RIOFRÍO,LOJA,11,ESPINDOLA,1106,"Educación Inicial, Educación General Básica y Bachillerato",Fiscal,15
2023-2024 Inicio,06H00142,UNIDAD EDUCATIVA JOSE MARIA ROMAN,CHIMBORAZO,6,RIOBAMBA,601,"Educación Inicial, Educación General Básica y Bachillerato",Fiscal,38
2023-2024 Inicio,13H02698,UNIDAD EDUCATIVA JOSÉ MARÍA URBINA,MANABI,13,MONTECRISTI,1309,"Educación Inicial, Educación General Básica y Bachillerato",Fiscal,19
2023-2024 Inicio,09H05375,UNIDAD EDUCATIVA JOSE MARIA VELASCO IBARRA,GUAYAS,9,EL EMPALME,908,Educación General Básica y Bachillerato,Fiscal,128
2023-2024 Inicio,09H04140,UNIDAD EDUCATIVA JOSE MARIA VELASCO IBARRA,GUAYAS,9,MILAGRO,910,"Educación General Básica, Bachillerato y Ofertas Intensivas",Fiscal,685
2023-2024 Inicio,12H01655,UNIDAD EDUCATIVA JOSE MARIA VELASCO IBARRA,LOS RIOS,12,BUENA FE,1210,"Educación General Básica, Bachillerato y Ofertas Intensivas",Fiscal,590
2023-2024 Inicio,14H00160,UNIDAD EDUCATIVA JOSE MARIA VELASCO IBARRA,MORONA SANTIAGO,14,GUALAQUIZA,1402,"Educación Inicial, Educación General Básica y Bachillerato",Fiscal,11
2023-2024 Inicio,19H00442,UNIDAD EDUCATIVA JOSÉ MEJÍA LEQUERICA,ZAMORA CHINCHIPE,19,PALANDA,1908,Educación General Básica y Bachillerato,Fiscal,7
2023-2024 Inicio,10H00225,UNIDAD EDUCATIVA JOSE MIGUEL LEORO VASQUEZ,IMBABURA,10,IBARRA,1001,"Educación Inicial, Educación General Básica y Bachillerato",Fiscal,36
2023-2024 Inicio,14H00091,UNIDAD EDUCATIVA JOSE ORDOÑEZ,MORONA SANTIAGO,14,MORONA,1401,"Educación Inicial, Educación General Básica y Bachillerato",Fiscal,28
2023-2024 Inicio,08H01189,UNIDAD EDUCATIVA JOSE OTILIO RAMIREZ REINA,ESMERALDAS,8,SAN LORENZO,805,"Educación Inicial, Educación General Básica y Bachillerato",Fiscal,109
2023-2024 Inicio,24H00257,UNIDAD EDUCATIVA JOSE PEDRO VARELA,SANTA ELENA,24,LA LIBERTAD,2402,"Educación Inicial, Educación General Básica y Bachillerato",Fiscal,223
2023-2024 Inicio,15H00047,UNIDAD EDUCATIVA JOSE PELAEZ,NAPO,15,TENA,1501,"Educación Inicial, Educación General Básica y Bachillerato",Fiscal,51
2023-2024 Inicio,10H00362,UNIDAD EDUCATIVA JOSE PERALTA,IMBABURA,10,COTACACHI,1003,"Educación Inicial, Educación General Básica y Bachillerato",Fiscal,9
2023-2024 Inicio,03H00283,UNIDAD EDUCATIVA JOSÉ PERALTA,CAÑAR,3,CAÑAR,303,"Educación General Básica, Bachillerato y Ofertas Intensivas",Fiscal,165
2023-2024 Inicio,13H05400,UNIDAD EDUCATIVA JOSÉ RAMÓN ZAMBRANO,MANABI,13,EL CARMEN,1304,"Educación Inicial, Educación General Básica y Bachillerato",Fiscal,135
2023-2024 Inicio,12H00780,UNIDAD EDUCATIVA JOSE RODRIGUEZ LABANDERA,LOS RIOS,12,QUEVEDO,1205,Educación General Básica y Bachillerato,Fiscal,181
2023-2024 Inicio,18H00469,UNIDAD EDUCATIVA JOSEFA CALIXTO,TUNGURAHUA,18,QUERO,1806,"Educación Inicial, Educación General Básica y Bachillerato",Fiscal,15
2023-2024 Inicio,05H00003,UNIDAD EDUCATIVA JUAN ABEL ECHEVERRIA,COTOPAXI,5,LATACUNGA,501,"Educación Inicial, Educación General Básica y Bachillerato",Fiscal,126
2023-2024 Inicio,24H00060,UNIDAD EDUCATIVA JUAN ALBERTO PANCHANA PADRON,SANTA ELENA,24,SANTA ELENA,2401,"Educación Inicial, Educación General Básica y Bachillerato",Fiscal,27
2023-2024 Inicio,09H03269,UNIDAD EDUCATIVA JUAN BAUTISTA AGUIRRE,GUAYAS,9,DAULE,906,"Educación General Básica, Bachillerato y Ofertas Intensivas",Fiscal,287
2023-2024 Inicio,03H00014,UNIDAD EDUCATIVA JUAN BAUTISTA VASQUEZ,CAÑAR,3,AZOGUES,301,"Educación Inicial, Educación General Básica, Bachillerato y Ofertas Intensivas",Fiscal,200
2023-2024 Inicio,18H00101,UNIDAD EDUCATIVA JUAN BENIGNO VELA,TUNGURAHUA,18,AMBATO,1801,"Educación Inicial, Educación General Básica y Bachillerato",Fiscal,75
2023-2024 Inicio,18H00231,UNIDAD EDUCATIVA JUAN BENIGNO VELA,TUNGURAHUA,18,AMBATO,1801,"Educación Inicial, Educación General Básica y Bachillerato",Fiscal,36
2023-2024 Inicio,08H01016,UNIDAD EDUCATIVA JUAN CARLOS MATHEUS POZO,ESMERALDAS,8,QUININDE,804,"Educación Inicial, Educación General Básica, Bachillerato y Ofertas Intensivas",Fiscal,64
2023-2024 Inicio,13H01116,UNIDAD EDUCATIVA JUAN CRUZ AIZPRUA,MANABI,13,CHONE,1303,"Educación Inicial, Educación General Básica y Bachillerato",Fiscal,40
2023-2024 Inicio,24H00220,UNIDAD EDUCATIVA JUAN DAGOBERTO MONTENEGRO RODRÍGUEZ,SANTA ELENA,24,LA LIBERTAD,2402,"Educación Inicial, Educación General Básica y Bachillerato",Particular,17
2023-2024 Inicio,06H00138,UNIDAD EDUCATIVA JUAN DE VELASCO,CHIMBORAZO,6,RIOBAMBA,601,"Educación Inicial, Educación General Básica y Bachillerato",Fiscal,269
2023-2024 Inicio,09H00356,UNIDAD EDUCATIVA JUAN EMILIO MURILLO LANDIN,GUAYAS,9,GUAYAQUIL,901,"Educación Inicial, Educación General Básica y Bachillerato",Fiscal,213
2023-2024 Inicio,06H00660,UNIDAD EDUCATIVA JUAN FRANCISCO YEROVI,CHIMBORAZO,6,ALAUSI,602,"Educación Inicial, Educación General Básica y Bachillerato",Fiscal,63
2023-2024 Inicio,24H00359,UNIDAD EDUCATIVA JUAN JACOBO ROUSSEAU,SANTA ELENA,24,SANTA ELENA,2401,"Educación Inicial, Educación General Básica y Bachillerato",Particular,17
2023-2024 Inicio,05H00772,UNIDAD EDUCATIVA JUAN JOSÉ FLORES,COTOPAXI,5,SIGCHOS,507,"Educación Inicial, Educación General Básica y Bachillerato",Fiscal,33
2023-2024 Inicio,07H00991,UNIDAD EDUCATIVA JUAN JOSÉ LOAYZA,EL ORO,7,PIÑAS,710,"Educación Inicial, Educación General Básica y Bachillerato",Fiscal,22
2023-2024 Inicio,07H01289,UNIDAD EDUCATIVA JUAN LEON MERA,EL ORO,7,LAS LAJAS,714,"Educación Inicial, Educación General Básica y Bachillerato",Fiscal,17
2023-2024 Inicio,12H00756,UNIDAD EDUCATIVA JUAN LEON MERA,LOS RIOS,12,QUEVEDO,1205,"Educación Inicial, Educación General Básica y Bachillerato",Fiscal,30
2023-2024 Inicio,18H00017,UNIDAD EDUCATIVA JUAN LEON MERA LA SALLE,TUNGURAHUA,18,AMBATO,1801,"Educación Inicial, Educación General Básica y Bachillerato",Particular,159
2023-2024 Inicio,01H00155,UNIDAD EDUCATIVA JUAN MONTALVO,AZUAY,1,CUENCA,101,"Educación Inicial, Educación General Básica, Bachillerato y Ofertas Intensivas",Fiscal,67
2023-2024 Inicio,04H00313,UNIDAD EDUCATIVA JUAN MONTALVO,CARCHI,4,MIRA,404,"Educación Inicial, Educación General Básica y Bachillerato",Fiscal,21
2023-2024 Inicio,09H04599,UNIDAD EDUCATIVA JUAN MONTALVO,GUAYAS,9,PEDRO CARBO,914,"Educación Inicial, Educación General Básica y Bachillerato",Fiscal,57
2023-2024 Inicio,12H00409,UNIDAD EDUCATIVA JUAN MONTALVO,LOS RIOS,12,BABA,1202,"Educación Inicial, Educación General Básica y Bachillerato",Fiscal,66
2023-2024 Inicio,12H01605,UNIDAD EDUCATIVA JUAN MONTALVO,LOS RIOS,12,BUENA FE,1210,"Educación Inicial, Educación General Básica y Bachillerato",Fiscal,187
2023-2024 Inicio,18H00157,UNIDAD EDUCATIVA JUAN MONTALVO,TUNGURAHUA,18,AMBATO,1801,"Educación Inicial, Educación General Básica y Bachillerato",Fiscal,152
2023-2024 Inicio,21H00594,UNIDAD EDUCATIVA JUAN MONTALVO,SUCUMBIOS,21,SHUSHUFINDI,2104,"Educación Inicial, Educación General Básica y Bachillerato",Fiscal,55
2023-2024 Inicio,13H01667,UNIDAD EDUCATIVA JUAN MONTALVO FIALLOS,MANABI,13,EL CARMEN,1304,"Educación Inicial, Educación General Básica y Bachillerato",Fiscal,42
2023-2024 Inicio,13H02993,UNIDAD EDUCATIVA JUAN MONTALVO FIALLOS,MANABI,13,PICHINCHA,1311,"Educación Inicial, Educación General Básica y Bachillerato",Fiscal,2
2023-2024 Inicio,18H00690,UNIDAD EDUCATIVA JUAN PABLO II,TUNGURAHUA,18,AMBATO,1801,"Educación Inicial, Educación General Básica y Bachillerato",Particular,23
2023-2024 Inicio,17H01225,UNIDAD EDUCATIVA JUAN PIO MONTUFAR,PICHINCHA,17,QUITO,1701,Educación General Básica y Bachillerato,Fiscal,521
2023-2024 Inicio,05H00803,UNIDAD EDUCATIVA JUAN SALINAS,COTOPAXI,5,SIGCHOS,507,"Educación Inicial, Educación General Básica y Bachillerato",Fiscal,22
2023-2024 Inicio,07H00658,UNIDAD EDUCATIVA JUAN SEMIGLIA,EL ORO,7,EL GUABO,706,"Educación Inicial, Educación General Básica y Bachillerato",Fiscal,15
2023-2024 Inicio,18H00452,UNIDAD EDUCATIVA JULIO C LARREA,TUNGURAHUA,18,QUERO,1806,"Educación Inicial, Educación General Básica y Bachillerato",Fiscal,27
2023-2024 Inicio,18H00209,UNIDAD EDUCATIVA JULIO ENRIQUE FERNANDEZ,TUNGURAHUA,18,AMBATO,1801,"Educación Inicial, Educación General Básica y Bachillerato",Fiscal,43
2023-2024 Inicio,11H01292,UNIDAD EDUCATIVA JULIO ISAAC ESPINOSA OCHOA,LOJA,11,PUYANGO,1110,"Educación Inicial, Educación General Básica y Bachillerato",Fiscal,70
2023-2024 Inicio,23H00833,UNIDAD EDUCATIVA JULIO JARAMILLO LAURIDO,SANTO DOMINGO DE LOS TSACHILAS,23,SANTO DOMINGO,2301,"Educación Inicial, Educación General Básica y Bachillerato",Fiscal,50
2023-2024 Inicio,01H00037,UNIDAD EDUCATIVA JULIO MARIA MATOVELLE,AZUAY,1,CUENCA,101,"Educación Inicial, Educación General Básica y Bachillerato",Fiscal,33
2023-2024 Inicio,23H00295,UNIDAD EDUCATIVA JULIO MORENO ESPINOSA,SANTO DOMINGO DE LOS TSACHILAS,23,SANTO DOMINGO,2301,"Educación Inicial, Educación General Básica y Bachillerato",Fiscal,474
2023-2024 Inicio,09H04211,UNIDAD EDUCATIVA JULIO PIMENTEL CARBO,GUAYAS,9,MILAGRO,910,Educación General Básica y Bachillerato,Fiscal,29
2023-2024 Inicio,12H01598,UNIDAD EDUCATIVA JUNIN,LOS RIOS,12,BUENA FE,1210,"Educación Inicial, Educación General Básica y Bachillerato",Fiscal,28
2023-2024 Inicio,09H04926,UNIDAD EDUCATIVA JUNQUILLAL,GUAYAS,9,SALITRE,919,Educación General Básica y Bachillerato,Fiscal,129
2023-2024 Inicio,02H00338,UNIDAD EDUCATIVA JUNTA NUEVA,LOS RIOS,12,BABAHOYO,1201,Educación General Básica y Bachillerato,Fiscal,14
2023-2024 Inicio,23H00171,UNIDAD EDUCATIVA KASAMA,SANTO DOMINGO DE LOS TSACHILAS,23,SANTO DOMINGO,2301,"Educación Inicial, Educación General Básica y Bachillerato",Fiscal,294
2023-2024 Inicio,13H05415,UNIDAD EDUCATIVA KERLLY ANNABEL TORRES CEDEÑO,MANABI,13,MONTECRISTI,1309,"Educación Inicial, Educación General Básica y Bachillerato",Fiscal,67
2023-2024 Inicio,13H05367,UNIDAD EDUCATIVA KERLY SOLANGE QUIJIJE MERO,MANABI,13,MONTECRISTI,1309,"Educación Inicial, Educación General Básica y Bachillerato",Fiscal,20
2023-2024 Inicio,09H04196,UNIDAD EDUCATIVA LA ALBORADA,GUAYAS,9,MILAGRO,910,Educación General Básica y Bachillerato,Fiscal,177
2023-2024 Inicio,02H00691,UNIDAD EDUCATIVA LA ANGELICA,BOLIVAR,2,CHILLANES,202,Educación General Básica y Bachillerato,Fiscal,21
2023-2024 Inicio,02H00363,UNIDAD EDUCATIVA LA ASUNCION,BOLIVAR,2,CHIMBO,203,"Educación Inicial, Educación General Básica y Bachillerato",Fiscal,18
2023-2024 Inicio,22H00485,UNIDAD EDUCATIVA LA BELLEZA,ORELLANA,22,ORELLANA,2201,"Educación Inicial, Educación General Básica y Bachillerato",Fiscal,13
2023-2024 Inicio,08H01182,UNIDAD EDUCATIVA LA CONCORDIA,SANTO DOMINGO DE LOS TSACHILAS,23,LA CONCORDIA,2302,Educación General Básica y Bachillerato,Fiscal,419
2023-2024 Inicio,09H01765,UNIDAD EDUCATIVA LA CONSOLATA,GUAYAS,9,GUAYAQUIL,901,Educación General Básica y Bachillerato,Particular,60
2023-2024 Inicio,09H00987,UNIDAD EDUCATIVA LA FLORIDA,GUAYAS,9,GUAYAQUIL,901,"Educación Inicial, Educación General Básica y Bachillerato",Particular,64
2023-2024 Inicio,12H01064,UNIDAD EDUCATIVA LA INDUSTRIA,LOS RIOS,12,URDANETA,1206,Educación General Básica y Bachillerato,Fiscal,19
2023-2024 Inicio,01H00035,UNIDAD EDUCATIVA LA INMACULADA,AZUAY,1,CUENCA,101,Educación General Básica y Bachillerato,Fiscal,73
2023-2024 Inicio,05H00097,UNIDAD EDUCATIVA LA INMACULADA,COTOPAXI,5,LATACUNGA,501,"Educación Inicial, Educación General Básica y Bachillerato",Fiscomisional,71
2023-2024 Inicio,05H00347,UNIDAD EDUCATIVA LA INMACULADA,COTOPAXI,5,PANGUA,503,"Educación Inicial, Educación General Básica y Bachillerato",Fiscomisional,28
2023-2024 Inicio,18H00136,UNIDAD EDUCATIVA LA INMACULADA,TUNGURAHUA,18,AMBATO,1801,"Educación Inicial, Educación General Básica y Bachillerato",Particular,103
2023-2024 Inicio,09H04007,UNIDAD EDUCATIVA LA INMACULADA CONCEPCION,GUAYAS,9,EL TRIUNFO,909,"Educación Inicial, Educación General Básica y Bachillerato",Particular,15
2023-2024 Inicio,13H00145,UNIDAD EDUCATIVA LA LIBERTAD,MANABI,13,PORTOVIEJO,1301,"Educación Inicial, Educación General Básica y Bachillerato",Fiscal,17
2023-2024 Inicio,24H00214,UNIDAD EDUCATIVA LA LIBERTAD,SANTA ELENA,24,LA LIBERTAD,2402,Educación General Básica y Bachillerato,Fiscal,317
2023-2024 Inicio,02H00374,UNIDAD EDUCATIVA LA MAGDALENA,BOLIVAR,2,CHIMBO,203,Educación General Básica y Bachillerato,Fiscal,38
2023-2024 Inicio,05H00245,UNIDAD EDUCATIVA LA MANA,COTOPAXI,5,LA MANA,502,"Educación Inicial, Educación General Básica, Bachillerato y Ofertas Intensivas",Fiscal,268
2023-2024 Inicio,21H00671,UNIDAD EDUCATIVA LA MERCED,SUCUMBIOS,21,SUCUMBIOS,2105,"Educación Inicial, Educación General Básica y Bachillerato",Fiscal,16
2023-2024 Inicio,01H01132,UNIDAD EDUCATIVA LA PAZ,AZUAY,1,NABON,104,"Educación Inicial, Educación General Básica y Bachillerato",Fiscal,21
2023-2024 Inicio,04H00383,UNIDAD EDUCATIVA LA PAZ,CARCHI,4,MONTUFAR,405,"Educación Inicial, Educación General Básica y Bachillerato",Fiscal,25
2023-2024 Inicio,11H00016,UNIDAD EDUCATIVA LA PORCIUNCULA,LOJA,11,LOJA,1101,"Educación Inicial, Educación General Básica y Bachillerato",Particular,46
2023-2024 Inicio,06H00080,UNIDAD EDUCATIVA LA PROVIDENCIA,CHIMBORAZO,6,RIOBAMBA,601,"Educación Inicial, Educación General Básica y Bachillerato",Particular,22
2023-2024 Inicio,06H00162,UNIDAD EDUCATIVA LA SALLE,CHIMBORAZO,6,RIOBAMBA,601,"Educación Inicial, Educación General Básica y Bachillerato",Particular,104
2023-2024 Inicio,08H00485,UNIDAD EDUCATIVA LA TOLA,ESMERALDAS,8,ELOY ALFARO,802,"Educación Inicial, Educación General Básica y Bachillerato",Fiscal,18
2023-2024 Inicio,08H01087,UNIDAD EDUCATIVA LA UNION,ESMERALDAS,8,QUININDE,804,"Educación General Básica, Bachillerato y Ofertas Intensivas",Fiscal,103
2023-2024 Inicio,13H05412,UNIDAD EDUCATIVA LA UNION,MANABI,13,SANTA ANA,1313,"Educación Inicial, Educación General Básica y Bachillerato",Fiscal,41
2023-2024 Inicio,09H04908,UNIDAD EDUCATIVA LA VICTORIA,GUAYAS,9,SALITRE,919,Educación General Básica y Bachillerato,Fiscal,60
2023-2024 Inicio,10H00073,UNIDAD EDUCATIVA LA VICTORIA,IMBABURA,10,IBARRA,1001,"Educación Inicial, Educación General Básica y Bachillerato",Particular,33
2023-2024 Inicio,18H00128,UNIDAD EDUCATIVA LAS AMERICAS,TUNGURAHUA,18,AMBATO,1801,"Educación Inicial, Educación General Básica y Bachillerato",Fiscal,80
2023-2024 Inicio,23H00284,UNIDAD EDUCATIVA LAS DELICIAS,SANTO DOMINGO DE LOS TSACHILAS,23,SANTO DOMINGO,2301,"Educación Inicial, Educación General Básica y Bachillerato",Fiscal,111
2023-2024 Inicio,13H05406,UNIDAD EDUCATIVA LAS MERCEDES,MANABI,13,24 DE MAYO,1316,"Educación Inicial, Educación General Básica y Bachillerato",Fiscal,28
2023-2024 Inicio,02H00735,UNIDAD EDUCATIVA LAS NAVES,BOLIVAR,2,LAS NAVES,207,Educación General Básica y Bachillerato,Fiscal,82
2023-2024 Inicio,01H01512,UNIDAD EDUCATIVA LAS PALMAS,AZUAY,1,SEVILLA DE ORO,113,"Educación Inicial, Educación General Básica y Bachillerato",Fiscal,27
2023-2024 Inicio,11H01406,UNIDAD EDUCATIVA LATACUNGA,LOJA,11,SARAGURO,1111,"Educación Inicial, Educación General Básica y Bachillerato",Fiscal,14
2023-2024 Inicio,09H05088,UNIDAD EDUCATIVA LAURA VICUÑA,GUAYAS,9,PLAYAS,921,"Educación Inicial, Educación General Básica y Bachillerato",Fiscomisional,27
2023-2024 Inicio,09H03369,UNIDAD EDUCATIVA LAUREL,GUAYAS,9,DAULE,906,Educación General Básica y Bachillerato,Fiscal,171
2023-2024 Inicio,11H00080,UNIDAD EDUCATIVA LAURO DAMERVAL AYORA,LOJA,11,LOJA,1101,"Educación Inicial, Educación General Básica y Bachillerato",Fiscal,64
2023-2024 Inicio,11H01199,UNIDAD EDUCATIVA LAURO GUERRERO BECERRA,LOJA,11,PALTAS,1109,"Educación Inicial, Educación General Básica y Bachillerato",Fiscal,13
2023-2024 Inicio,12H01559,UNIDAD EDUCATIVA LAUTARO ASPIAZU SEDEÑO,LOS RIOS,12,PALENQUE,1209,Educación General Básica y Bachillerato,Fiscal,145
2023-2024 Inicio,11H01279,UNIDAD EDUCATIVA LAUTARO VICENTE LOAYZA,LOJA,11,PUYANGO,1110,Educación General Básica y Bachillerato,Fiscal,19
2023-2024 Inicio,11H01552,UNIDAD EDUCATIVA LAZARO CARDENAS,LOJA,11,ZAPOTILLO,1113,"Educación Inicial, Educación General Básica y Bachillerato",Fiscal,14
2023-2024 Inicio,12H00981,UNIDAD EDUCATIVA LCD MANUEL VITERI CAMACHO,LOS RIOS,12,QUEVEDO,1205,Educación General Básica y Bachillerato,Fiscal,88
2023-2024 Inicio,05H00030,UNIDAD EDUCATIVA LENIN SCHOOL,COTOPAXI,5,LATACUNGA,501,Educación General Básica y Bachillerato,Particular,8
2023-2024 Inicio,08H00372,UNIDAD EDUCATIVA LEON DE FEBRES CORDERO,ESMERALDAS,8,ESMERALDAS,801,"Educación Inicial, Educación General Básica y Bachillerato",Fiscal,32
2023-2024 Inicio,12H00686,UNIDAD EDUCATIVA LEON DE FEBRES CORDERO,LOS RIOS,12,PUEBLOVIEJO,1204,"Educación Inicial, Educación General Básica y Bachillerato",Fiscal,58
2023-2024 Inicio,04H00263,UNIDAD EDUCATIVA LEON RUALES,CARCHI,4,MIRA,404,"Educación Inicial, Educación General Básica y Bachillerato",Fiscomisional,51
2023-2024 Inicio,13H01064,UNIDAD EDUCATIVA LEONARDO MESIAS ZAMBRANO,MANABI,13,CHONE,1303,"Educación Inicial, Educación General Básica y Bachillerato",Fiscal,16
2023-2024 Inicio,18H00982,UNIDAD EDUCATIVA LEONARDO MURIALDO,TUNGURAHUA,18,AMBATO,1801,Educación General Básica y Bachillerato,Fiscomisional,58
2023-2024 Inicio,09H05156,UNIDAD EDUCATIVA LEONARDO RAMIREZ AMPUERO,GUAYAS,9,NOBOL,925,Educación General Básica y Bachillerato,Municipal,21
2023-2024 Inicio,01H00477,UNIDAD EDUCATIVA LEONCIO CORDERO JARAMILLO,AZUAY,1,CUENCA,101,"Educación Inicial, Educación General Básica y Bachillerato",Fiscal,28
2023-2024 Inicio,06H00222,UNIDAD EDUCATIVA LEONTIEV VIGOTSKY,CHIMBORAZO,6,RIOBAMBA,601,"Educación Inicial, Educación General Básica y Bachillerato",Particular,67
2023-2024 Inicio,04H00241,UNIDAD EDUCATIVA LIBERTAD,CARCHI,4,ESPEJO,403,"Educación Inicial, Educación General Básica y Bachillerato",Fiscal,35
2023-2024 Inicio,08H02401,UNIDAD EDUCATIVA LIBERTAD DE TIMBRE,ESMERALDAS,8,ESMERALDAS,801,"Educación Inicial, Educación General Básica y Bachillerato",Fiscal,17
2023-2024 Inicio,01H01559,UNIDAD EDUCATIVA LIBERTADOR BOLIVAR,AZUAY,1,CAMILO PONCE ENRIQUEZ,115,"Educación Inicial, Educación General Básica y Bachillerato",Fiscal,57
2023-2024 Inicio,17H02595,UNIDAD EDUCATIVA LIBERTADOR SIMON BOLIVAR,PICHINCHA,17,PUERTO QUITO,1709,"Educación Inicial, Educación General Básica y Bachillerato",Fiscal,63
2023-2024 Inicio,12H01313,UNIDAD EDUCATIVA LIC RAFAEL SOTOMAYOR GALLARDO,LOS RIOS,12,VINCES,1208,"Educación Inicial, Educación General Básica y Bachillerato",Fiscal,56
2023-2024 Inicio,13H01433,UNIDAD EDUCATIVA LIC. CARLOS VELEZ VERDUGA,MANABI,13,EL CARMEN,1304,"Educación Inicial, Educación General Básica y Bachillerato",Fiscal,75
2023-2024 Inicio,09H04194,UNIDAD EDUCATIVA LICEO CRISTIANO DE MILAGRO,GUAYAS,9,MILAGRO,910,Educación General Básica y Bachillerato,Particular,22
2023-2024 Inicio,24H00190,UNIDAD EDUCATIVA LICEO CRISTIANO PENINSULAR,SANTA ELENA,24,LA LIBERTAD,2402,"Educación Inicial, Educación General Básica y Bachillerato",Particular,104
2023-2024 Inicio,20H00007,UNIDAD EDUCATIVA LICEO GALÁPAGOS,GALAPAGOS,20,SAN CRISTOBAL,2001,Educación General Básica y Bachillerato,Fiscal,24
2023-2024 Inicio,18H00482,UNIDAD EDUCATIVA LICEO JOAQUIN ARIAS,TUNGURAHUA,18,SAN PEDRO DE PELILEO,1807,"Educación Inicial, Educación General Básica y Bachillerato",Fiscal,98
2023-2024 Inicio,17H00232,UNIDAD EDUCATIVA LICEO POLICIAL,PICHINCHA,17,QUITO,1701,Educación General Básica y Bachillerato,Fiscal,178
2023-2024 Inicio,06H00358,UNIDAD EDUCATIVA LICTO,CHIMBORAZO,6,RIOBAMBA,601,"Educación Inicial, Educación General Básica y Bachillerato",Fiscal,83
2023-2024 Inicio,14H00193,UNIDAD EDUCATIVA LIMÓN,MORONA SANTIAGO,14,LIMON INDANZA,1403,"Educación Inicial, Educación General Básica, Bachillerato y Ofertas Intensivas",Fiscal,49
2023-2024 Inicio,14H00438,UNIDAD EDUCATIVA LOGROÑO,MORONA SANTIAGO,14,LOGROÑO,1410,"Educación Inicial, Educación General Básica, Bachillerato y Ofertas Intensivas",Fiscal,40
2023-2024 Inicio,04H00171,UNIDAD EDUCATIVA LOS ANDES,CARCHI,4,BOLIVAR,402,"Educación Inicial, Educación General Básica y Bachillerato",Fiscal,6
2023-2024 Inicio,10H00130,UNIDAD EDUCATIVA LOS ARRAYANES,IMBABURA,10,IBARRA,1001,"Educación Inicial, Educación General Básica y Bachillerato",Particular,22
2023-2024 Inicio,12H01095,UNIDAD EDUCATIVA LOS BABAHOYOS,LOS RIOS,12,VENTANAS,1207,Educación General Básica y Bachillerato,Fiscal,51
2023-2024 Inicio,03H00142,UNIDAD EDUCATIVA LOS CAÑARIS,CAÑAR,3,AZOGUES,301,"Educación Inicial, Educación General Básica y Bachillerato",Fiscal,23
2023-2024 Inicio,09H04183,UNIDAD EDUCATIVA LOS CHIRIJOS,GUAYAS,9,MILAGRO,910,"Educación General Básica, Bachillerato y Ofertas Intensivas",Fiscal,14
2023-2024 Inicio,09H06690,UNIDAD EDUCATIVA LOS DELFINES,GUAYAS,9,DAULE,906,"Educación Inicial, Educación General Básica y Bachillerato",Particular,117
2023-2024 Inicio,12H00784,UNIDAD EDUCATIVA LOS GUAYACANES,LOS RIOS,12,QUEVEDO,1205,Educación General Básica y Bachillerato,Fiscal,198
2023-2024 Inicio,09H05572,UNIDAD EDUCATIVA LOS LOJAS,GUAYAS,9,DAULE,906,Educación General Básica y Bachillerato,Particular,24
2023-2024 Inicio,05H00648,UNIDAD EDUCATIVA LUIS A MARTINEZ,COTOPAXI,5,SALCEDO,505,"Educación Inicial, Educación General Básica y Bachillerato",Fiscal,102
2023-2024 Inicio,18H00129,UNIDAD EDUCATIVA LUIS A MARTINEZ,TUNGURAHUA,18,AMBATO,1801,"Educación Inicial, Educación General Básica y Bachillerato",Fiscal,252
2023-2024 Inicio,09H03441,UNIDAD EDUCATIVA LUIS ALFREDO GOMEZ GUTIERREZ,GUAYAS,9,DAULE,906,Educación General Básica y Bachillerato,Fiscal,27
2023-2024 Inicio,13H05359,UNIDAD EDUCATIVA LUIS ANTONIO BAILON MOREIRA,MANABI,13,MONTECRISTI,1309,"Educación Inicial, Educación General Básica y Bachillerato",Fiscal,11
2023-2024 Inicio,13H00848,UNIDAD EDUCATIVA LUIS ANTONIO MONTESDEOCA,MANABI,13,BOLIVAR,1302,"Educación Inicial, Educación General Básica y Bachillerato",Fiscal,13
2023-2024 Inicio,13H04192,Unidad Educativa LUIS ARTURO CEVALLOS INTRIAGO,MANABI,13,JAMA,1320,"Educación Inicial, Educación General Básica, Bachillerato y Ofertas Intensivas",Fiscal,31
2023-2024 Inicio,24H00265,UNIDAD EDUCATIVA LUIS AUGUSTO MENDOZA MOREIRA,SANTA ELENA,24,LA LIBERTAD,2402,"Educación Inicial, Educación General Básica y Bachillerato",Fiscal,133
2023-2024 Inicio,08H01259,UNIDAD EDUCATIVA LUIS CADENA,ESMERALDAS,8,SAN LORENZO,805,"Educación Inicial, Educación General Básica y Bachillerato",Fiscal,14
2023-2024 Inicio,03H00055,UNIDAD EDUCATIVA LUIS CORDERO,CAÑAR,3,AZOGUES,301,"Educación Inicial, Educación General Básica, Bachillerato y Ofertas Intensivas",Fiscal,208
2023-2024 Inicio,13H00339,UNIDAD EDUCATIVA LUIS DUENAS VERA,MANABI,13,PORTOVIEJO,1301,Educación General Básica y Bachillerato,Fiscal,79
2023-2024 Inicio,09H02660,UNIDAD EDUCATIVA LUIS ENRIQUE MORALES ALFARO,GUAYAS,9,GUAYAQUIL,901,"Educación Inicial, Educación General Básica y Bachillerato",Fiscal,60
2023-2024 Inicio,09H04345,UNIDAD EDUCATIVA LUIS ESPINOSA TAMAYO,GUAYAS,9,NARANJAL,911,Educación General Básica y Bachillerato,Fiscal,66
2023-2024 Inicio,18H00147,UNIDAD EDUCATIVA LUIS FELIPE BORJA,TUNGURAHUA,18,AMBATO,1801,"Educación Inicial, Educación General Básica y Bachillerato",Fiscal,16
2023-2024 Inicio,19H00030,UNIDAD EDUCATIVA LUIS FELIPE BORJA DEL ALCAZAR,ZAMORA CHINCHIPE,19,ZAMORA,1901,"Educación Inicial, Educación General Básica y Bachillerato",Fiscal,26
2023-2024 Inicio,13H04266,UNIDAD EDUCATIVA LUIS FELIPE CHAVEZ  76,MANABI,13,JARAMIJO,1321,"Educación Inicial, Educación General Básica, Bachillerato y Ofertas Intensivas",Fiscal,162
2023-2024 Inicio,05H00855,UNIDAD EDUCATIVA LUIS FERNANDO RUIZ,COTOPAXI,5,LATACUNGA,501,"Educación Inicial, Educación General Básica y Bachillerato",Fiscal,233
2023-2024 Inicio,16H00053,UNIDAD EDUCATIVA LUIS FREIRE ROBALINO,PASTAZA,16,PASTAZA,1601,"Educación Inicial, Educación General Básica y Bachillerato",Fiscal,16
2023-2024 Inicio,09H03041,UNIDAD EDUCATIVA LUIS GODIN,GUAYAS,9,BALZAR,904,"Educación Inicial, Educación General Básica y Bachillerato",Fiscal,31
2023-2024 Inicio,10H00139,UNIDAD EDUCATIVA LUIS LEORO FRANCO,IMBABURA,10,IBARRA,1001,"Educación Inicial, Educación General Básica y Bachillerato",Fiscal,84
2023-2024 Inicio,01H00140,UNIDAD EDUCATIVA LUIS MONSALVE POZO,AZUAY,1,CUENCA,101,Educación General Básica y Bachillerato,Fiscal,24
2023-2024 Inicio,10H00380,UNIDAD EDUCATIVA LUIS PLUTARCO CEVALLOS,IMBABURA,10,COTACACHI,1003,"Educación General Básica, Bachillerato y Ofertas Intensivas",Fiscal,77
2023-2024 Inicio,23H00234,UNIDAD EDUCATIVA LUIS RIVADENEIRA ECHEVERRIA,SANTO DOMINGO DE LOS TSACHILAS,23,SANTO DOMINGO,2301,"Educación Inicial, Educación General Básica y Bachillerato",Fiscal,46
2023-2024 Inicio,01H00150,UNIDAD EDUCATIVA LUIS ROBERTO BRAVO,AZUAY,1,CUENCA,101,"Educación Inicial, Educación General Básica y Bachillerato",Fiscal,39
2023-2024 Inicio,03H00076,UNIDAD EDUCATIVA LUIS ROGERIO GONZÁLEZ,CAÑAR,3,AZOGUES,301,"Educación General Básica, Bachillerato y Ofertas Intensivas",Fiscal,292
2023-2024 Inicio,08H00371,UNIDAD EDUCATIVA LUIS TELLO,ESMERALDAS,8,ESMERALDAS,801,"Educación Inicial, Educación General Básica y Bachillerato",Fiscal,257
2023-2024 Inicio,19H00153,UNIDAD EDUCATIVA LUIS TUFIÑO,ZAMORA CHINCHIPE,19,CHINCHIPE,1902,"Educación Inicial, Educación General Básica y Bachillerato",Fiscal,8
2023-2024 Inicio,05H00284,UNIDAD EDUCATIVA LUIS ULPIANO DE LA TORRE,COTOPAXI,5,LA MANA,502,"Educación Inicial, Educación General Básica y Bachillerato",Fiscal,18
2023-2024 Inicio,23H00543,UNIDAD EDUCATIVA LUZ DE AMERICA,SANTO DOMINGO DE LOS TSACHILAS,23,SANTO DOMINGO,2301,Educación General Básica y Bachillerato,Fiscal,172
2023-2024 Inicio,13H05402,UNIDAD EDUCATIVA LUZ DEL CAMPO,MANABI,13,EL CARMEN,1304,"Educación Inicial, Educación General Básica y Bachillerato",Fiscal,45
2023-2024 Inicio,01H00662,UNIDAD EDUCATIVA LUZ Y GUIA,AZUAY,1,CAMILO PONCE ENRIQUEZ,115,"Educación Inicial, Educación General Básica y Bachillerato",Fiscal,30
2023-2024 Inicio,11H01244,UNIDAD EDUCATIVA MACANDAMINE,LOJA,11,PALTAS,1109,Educación General Básica y Bachillerato,Fiscal,6
2023-2024 Inicio,13H00200,UNIDAD EDUCATIVA MACHALA No 30,MANABI,13,PORTOVIEJO,1301,"Educación Inicial, Educación General Básica y Bachillerato",Fiscal,18
2023-2024 Inicio,09H05174,UNIDAD EDUCATIVA MADRE BERNARDA BÜTLER,GUAYAS,9,GENERAL ANTONIO ELIZALDE,927,"Educación Inicial, Educación General Básica y Bachillerato",Particular,36
2023-2024 Inicio,17H02423,UNIDAD EDUCATIVA MAHANAYM,PICHINCHA,17,RUMIÑAHUI,1705,"Educación Inicial, Educación General Básica y Bachillerato",Particular,32
2023-2024 Inicio,04H00095,UNIDAD EDUCATIVA MALDONADO,CARCHI,4,TULCAN,401,"Educación Inicial, Educación General Básica y Bachillerato",Fiscal,16
2023-2024 Inicio,08H00496,UNIDAD EDUCATIVA MALDONADO,ESMERALDAS,8,ELOY ALFARO,802,"Educación Inicial, Educación General Básica y Bachillerato",Fiscal,38
2023-2024 Inicio,13H03037,UNIDAD EDUCATIVA MANABI,MANABI,13,PICHINCHA,1311,"Educación Inicial, Educación General Básica y Bachillerato",Fiscal,24
2023-2024 Inicio,24H00166,UNIDAD EDUCATIVA MANGLARALTO,SANTA ELENA,24,SANTA ELENA,2401,Educación General Básica y Bachillerato,Fiscal,125
2023-2024 Inicio,13H01063,UNIDAD EDUCATIVA MANUEL ACOSTA MERO,MANABI,13,CHONE,1303,"Educación Inicial, Educación General Básica y Bachillerato",Fiscal,12
2023-2024 Inicio,03H00476,UNIDAD EDUCATIVA MANUEL AGUSTIN AGUIRRE,CAÑAR,3,CAÑAR,303,"Educación Inicial, Educación General Básica y Bachillerato",Fiscal,17
2023-2024 Inicio,23H00276,UNIDAD EDUCATIVA MANUEL AGUSTIN AGUIRRE,SANTO DOMINGO DE LOS TSACHILAS,23,SANTO DOMINGO,2301,"Educación Inicial, Educación General Básica y Bachillerato",Fiscal,43
2023-2024 Inicio,06H01290,UNIDAD EDUCATIVA MANUEL ALVAREZ MENDEZ,CHIMBORAZO,6,PENIPE,609,"Educación Inicial, Educación General Básica y Bachillerato",Fiscal,27
2023-2024 Inicio,09H03288,UNIDAD EDUCATIVA MANUEL ANTONIO CHAGUAY JUAREZ,GUAYAS,9,DAULE,906,"Educación Inicial, Educación General Básica y Bachillerato",Particular,5
2023-2024 Inicio,11H00461,UNIDAD EDUCATIVA MANUEL BENJAMIN CARRION,LOJA,11,LOJA,1101,"Educación Inicial, Educación General Básica y Bachillerato",Fiscal,11
2023-2024 Inicio,19H00227,UNIDAD EDUCATIVA MANUEL CAIZA UNTUÑA,ZAMORA CHINCHIPE,19,NANGARITZA,1903,"Educación Inicial, Educación General Básica y Bachillerato",Fiscal,6
2023-2024 Inicio,13H05428,UNIDAD EDUCATIVA MANUEL CASTILLO HIDALGO,MANABI,13,CHONE,1303,"Educación Inicial, Educación General Básica y Bachillerato",Fiscal,38
2023-2024 Inicio,12H01111,UNIDAD EDUCATIVA MANUEL CORDOVA GALARZA,LOS RIOS,12,VENTANAS,1207,"Educación Inicial, Educación General Básica y Bachillerato",Fiscal,102
2023-2024 Inicio,05H00124,UNIDAD EDUCATIVA MANUEL GONZALO ALBAN RUMAZO,COTOPAXI,5,LATACUNGA,501,"Educación Inicial, Educación General Básica y Bachillerato",Fiscal,37
2023-2024 Inicio,11H00165,UNIDAD EDUCATIVA MANUEL IGNACIO MONTEROS VALDIVIESO,LOJA,11,LOJA,1101,"Educación Inicial, Educación General Básica y Bachillerato",Fiscal,19
2023-2024 Inicio,13H01841,UNIDAD EDUCATIVA MANUEL INOCENCIO PARRALES Y GUALE,MANABI,13,JIPIJAPA,1306,"Educación Inicial, Educación General Básica y Bachillerato",Fiscal,53
2023-2024 Inicio,01H01175,UNIDAD EDUCATIVA MANUEL J CALLE,AZUAY,1,PAUTE,105,"Educación Inicial, Educación General Básica y Bachillerato",Fiscal,24
2023-2024 Inicio,18H00250,UNIDAD EDUCATIVA MANUEL MARIA SANCHEZ,TUNGURAHUA,18,AMBATO,1801,"Educación Inicial, Educación General Básica y Bachillerato",Fiscal,12
2023-2024 Inicio,19H00222,UNIDAD EDUCATIVA MANUEL SARANGO ROMERO,ZAMORA CHINCHIPE,19,NANGARITZA,1903,"Educación Inicial, Educación General Básica y Bachillerato",Fiscal,8
2023-2024 Inicio,17H02894,UNIDAD EDUCATIVA MANUELA SAENZ DE  AIZPURU D7,PICHINCHA,17,QUITO,1701,"Educación Inicial, Educación General Básica y Bachillerato",Fiscal,121
2023-2024 Inicio,05H00201,UNIDAD EDUCATIVA MARCO AURELIO SUBIA MARTINEZ - BATALLA DE PANUPALI,COTOPAXI,5,LATACUNGA,501,"Educación Inicial, Educación General Básica y Bachillerato",Fiscal,88
2023-2024 Inicio,23H00497,UNIDAD EDUCATIVA MARGARITA PONCE GANGOTENA,SANTO DOMINGO DE LOS TSACHILAS,23,SANTO DOMINGO,2301,Educación General Básica y Bachillerato,Fiscal,34
2023-2024 Inicio,12H00061,UNIDAD EDUCATIVA MARIA ANDREA,LOS RIOS,12,BABAHOYO,1201,"Educación Inicial, Educación General Básica y Bachillerato",Particular,80
2023-2024 Inicio,02H00639,UNIDAD EDUCATIVA MARIA AUXILIADORA,BOLIVAR,2,CALUMA,206,Educación General Básica y Bachillerato,Particular,14
2023-2024 Inicio,06H00220,UNIDAD EDUCATIVA MARIA AUXILIADORA,CHIMBORAZO,6,RIOBAMBA,601,Educación General Básica y Bachillerato,Fiscomisional,82
2023-2024 Inicio,13H01735,UNIDAD EDUCATIVA MARIA EUGENIA DURAN BALLEN,MANABI,13,FLAVIO ALFARO,1305,Educación General Básica y Bachillerato,Fiscal,114
2023-2024 Inicio,12H00329,UNIDAD EDUCATIVA MARIA LUISA DE SOTOMAYOR,LOS RIOS,12,BABAHOYO,1201,"Educación Inicial, Educación General Básica y Bachillerato",Fiscal,39
2023-2024 Inicio,09H05074,UNIDAD EDUCATIVA MARIA LUISA LUQUE DE SOTOMAYOR,GUAYAS,9,PLAYAS,921,"Educación Inicial, Educación General Básica y Bachillerato",Particular,44
2023-2024 Inicio,23H00385,UNIDAD EDUCATIVA MARIANO AGUILERA,SANTO DOMINGO DE LOS TSACHILAS,23,SANTO DOMINGO,2301,"Educación Inicial, Educación General Básica y Bachillerato",Fiscal,209
2023-2024 Inicio,18H00505,UNIDAD EDUCATIVA MARIANO BENITEZ,TUNGURAHUA,18,SAN PEDRO DE PELILEO,1807,Educación General Básica y Bachillerato,Fiscal,186
2023-2024 Inicio,18H00509,UNIDAD EDUCATIVA MARIANO BENITEZ TORRES,TUNGURAHUA,18,SAN PEDRO DE PELILEO,1807,"Educación Inicial, Educación General Básica y Bachillerato",Fiscal,17
2023-2024 Inicio,05H00784,UNIDAD EDUCATIVA MARIANO MONTES,COTOPAXI,5,SIGCHOS,507,"Educación Inicial, Educación General Básica y Bachillerato",Fiscal,15
2023-2024 Inicio,10H00099,UNIDAD EDUCATIVA MARIANO SUAREZ VEINTIMILLA,IMBABURA,10,IBARRA,1001,"Educación Inicial, Educación General Básica y Bachillerato",Fiscal,108
2023-2024 Inicio,09H06673,UNIDAD EDUCATIVA MARIETA DE VEINTIMILLA MARCONI,GUAYAS,9,GUAYAQUIL,901,Educación General Básica y Bachillerato,Fiscal,159
2023-2024 Inicio,12H01253,UNIDAD EDUCATIVA MARINA CASTILLO DE YEPEZ,LOS RIOS,12,VENTANAS,1207,Educación General Básica y Bachillerato,Fiscal,24
2023-2024 Inicio,04H00341,UNIDAD EDUCATIVA MARIO OÑA PERDOMO,CARCHI,4,MONTUFAR,405,"Educación Inicial, Educación General Básica y Bachillerato",Fiscal,116
2023-2024 Inicio,19H00143,UNIDAD EDUCATIVA MARIO PALTIN LAVANDA,ZAMORA CHINCHIPE,19,CHINCHIPE,1902,"Educación Inicial, Educación General Básica y Bachillerato",Fiscal,10
2023-2024 Inicio,01H00233,UNIDAD EDUCATIVA MARIO RIZZINI,AZUAY,1,CUENCA,101,"Educación Inicial, Educación General Básica y Bachillerato",Fiscal,48
2023-2024 Inicio,03H00187,UNIDAD EDUCATIVA MARISCAL ANTONIO JOSE DE SUCRE,CAÑAR,3,AZOGUES,301,Educación General Básica y Bachillerato,Fiscal,10
2023-2024 Inicio,06H00567,UNIDAD EDUCATIVA MARISCAL ANTONIO JOSE DE SUCRE,CHIMBORAZO,6,ALAUSI,602,"Educación Inicial, Educación General Básica y Bachillerato",Fiscal,32
2023-2024 Inicio,18H00424,UNIDAD EDUCATIVA MARISCAL ANTONIO JOSE DE SUCRE,TUNGURAHUA,18,PATATE,1805,"Educación Inicial, Educación General Básica y Bachillerato",Fiscal,24
2023-2024 Inicio,13H05371,UNIDAD EDUCATIVA MARISCAL DE AYACUCHO,MANABI,13,SANTA ANA,1313,"Educación Inicial, Educación General Básica y Bachillerato",Fiscal,123
2023-2024 Inicio,04H00421,UNIDAD EDUCATIVA MARISCAL SUCRE,CARCHI,4,SAN PEDRO DE HUACA,406,"Educación Inicial, Educación General Básica y Bachillerato",Fiscal,20
2023-2024 Inicio,09H05366,UNIDAD EDUCATIVA MARISCAL SUCRE,GUAYAS,9,GUAYAQUIL,901,"Educación Inicial, Educación General Básica y Bachillerato",Particular,102
2023-2024 Inicio,09H04250,UNIDAD EDUCATIVA MARISCAL SUCRE,GUAYAS,9,MILAGRO,910,"Educación Inicial, Educación General Básica, Bachillerato y Ofertas Intensivas",Fiscal,100
2023-2024 Inicio,13H01765,UNIDAD EDUCATIVA MARISCAL SUCRE,MANABI,13,FLAVIO ALFARO,1305,"Educación Inicial, Educación General Básica y Bachillerato",Fiscal,12
2023-2024 Inicio,23H00117,UNIDAD EDUCATIVA MARISCAL SUCRE,SANTO DOMINGO DE LOS TSACHILAS,23,SANTO DOMINGO,2301,Educación General Básica y Bachillerato,Fiscal,79
2023-2024 Inicio,24H00027,UNIDAD EDUCATIVA MARISCAL SUCRE,SANTA ELENA,24,SANTA ELENA,2401,"Educación Inicial, Educación General Básica y Bachillerato",Fiscal,24
2023-2024 Inicio,09H04262,UNIDAD EDUCATIVA MATA DE PLATANO,GUAYAS,9,SIMON BOLIVAR,922,"Educación Inicial, Educación General Básica y Bachillerato",Fiscal,8
2023-2024 Inicio,09H03363,UNIDAD EDUCATIVA MATILDE HIDALGO DE PROCEL,GUAYAS,9,SALITRE,919,"Educación Inicial, Educación General Básica y Bachillerato",Fiscal,48
2023-2024 Inicio,23H00707,UNIDAD EDUCATIVA MATILDE HIDALGO DE PROCEL,SANTO DOMINGO DE LOS TSACHILAS,23,SANTO DOMINGO,2301,"Educación Inicial, Educación General Básica y Bachillerato",Fiscal,55
2023-2024 Inicio,18H00222,UNIDAD EDUCATIVA MAYOR GALO MIÑO JARRIN,TUNGURAHUA,18,AMBATO,1801,"Educación Inicial, Educación General Básica y Bachillerato",Particular,22
2023-2024 Inicio,22H00130,UNIDAD EDUCATIVA MEDARDO ANGEL SILVA,ORELLANA,22,ORELLANA,2201,"Educación Inicial, Educación General Básica y Bachillerato",Fiscal,22
2023-2024 Inicio,17H00438,UNIDAD EDUCATIVA MEJIA D7,PICHINCHA,17,QUITO,1701,"Educación Inicial, Educación General Básica y Bachillerato",Fiscal,181
2023-2024 Inicio,09H03763,UNIDAD EDUCATIVA MELVIN JONES,GUAYAS,9,EL EMPALME,908,"Educación Inicial, Educación General Básica y Bachillerato",Fiscal,26
2023-2024 Inicio,13H00831,UNIDAD EDUCATIVA MEMBRILLO,MANABI,13,BOLIVAR,1302,"Educación Inicial, Educación General Básica, Bachillerato y Ofertas Intensivas",Fiscal,37
2023-2024 Inicio,13H01014,UNIDAD EDUCATIVA MERCEDES AVEIGA DE ZAMBRANO,MANABI,13,CHONE,1303,Educación General Básica y Bachillerato,Fiscal,16
2023-2024 Inicio,06H00243,UNIDAD EDUCATIVA MERCEDES DE JESUS MOLINA,CHIMBORAZO,6,RIOBAMBA,601,Educación General Básica y Bachillerato,Fiscomisional,56
2023-2024 Inicio,08H00464,UNIDAD EDUCATIVA MEXICO 29,ESMERALDAS,8,ELOY ALFARO,802,"Educación Inicial, Educación General Básica, Bachillerato y Ofertas Intensivas",Fiscal,103
2023-2024 Inicio,13H05392,UNIDAD EDUCATIVA MIGDONIO GELACIO CEVALLOS,MANABI,13,EL CARMEN,1304,"Educación Inicial, Educación General Básica y Bachillerato",Fiscal,15
2023-2024 Inicio,20H00026,UNIDAD EDUCATIVA MIGUEL ANGEL CAZARES,GALAPAGOS,20,SANTA CRUZ,2003,Educación General Básica y Bachillerato,Fiscal,76
2023-2024 Inicio,07H01025,UNIDAD EDUCATIVA MIGUEL ANGEL CORRAL,EL ORO,7,PORTOVELO,711,"Educación Inicial, Educación General Básica y Bachillerato",Fiscal,19
2023-2024 Inicio,12H00339,UNIDAD EDUCATIVA MIGUEL ANGEL SAMANIEGO JIMENEZ,LOS RIOS,12,BABAHOYO,1201,Educación General Básica y Bachillerato,Particular,10
2023-2024 Inicio,06H01228,UNIDAD EDUCATIVA MIGUEL ANGEL ZAMBRANO,CHIMBORAZO,6,PALLATANGA,608,"Educación Inicial, Educación General Básica y Bachillerato",Fiscal,17
2023-2024 Inicio,05H00485,UNIDAD EDUCATIVA MIGUEL DE CERVANTES,COTOPAXI,5,PUJILI,504,"Educación Inicial, Educación General Básica y Bachillerato",Fiscal,13
2023-2024 Inicio,17H00871,UNIDAD EDUCATIVA MIGUEL DEL HIERRO ,PICHINCHA,17,QUITO,1701,Educación General Básica y Bachillerato,Fiscomisional,28
2023-2024 Inicio,01H00605,UNIDAD EDUCATIVA MIGUEL DIAZ CUEVA,AZUAY,1,CUENCA,101,"Educación Inicial, Educación General Básica y Bachillerato",Fiscal,13
2023-2024 Inicio,01H00986,UNIDAD EDUCATIVA MIGUEL MALO GONZALEZ,AZUAY,1,GUALACEO,103,"Educación Inicial, Educación General Básica, Bachillerato y Ofertas Intensivas",Fiscal,61
2023-2024 Inicio,01H00394,UNIDAD EDUCATIVA MIGUEL MERCHAN OCHOA,AZUAY,1,CUENCA,101,"Educación Inicial, Educación General Básica, Bachillerato y Ofertas Intensivas",Fiscal,151
2023-2024 Inicio,01H00429,UNIDAD EDUCATIVA MIGUEL MORENO ORDOÑEZ,AZUAY,1,CUENCA,101,Educación General Básica y Bachillerato,Fiscal,121
2023-2024 Inicio,08H02143,UNIDAD EDUCATIVA MIGUEL RIOFRIO,ESMERALDAS,8,QUININDE,804,"Educación Inicial, Educación General Básica y Bachillerato",Fiscal,14
2023-2024 Inicio,09H04149,UNIDAD EDUCATIVA MILAGRO,GUAYAS,9,MILAGRO,910,"Educación Inicial, Educación General Básica y Bachillerato",Fiscal,227
2023-2024 Inicio,06H00215,UNIDAD EDUCATIVA MILTON REYES,CHIMBORAZO,6,RIOBAMBA,601,"Educación Inicial, Educación General Básica y Bachillerato",Fiscal,51
2023-2024 Inicio,09H05609,UNIDAD EDUCATIVA MIS PRIMEROS PASOS,GUAYAS,9,MILAGRO,910,"Educación Inicial, Educación General Básica y Bachillerato",Particular,15
2023-2024 Inicio,15H00125,UNIDAD EDUCATIVA MISAHUALLI,NAPO,15,TENA,1501,"Educación Inicial, Educación General Básica y Bachillerato",Fiscal,29
2023-2024 Inicio,12H01953,UNIDAD EDUCATIVA MOCACHE,LOS RIOS,12,MOCACHE,1212,"Educación General Básica, Bachillerato y Ofertas Intensivas",Fiscal,380
2023-2024 Inicio,09H04124,UNIDAD EDUCATIVA MODERNA,GUAYAS,9,MILAGRO,910,"Educación Inicial, Educación General Básica y Bachillerato",Particular,31
2023-2024 Inicio,08H00127,UNIDAD EDUCATIVA MODESTO ENRIQUE SUAREZ PIMENTEL,ESMERALDAS,8,ESMERALDAS,801,"Educación Inicial, Educación General Básica y Bachillerato",Fiscal,41
2023-2024 Inicio,01H00621,UNIDAD EDUCATIVA MOLLETURO,AZUAY,1,CUENCA,101,Educación General Básica y Bachillerato,Fiscal,50
2023-2024 Inicio,23H00836,UNIDAD EDUCATIVA MONS EMILIO LORENZO STEHLE,SANTO DOMINGO DE LOS TSACHILAS,23,SANTO DOMINGO,2301,"Educación Inicial, Educación General Básica y Bachillerato",Fiscal,55
2023-2024 Inicio,22H00445,UNIDAD EDUCATIVA MONSEÑOR ALEJANDRO LABACA UGARTE,ORELLANA,22,LORETO,2204,"Educación Inicial, Educación General Básica y Bachillerato",Fiscal,15
2023-2024 Inicio,09H04390,UNIDAD EDUCATIVA MONSEÑOR JUAN WIESNETH,GUAYAS,9,NARANJITO,912,"Educación Inicial, Educación General Básica, Bachillerato y Ofertas Intensivas",Fiscal,78
2023-2024 Inicio,02B00118,UNIDAD EDUCATIVA MONSEÑOR LEONIDAS PROAÑO,BOLIVAR,2,SAN MIGUEL,205,Educación General Básica y Bachillerato,Fiscal,26
2023-2024 Inicio,13H00787,UNIDAD EDUCATIVA MONSERRATE ALAVA DE GONZALEZ,MANABI,13,BOLIVAR,1302,"Educación Inicial, Educación General Básica, Bachillerato y Ofertas Intensivas",Fiscal,114
2023-2024 Inicio,12H00514,UNIDAD EDUCATIVA MONTALVO,LOS RIOS,12,MONTALVO,1203,Educación General Básica y Bachillerato,Fiscal,28
2023-2024 Inicio,04H00181,UNIDAD EDUCATIVA MONTE OLIVO,CARCHI,4,BOLIVAR,402,"Educación Inicial, Educación General Básica y Bachillerato",Fiscal,24
2023-2024 Inicio,13H04825,UNIDAD EDUCATIVA MONTE OLIVO,MANABI,13,MONTECRISTI,1309,"Educación Inicial, Educación General Básica y Bachillerato",Fiscal,12
2023-2024 Inicio,13H02678,UNIDAD EDUCATIVA MONTECRISTI,MANABI,13,MONTECRISTI,1309,Educación General Básica y Bachillerato,Particular,23
2023-2024 Inicio,24H00327,UNIDAD EDUCATIVA MUEY,SANTA ELENA,24,SALINAS,2403,Educación General Básica y Bachillerato,Fiscal,234
2023-2024 Inicio,05H00158,UNIDAD EDUCATIVA MULALO,COTOPAXI,5,LATACUNGA,501,"Educación Inicial, Educación General Básica y Bachillerato",Fiscal,47
2023-2024 Inicio,06H00605,UNIDAD EDUCATIVA MULTITUD,CHIMBORAZO,6,ALAUSI,602,"Educación Inicial, Educación General Básica y Bachillerato",Fiscal,18
2023-2024 Inicio,09H03077,UNIDAD EDUCATIVA MUNDO DE ALEGRIA,GUAYAS,9,BALZAR,904,"Educación Inicial, Educación General Básica y Bachillerato",Particular,24
2023-2024 Inicio,09H01342,UNIDAD EDUCATIVA MUNDO HISPANO,GUAYAS,9,GUAYAQUIL,901,"Educación Inicial, Educación General Básica y Bachillerato",Particular,14
2023-2024 Inicio,04H00001,UNIDAD EDUCATIVA MUNICIPAL 1RO DE MAYO,CARCHI,4,TULCAN,401,Educación General Básica y Bachillerato,Municipal,13
2023-2024 Inicio,13H01544,UNIDAD EDUCATIVA MUNICIPAL 4 DE DICIEMBRE,MANABI,13,EL CARMEN,1304,Educación General Básica y Bachillerato,Municipal,50
2023-2024 Inicio,17H02077,UNIDAD EDUCATIVA MUNICIPAL ALFREDO PÉREZ GUERRERO,PICHINCHA,17,QUITO,1701,Educación General Básica y Bachillerato,Municipal,12
2023-2024 Inicio,17H00740,UNIDAD EDUCATIVA MUNICIPAL ANTONIO JOSÉ DE SUCRE,PICHINCHA,17,QUITO,1701,"Educación General Básica, Bachillerato y Ofertas Intensivas",Municipal,210
2023-2024 Inicio,17H00139,UNIDAD EDUCATIVA MUNICIPAL COTOCOLLAO,PICHINCHA,17,QUITO,1701,"Educación General Básica, Bachillerato y Ofertas Intensivas",Municipal,28
2023-2024 Inicio,17H00872,UNIDAD EDUCATIVA MUNICIPAL EUGENIO ESPEJO,PICHINCHA,17,QUITO,1701,"Educación General Básica, Bachillerato y Ofertas Intensivas",Municipal,218
2023-2024 Inicio,17H02762,UNIDAD EDUCATIVA MUNICIPAL EXPERIMENTAL DEL MILENIO BICENTENARIO,PICHINCHA,17,QUITO,1701,"Educación Inicial, Educación General Básica, Bachillerato y Ofertas Intensivas",Municipal,133
2023-2024 Inicio,17H00758,UNIDAD EDUCATIVA MUNICIPAL FERNÁNDEZ MADRID,PICHINCHA,17,QUITO,1701,"Educación General Básica, Bachillerato y Ofertas Intensivas",Municipal,289
2023-2024 Inicio,13H04462,UNIDAD EDUCATIVA MUNICIPAL FLAVIO PALACIOS GARCIA,MANABI,13,MONTECRISTI,1309,"Educación Inicial, Educación General Básica y Bachillerato",Municipal,15
2023-2024 Inicio,17H00244,UNIDAD EDUCATIVA MUNICIPAL HUMBERTO MATA MARTINEZ,PICHINCHA,17,QUITO,1701,"Educación General Básica, Bachillerato y Ofertas Intensivas",Municipal,21
2023-2024 Inicio,17H03342,UNIDAD EDUCATIVA MUNICIPAL JOSÉ RICARDO CHIRIBOGA V,PICHINCHA,17,QUITO,1701,"Educación General Básica, Bachillerato y Ofertas Intensivas",Municipal,47
2023-2024 Inicio,17H01311,UNIDAD EDUCATIVA MUNICIPAL JULIO ENRIQUE MORENO,PICHINCHA,17,QUITO,1701,Educación General Básica y Bachillerato,Municipal,101
2023-2024 Inicio,17H01505,UNIDAD EDUCATIVA MUNICIPAL JULIO MORENO PEÑAHERRERA,PICHINCHA,17,QUITO,1701,Educación General Básica y Bachillerato,Municipal,34
2023-2024 Inicio,17H01444,UNIDAD EDUCATIVA MUNICIPAL MANUEL CABEZA DE VACA,PICHINCHA,17,QUITO,1701,"Educación General Básica, Bachillerato y Ofertas Intensivas",Municipal,37
2023-2024 Inicio,17H00884,UNIDAD EDUCATIVA MUNICIPAL NUEVE DE OCTUBRE,PICHINCHA,17,QUITO,1701,"Educación General Básica, Bachillerato y Ofertas Intensivas",Municipal,19
2023-2024 Inicio,17H01275,UNIDAD EDUCATIVA MUNICIPAL OSWALDO LOMBEYDA,PICHINCHA,17,QUITO,1701,Educación General Básica y Bachillerato,Municipal,85
2023-2024 Inicio,17H01938,UNIDAD EDUCATIVA MUNICIPAL PEDRO PABLO TRAVERSARI,PICHINCHA,17,QUITO,1701,Educación General Básica y Bachillerato,Municipal,40
2023-2024 Inicio,17H01395,UNIDAD EDUCATIVA MUNICIPAL QUITUMBE,PICHINCHA,17,QUITO,1701,Educación General Básica y Bachillerato,Municipal,111
2023-2024 Inicio,17H02084,UNIDAD EDUCATIVA MUNICIPAL RAFAEL ALVARADO,PICHINCHA,17,QUITO,1701,"Educación General Básica, Bachillerato y Ofertas Intensivas",Municipal,72
2023-2024 Inicio,17H01806,UNIDAD EDUCATIVA MUNICIPAL SAN FRANCISCO DE QUITO,PICHINCHA,17,QUITO,1701,"Educación General Básica, Bachillerato y Ofertas Intensivas",Municipal,131
2023-2024 Inicio,17H00003,UNIDAD EDUCATIVA MUNICIPAL SEBASTIAN DE BENALCAZAR,PICHINCHA,17,QUITO,1701,Educación General Básica y Bachillerato,Municipal,143
2023-2024 Inicio,22H00384,UNIDAD EDUCATIVA MUNICIPIO DE LORETO,ORELLANA,22,LORETO,2204,"Educación Inicial, Educación General Básica y Bachillerato",Fiscal,100
2023-2024 Inicio,16H00114,UNIDAD EDUCATIVA MUSHULLACTA,PASTAZA,16,PASTAZA,1601,"Educación Inicial, Educación General Básica y Bachillerato",Fiscal,29
2023-2024 Inicio,20H00023,UNIDAD EDUCATIVA NACIONAL GALÁPAGOS,GALAPAGOS,20,SANTA CRUZ,2003,Educación General Básica y Bachillerato,Fiscal,114
2023-2024 Inicio,15H00034,UNIDAD EDUCATIVA NACIONAL TENA,NAPO,15,TENA,1501,"Educación Inicial, Educación General Básica, Bachillerato y Ofertas Intensivas",Fiscal,230
2023-2024 Inicio,11H00973,UNIDAD EDUCATIVA NAMBACOLA,LOJA,11,GONZANAMA,1107,"Educación Inicial, Educación General Básica y Bachillerato",Fiscal,35
2023-2024 Inicio,17H01843,UNIDAD EDUCATIVA NANEGAL,PICHINCHA,17,QUITO,1701,"Educación Inicial, Educación General Básica y Bachillerato",Fiscal,19
2023-2024 Inicio,17H01857,UNIDAD EDUCATIVA NANEGALITO,PICHINCHA,17,QUITO,1701,"Educación Inicial, Educación General Básica y Bachillerato",Fiscal,46
2023-2024 Inicio,21H00142,UNIDAD EDUCATIVA NAPO,SUCUMBIOS,21,LAGO AGRIO,2101,"Educación Inicial, Educación General Básica, Bachillerato y Ofertas Intensivas",Fiscal,548
2023-2024 Inicio,09H04350,UNIDAD EDUCATIVA NARANJAL,GUAYAS,9,NARANJAL,911,"Educación Inicial, Educación General Básica y Bachillerato",Fiscal,41
2023-2024 Inicio,09H05172,UNIDAD EDUCATIVA NARCISA DE JESUS,GUAYAS,9,NOBOL,925,"Educación Inicial, Educación General Básica y Bachillerato",Particular,27
2023-2024 Inicio,05H00287,UNIDAD EDUCATIVA NARCISO CERDA MALDONADO,COTOPAXI,5,LA MANA,502,"Educación Inicial, Educación General Básica y Bachillerato",Fiscal,149
2023-2024 Inicio,17H02202,UNIDAD EDUCATIVA NATALIA JARRIN DE ESPINOZA,PICHINCHA,17,CAYAMBE,1702,"Educación Inicial, Educación General Básica, Bachillerato y Ofertas Intensivas",Fiscal,442
2023-2024 Inicio,17H02158,UNIDAD EDUCATIVA NELSON TORRES,PICHINCHA,17,CAYAMBE,1702,"Educación Inicial, Bachillerato y Ofertas Intensivas",Fiscal,543
2023-2024 Inicio,05H00665,UNIDAD EDUCATIVA NÉSTOR MOGOLLÓN,COTOPAXI,5,SALCEDO,505,"Educación Inicial, Educación General Básica y Bachillerato",Fiscal,23
2023-2024 Inicio,01H01067,UNIDAD EDUCATIVA NICANOR AGUILAR MALDONADO,AZUAY,1,GUALACEO,103,"Educación Inicial, Educación General Básica y Bachillerato",Fiscal,26
2023-2024 Inicio,13H05388,UNIDAD EDUCATIVA NICASIO ZAMBRANO GILER,MANABI,13,ROCAFUERTE,1312,"Educación Inicial, Educación General Básica y Bachillerato",Fiscal,13
2023-2024 Inicio,12H00732,UNIDAD EDUCATIVA NICOLAS INFANTE DIAZ,LOS RIOS,12,QUEVEDO,1205,Educación General Básica y Bachillerato,Fiscal,636
2023-2024 Inicio,12H01492,UNIDAD EDUCATIVA NICOLAS INFANTE DIAZ,LOS RIOS,12,PALENQUE,1209,"Educación Inicial, Educación General Básica y Bachillerato",Fiscal,91
2023-2024 Inicio,18H00291,UNIDAD EDUCATIVA NICOLAS MARTINEZ,TUNGURAHUA,18,AMBATO,1801,"Educación Inicial, Educación General Básica y Bachillerato",Fiscal,23
2023-2024 Inicio,18H00292,UNIDAD EDUCATIVA NICOLAS VASCONEZ,TUNGURAHUA,18,AMBATO,1801,"Educación Inicial, Educación General Básica y Bachillerato",Fiscal,6
2023-2024 Inicio,17H02182,UNIDAD EDUCATIVA NIKOLA TESLA,PICHINCHA,17,CAYAMBE,1702,Educación General Básica y Bachillerato,Particular,1
2023-2024 Inicio,06B00112,UNIDAD EDUCATIVA NIZAG INDIGENA,CHIMBORAZO,6,ALAUSI,602,"Educación Inicial, Educación General Básica, Bachillerato y Ofertas Intensivas",Fiscal,17
2023-2024 Inicio,06H00017,UNIDAD EDUCATIVA NUESTRA SEÑORA DE FATIMA,CHIMBORAZO,6,RIOBAMBA,601,"Educación Inicial, Educación General Básica y Bachillerato",Particular,60
2023-2024 Inicio,09H03732,UNIDAD EDUCATIVA NUESTRA SEÑORA DE FATIMA,GUAYAS,9,EL EMPALME,908,"Educación Inicial, Educación General Básica y Bachillerato",Particular,19
2023-2024 Inicio,09H05632,UNIDAD EDUCATIVA NUESTRA SEÑORA DE LA SABIDURIA,GUAYAS,9,LOMAS DE SARGENTILLO,924,"Educación Inicial, Educación General Básica y Bachillerato",Particular,34
2023-2024 Inicio,05H00672,UNIDAD EDUCATIVA NUESTRA SEÑORA DE POMPEYA,COTOPAXI,5,SAQUISILI,506,"Educación Inicial, Educación General Básica y Bachillerato",Particular,21
2023-2024 Inicio,09H03411,UNIDAD EDUCATIVA NUESTRA SEÑORA DEL CARMEN,GUAYAS,9,LOMAS DE SARGENTILLO,924,"Educación Inicial, Educación General Básica y Bachillerato",Particular,32
2023-2024 Inicio,17H00918,UNIDAD EDUCATIVA NUESTRA SEÑORA DEL CISNE,PICHINCHA,17,QUITO,1701,Educación General Básica y Bachillerato,Particular,62
2023-2024 Inicio,09H03078,UNIDAD EDUCATIVA NUESTRA SEÑORA DEL ROSARIO,GUAYAS,9,BALZAR,904,"Educación Inicial, Educación General Básica y Bachillerato",Particular,34
2023-2024 Inicio,24H00314,UNIDAD EDUCATIVA NUESTRO MUNDO,SANTA ELENA,24,SALINAS,2403,"Educación Inicial, Educación General Básica y Bachillerato",Particular,20
2023-2024 Inicio,06H00097,UNIDAD EDUCATIVA NUESTRO MUNDO ECO RIO,CHIMBORAZO,6,RIOBAMBA,601,"Educación Inicial, Educación General Básica y Bachillerato",Particular,32
2023-2024 Inicio,09H03201,UNIDAD EDUCATIVA NUEVA AURORA,GUAYAS,9,DAULE,906,Educación General Básica y Bachillerato,Fiscal,167
2023-2024 Inicio,08H01164,UNIDAD EDUCATIVA NUEVA CONCORDIA,SANTO DOMINGO DE LOS TSACHILAS,23,LA CONCORDIA,2302,"Educación General Básica, Bachillerato y Ofertas Intensivas",Fiscal,168
2023-2024 Inicio,18H00911,UNIDAD EDUCATIVA NUEVA ERA,TUNGURAHUA,18,AMBATO,1801,"Educación Inicial, Educación General Básica y Bachillerato",Particular,14
2023-2024 Inicio,18H00652,UNIDAD EDUCATIVA NUEVA ESPERANZA,TUNGURAHUA,18,AMBATO,1801,"Educación Inicial, Educación General Básica y Bachillerato",Particular,5
2023-2024 Inicio,05H00033,UNIDAD EDUCATIVA NUEVA GENERACION,COTOPAXI,5,LATACUNGA,501,"Educación Inicial, Educación General Básica y Bachillerato",Particular,11
2023-2024 Inicio,08H00798,UNIDAD EDUCATIVA NUEVA JERUSALÉN,ESMERALDAS,8,QUININDE,804,"Educación Inicial, Educación General Básica y Bachillerato",Fiscal,25
2023-2024 Inicio,06H00497,UNIDAD EDUCATIVA NUEVO MUNDO,CHIMBORAZO,6,RIOBAMBA,601,Educación General Básica y Bachillerato,Particular,19
2023-2024 Inicio,17H01108,UNIDAD EDUCATIVA NUEVO MUNDO,PICHINCHA,17,QUITO,1701,"Educación Inicial, Educación General Básica y Bachillerato",Particular,25
2023-2024 Inicio,18H00207,UNIDAD EDUCATIVA NUEVO MUNDO,TUNGURAHUA,18,AMBATO,1801,Educación General Básica y Bachillerato,Particular,54
2023-2024 Inicio,22H00531,UNIDAD EDUCATIVA NUEVO ROCAFUERTE,ORELLANA,22,AGUARICO,2202,"Educación Inicial, Educación General Básica y Bachillerato",Fiscal,18
2023-2024 Inicio,01H00700,UNIDAD EDUCATIVA NULTI,AZUAY,1,CUENCA,101,"Educación Inicial, Educación General Básica y Bachillerato",Fiscal,20
2023-2024 Inicio,09H00169,UNIDAD EDUCATIVA NUMA POMPILIO LLONA,GUAYAS,9,GUAYAQUIL,901,Educación General Básica y Bachillerato,Fiscal,139
2023-2024 Inicio,01H00187,UNIDAD EDUCATIVA OCTAVIO CORDERO PALACIOS,AZUAY,1,CUENCA,101,"Educación General Básica, Bachillerato y Ofertas Intensivas",Fiscal,74
2023-2024 Inicio,07H00880,UNIDAD EDUCATIVA OLIVA CARDENAS DE SANCHEZ,EL ORO,7,PASAJE,709,"Educación Inicial, Educación General Básica y Bachillerato",Fiscal,23
2023-2024 Inicio,09H03210,UNIDAD EDUCATIVA OLMEDO,GUAYAS,9,DAULE,906,"Educación Inicial, Educación General Básica y Bachillerato",Particular,116
2023-2024 Inicio,17H03659,UNIDAD EDUCATIVA OLMEDO PESILLO,PICHINCHA,17,CAYAMBE,1702,"Educación Inicial, Educación General Básica y Bachillerato",Fiscal,56
2023-2024 Inicio,06H00044,UNIDAD EDUCATIVA ONCE DE NOVIEMBRE,CHIMBORAZO,6,RIOBAMBA,601,"Educación Inicial, Educación General Básica y Bachillerato",Fiscal,151
2023-2024 Inicio,06H01076,UNIDAD EDUCATIVA ONCE DE NOVIEMBRE,CHIMBORAZO,6,GUANO,607,"Educación Inicial, Educación General Básica, Bachillerato y Ofertas Intensivas",Fiscal,8
2023-2024 Inicio,11H01222,UNIDAD EDUCATIVA ORIANGA,LOJA,11,PALTAS,1109,"Educación Inicial, Educación General Básica y Bachillerato",Fiscal,18
2023-2024 Inicio,19H00409,UNIDAD EDUCATIVA ORIENTE ECUATORIANO,ZAMORA CHINCHIPE,19,PALANDA,1908,"Educación Inicial, Educación General Básica, Bachillerato y Ofertas Intensivas",Fiscal,72
2023-2024 Inicio,11H01477,UNIDAD EDUCATIVA ORILLAS DEL JUBONES,LOJA,11,SARAGURO,1111,"Educación Inicial, Educación General Básica y Bachillerato",Fiscal,12
2023-2024 Inicio,18H00346,UNIDAD EDUCATIVA OSCAR EFREN REYES,TUNGURAHUA,18,BAÑOS DE AGUA SANTA,1802,Educación General Básica y Bachillerato,Fiscal,128
2023-2024 Inicio,23H00757,UNIDAD EDUCATIVA OSWALDO  GUAYASAMIN,SANTO DOMINGO DE LOS TSACHILAS,23,SANTO DOMINGO,2301,Educación General Básica y Bachillerato,Fiscal,53
2023-2024 Inicio,12H00948,UNIDAD EDUCATIVA OSWALDO VILLAMIL AUZ,LOS RIOS,12,QUEVEDO,1205,"Educación Inicial, Educación General Básica y Bachillerato",Fiscal,37
2023-2024 Inicio,10H00411,UNIDAD EDUCATIVA OTAVALO,IMBABURA,10,OTAVALO,1004,"Educación Inicial, Educación General Básica y Bachillerato",Fiscal,352
2023-2024 Inicio,01H00116,UNIDAD EDUCATIVA OTTO AROSEMENA GOMEZ,AZUAY,1,CUENCA,101,"Educación Inicial, Educación General Básica y Bachillerato",Fiscal,37
2023-2024 Inicio,09H04225,UNIDAD EDUCATIVA OTTO AROSEMENA GOMEZ,GUAYAS,9,MILAGRO,910,"Educación Inicial, Educación General Básica y Bachillerato",Fiscal,256
2023-2024 Inicio,11H00659,UNIDAD EDUCATIVA OVIDIO DECROLY,LOJA,11,CATAMAYO,1103,"Educación Inicial, Educación General Básica y Bachillerato",Fiscal,57
2023-2024 Inicio,05H00599,UNIDAD EDUCATIVA OXFORD,COTOPAXI,5,SALCEDO,505,"Educación Inicial, Educación General Básica y Bachillerato",Particular,68
2023-2024 Inicio,12H00044,UNIDAD EDUCATIVA P MARCOS BENETAZZO,LOS RIOS,12,BABAHOYO,1201,Educación General Básica y Bachillerato,Particular,172
2023-2024 Inicio,13H00150,UNIDAD EDUCATIVA PABLO HANNIBAL VELA,MANABI,13,PORTOVIEJO,1301,"Educación Inicial, Educación General Básica y Bachillerato",Fiscal,75
2023-2024 Inicio,13H01718,UNIDAD EDUCATIVA PABLO ZAMORA SALGADO,MANABI,13,FLAVIO ALFARO,1305,"Educación Inicial, Educación General Básica y Bachillerato",Fiscal,66
2023-2024 Inicio,21H00321,UNIDAD EDUCATIVA PACAYACU,SUCUMBIOS,21,LAGO AGRIO,2101,"Educación Inicial, Educación General Básica y Bachillerato",Fiscal,85
2023-2024 Inicio,01H00721,UNIDAD EDUCATIVA PACCHA,AZUAY,1,CUENCA,101,"Educación Inicial, Educación General Básica, Bachillerato y Ofertas Intensivas",Fiscal,56
2023-2024 Inicio,12H01817,UNIDAD EDUCATIVA PACTO ANDINO,LOS RIOS,12,VALENCIA,1211,"Educación Inicial, Educación General Básica y Bachillerato",Fiscal,26
2023-2024 Inicio,09H05597,UNIDAD EDUCATIVA PADRE DANIEL DIEZ GARCIA,GUAYAS,9,SIMON BOLIVAR,922,"Educación Inicial, Educación General Básica y Bachillerato",Particular,21
2023-2024 Inicio,07H01194,UNIDAD EDUCATIVA PADRE JUAN DE VELASCO,EL ORO,7,LAS LAJAS,714,"Educación Inicial, Educación General Básica y Bachillerato",Fiscal,36
2023-2024 Inicio,11H00162,UNIDAD EDUCATIVA PADRE JULIAN LORENTE,LOJA,11,LOJA,1101,"Educación Inicial, Educación General Básica y Bachillerato",Fiscal,22
2023-2024 Inicio,09H04438,UNIDAD EDUCATIVA PALESTINA,GUAYAS,9,PALESTINA,913,"Educación General Básica, Bachillerato y Ofertas Intensivas",Fiscal,246
2023-2024 Inicio,24H00061,UNIDAD EDUCATIVA PALMAR,SANTA ELENA,24,SANTA ELENA,2401,"Educación General Básica, Bachillerato y Ofertas Intensivas",Fiscal,119
2023-2024 Inicio,23H00618,UNIDAD EDUCATIVA PALMAR DEL BIMBE,SANTO DOMINGO DE LOS TSACHILAS,23,SANTO DOMINGO,2301,"Educación Inicial, Educación General Básica y Bachillerato",Fiscal,15
2023-2024 Inicio,14H00236,UNIDAD EDUCATIVA PALORA,MORONA SANTIAGO,14,PALORA,1404,"Educación General Básica, Bachillerato y Ofertas Intensivas",Fiscal,89
2023-2024 Inicio,11H01150,UNIDAD EDUCATIVA PALTAS,LOJA,11,PALTAS,1109,"Educación General Básica, Bachillerato y Ofertas Intensivas",Fiscal,130
2023-2024 Inicio,09H04098,UNIDAD EDUCATIVA PARA PERSONAS CON ESCOLARIDAD INCONCLUSA ISABEL HERRERA DE VELASQUEZ,GUAYAS,9,MILAGRO,910,Educación General Básica y Bachillerato,Fiscal,11
2023-2024 Inicio,10H00210,UNIDAD EDUCATIVA PARAMBAS,IMBABURA,10,IBARRA,1001,"Educación Inicial, Educación General Básica y Bachillerato",Fiscal,42
2023-2024 Inicio,17H02718,UNIDAD EDUCATIVA PARTICULAR  ANDREW,PICHINCHA,17,QUITO,1701,Educación General Básica y Bachillerato,Particular,79
2023-2024 Inicio,17H01460,UNIDAD EDUCATIVA PARTICULAR  ANTARES,PICHINCHA,17,QUITO,1701,"Educación Inicial, Educación General Básica y Bachillerato",Particular,26
2023-2024 Inicio,17H04293,UNIDAD EDUCATIVA PARTICULAR  ATLANTIS DEL VALLE,PICHINCHA,17,QUITO,1701,"Educación Inicial, Educación General Básica y Bachillerato",Particular,26
2023-2024 Inicio,09H00801,UNIDAD EDUCATIVA PARTICULAR  BATALLA DE JAMBELI,GUAYAS,9,GUAYAQUIL,901,"Educación Inicial, Educación General Básica y Bachillerato",Particular,54
2023-2024 Inicio,08H00184,UNIDAD EDUCATIVA PARTICULAR  BETHEL,ESMERALDAS,8,ESMERALDAS,801,Educación General Básica y Bachillerato,Particular,9
2023-2024 Inicio,17H01697,UNIDAD EDUCATIVA PARTICULAR  BORJA MONTSERRAT,PICHINCHA,17,QUITO,1701,"Educación Inicial, Educación General Básica y Bachillerato",Particular,24
2023-2024 Inicio,17H00376,UNIDAD EDUCATIVA PARTICULAR  CELSIS,PICHINCHA,17,QUITO,1701,"Educación Inicial, Educación General Básica y Bachillerato",Particular,3
2023-2024 Inicio,17H01708,UNIDAD EDUCATIVA PARTICULAR  CRISTIANA HENRY DAVIS,PICHINCHA,17,QUITO,1701,"Educación Inicial, Educación General Básica y Bachillerato",Particular,23
2023-2024 Inicio,17H02943,UNIDAD EDUCATIVA PARTICULAR  CRISTIANA JOHN OSTEEN,PICHINCHA,17,QUITO,1701,"Educación Inicial, Educación General Básica y Bachillerato",Particular,25
2023-2024 Inicio,08H00814,UNIDAD EDUCATIVA PARTICULAR  DR CAMILO GALLEGOS DOMÍNGUEZ,ESMERALDAS,8,QUININDE,804,Educación General Básica y Bachillerato,Particular,9
2023-2024 Inicio,07H00049,UNIDAD EDUCATIVA PARTICULAR  DR JOSÉ JARAMILLO MONTOYA,EL ORO,7,MACHALA,701,"Educación Inicial, Educación General Básica y Bachillerato",Particular,110
2023-2024 Inicio,07H00074,UNIDAD EDUCATIVA PARTICULAR  ELOY ALFARO,EL ORO,7,MACHALA,701,"Educación Inicial, Educación General Básica y Bachillerato",Particular,34
2023-2024 Inicio,14H00017,UNIDAD EDUCATIVA PARTICULAR  EMANUEL,MORONA SANTIAGO,14,MORONA,1401,"Educación Inicial, Educación General Básica y Bachillerato",Particular,15
2023-2024 Inicio,17H02801,UNIDAD EDUCATIVA PARTICULAR  EMILE JAQUES DALCROZE,PICHINCHA,17,QUITO,1701,"Educación Inicial, Educación General Básica y Bachillerato",Particular,23
2023-2024 Inicio,17H02112,UNIDAD EDUCATIVA PARTICULAR  FEDERICO ENGELS,PICHINCHA,17,QUITO,1701,"Educación Inicial, Educación General Básica y Bachillerato",Particular,15
2023-2024 Inicio,17H01723,UNIDAD EDUCATIVA PARTICULAR  FRANZ SCHUBERT,PICHINCHA,17,QUITO,1701,Educación General Básica y Bachillerato,Particular,25
2023-2024 Inicio,08H02246,UNIDAD EDUCATIVA PARTICULAR  GENERACIONES DEL FUTURO,ESMERALDAS,8,ATACAMES,806,"Educación Inicial, Educación General Básica y Bachillerato",Particular,15
2023-2024 Inicio,17H01722,UNIDAD EDUCATIVA PARTICULAR  GONZALO RUALES BENALCÁZAR,PICHINCHA,17,QUITO,1701,"Educación Inicial, Educación General Básica y Bachillerato",Particular,25
2023-2024 Inicio,17H00479,UNIDAD EDUCATIVA PARTICULAR  INEPE,PICHINCHA,17,QUITO,1701,"Educación Inicial, Educación General Básica y Bachillerato",Particular,36
2023-2024 Inicio,13H03898,UNIDAD EDUCATIVA PARTICULAR  INMACULADA MARIA AUXILIADORA,MANABI,13,PEDERNALES,1317,"Educación Inicial, Educación General Básica y Bachillerato",Particular,21
2023-2024 Inicio,17H01192,UNIDAD EDUCATIVA PARTICULAR  JOHN HARMAN,PICHINCHA,17,QUITO,1701,Educación General Básica y Bachillerato,Particular,22
2023-2024 Inicio,08H00102,UNIDAD EDUCATIVA PARTICULAR  LA INMACULADA,ESMERALDAS,8,ESMERALDAS,801,"Educación Inicial, Educación General Básica y Bachillerato",Particular,65
2023-2024 Inicio,03H00075,UNIDAD EDUCATIVA PARTICULAR  LA PROVIDENCIA,CAÑAR,3,AZOGUES,301,Educación General Básica y Bachillerato,Particular,138
2023-2024 Inicio,17H01730,UNIDAD EDUCATIVA PARTICULAR  LA SALLE,PICHINCHA,17,QUITO,1701,"Educación Inicial, Educación General Básica y Bachillerato",Particular,164
2023-2024 Inicio,01H00324,UNIDAD EDUCATIVA PARTICULAR  LAS PENCAS,AZUAY,1,CUENCA,101,"Educación Inicial, Educación General Básica y Bachillerato",Particular,32
2023-2024 Inicio,13H02571,UNIDAD EDUCATIVA PARTICULAR  LEV VIGOTSKY,MANABI,13,MANTA,1308,"Educación Inicial, Educación General Básica y Bachillerato",Particular,47
2023-2024 Inicio,17H01446,UNIDAD EDUCATIVA PARTICULAR  LOS ILINIZAS,PICHINCHA,17,QUITO,1701,"Educación Inicial, Educación General Básica y Bachillerato",Particular,65
2023-2024 Inicio,08H00055,UNIDAD EDUCATIVA PARTICULAR  MIGUEL DE UNAMUNO,ESMERALDAS,8,ESMERALDAS,801,"Educación Inicial, Educación General Básica y Bachillerato",Particular,33
2023-2024 Inicio,17H02761,UNIDAD EDUCATIVA PARTICULAR  MOISÉS ALBANY,PICHINCHA,17,QUITO,1701,Educación General Básica y Bachillerato,Particular,8
2023-2024 Inicio,17H01450,UNIDAD EDUCATIVA PARTICULAR  MONTEBELLO,PICHINCHA,17,QUITO,1701,"Educación Inicial, Educación General Básica y Bachillerato",Particular,50
2023-2024 Inicio,17H01716,UNIDAD EDUCATIVA PARTICULAR  SAINT DOMINIC SCHOOL,PICHINCHA,17,QUITO,1701,"Educación Inicial, Educación General Básica y Bachillerato",Particular,129
2023-2024 Inicio,17H01471,UNIDAD EDUCATIVA PARTICULAR  SAN ESTEBAN DEL VALLE,PICHINCHA,17,QUITO,1701,"Educación Inicial, Educación General Básica y Bachillerato",Particular,6
2023-2024 Inicio,17H01711,UNIDAD EDUCATIVA PARTICULAR  SAN VICENTE DE PAÚL,PICHINCHA,17,QUITO,1701,Educación General Básica y Bachillerato,Particular,120
2023-2024 Inicio,07H00021,UNIDAD EDUCATIVA PARTICULAR  TÍA BLANQUITA,EL ORO,7,MACHALA,701,"Educación Inicial, Educación General Básica y Bachillerato",Particular,61
2023-2024 Inicio,07H00146,UNIDAD EDUCATIVA PARTICULAR  VIRGEN DE FÁTIMA,EL ORO,7,MACHALA,701,"Educación Inicial, Educación General Básica y Bachillerato",Particular,18
2023-2024 Inicio,09H00375,"UNIDAD EDUCATIVA PARTICULAR ""CORAZON DE MARIA""",GUAYAS,9,GUAYAQUIL,901,"Educación Inicial, Educación General Básica y Bachillerato",Particular,45
2023-2024 Inicio,17H03085,"UNIDAD EDUCATIVA PARTICULAR ""EDUCACION MULTILINGÜE Y DESARROLLO DEL INDIVIDUO",PICHINCHA,17,QUITO,1701,"Educación Inicial, Educación General Básica y Bachillerato",Particular,21
2023-2024 Inicio,17H04387,"UNIDAD EDUCATIVA PARTICULAR ""EL LINAJE""  ",PICHINCHA,17,QUITO,1701,"Educación Inicial, Educación General Básica y Bachillerato",Particular,11
2023-2024 Inicio,08H01293,"UNIDAD EDUCATIVA PARTICULAR ""PRINCIPE DE PAZ""",ESMERALDAS,8,ATACAMES,806,"Educación Inicial, Educación General Básica y Bachillerato",Particular,15
2023-2024 Inicio,09H00209,"UNIDAD EDUCATIVA PARTICULAR ""STANFORD SCHOOL""",GUAYAS,9,GUAYAQUIL,901,"Educación Inicial, Educación General Básica y Bachillerato",Particular,60
2023-2024 Inicio,17H00115,UNIDAD EDUCATIVA PARTICULAR LICEO JOSE ORTEGA Y GASSET,PICHINCHA,17,QUITO,1701,"Educación Inicial, Educación General Básica y Bachillerato",Particular,65
2023-2024 Inicio,17H00119,UNIDAD EDUCATIVA PARTICULAR PITAGORAS,PICHINCHA,17,QUITO,1701,"Educación Inicial, Educación General Básica y Bachillerato",Particular,8
2023-2024 Inicio,09H01474,UNIDAD EDUCATIVA PARTICULAR 10 DE AGOSTO,GUAYAS,9,GUAYAQUIL,901,"Educación Inicial, Educación General Básica y Bachillerato",Particular,17
2023-2024 Inicio,07H00058,UNIDAD EDUCATIVA PARTICULAR 16 DE JUNIO,EL ORO,7,MACHALA,701,"Educación Inicial, Educación General Básica y Bachillerato",Particular,64
2023-2024 Inicio,07H00279,UNIDAD EDUCATIVA PARTICULAR 24 DE MAYO,EL ORO,7,MACHALA,701,"Educación Inicial, Educación General Básica y Bachillerato",Particular,26
2023-2024 Inicio,09H01369,UNIDAD EDUCATIVA PARTICULAR ABARIS,GUAYAS,9,GUAYAQUIL,901,"Educación Inicial, Educación General Básica y Bachillerato",Particular,12
2023-2024 Inicio,09H04662,UNIDAD EDUCATIVA PARTICULAR ABDON CALDERON,GUAYAS,9,SAMBORONDON,916,"Educación Inicial, Educación General Básica y Bachillerato",Particular,117
2023-2024 Inicio,17H00402,UNIDAD EDUCATIVA PARTICULAR ACADEMIA AERONÁUTICA MAYOR PEDRO TRAVERSAR,PICHINCHA,17,QUITO,1701,"Educación Inicial, Educación General Básica y Bachillerato",Particular,227
2023-2024 Inicio,17H03592,UNIDAD EDUCATIVA PARTICULAR ACADEMIA BORJA 3 CAVANIS,PICHINCHA,17,QUITO,1701,Educación General Básica y Bachillerato,Particular,23
2023-2024 Inicio,17H02765,UNIDAD EDUCATIVA PARTICULAR ACADEMIA COTOPAXI,PICHINCHA,17,QUITO,1701,"Educación Inicial, Educación General Básica y Bachillerato",Particular,38
2023-2024 Inicio,10H00397,UNIDAD EDUCATIVA PARTICULAR ACADEMIA GENERAL CARLOS ANTONIO MACHADO ARROYO,IMBABURA,10,OTAVALO,1004,"Educación Inicial, Educación General Básica y Bachillerato",Particular,31
2023-2024 Inicio,17H00234,UNIDAD EDUCATIVA PARTICULAR ACADEMIA MILITAR GENERAL MIGUEL ITURRALDE No. 2 ,PICHINCHA,17,QUITO,1701,"Educación Inicial, Educación General Básica y Bachillerato",Particular,101
2023-2024 Inicio,09H03702,UNIDAD EDUCATIVA PARTICULAR ACADEMIA NAVAL AMAZONAS,GUAYAS,9,DURAN,907,"Educación Inicial, Educación General Básica y Bachillerato",Particular,54
2023-2024 Inicio,09H01689,UNIDAD EDUCATIVA PARTICULAR ACADEMIA NAVAL GUAYAQUIL,GUAYAS,9,GUAYAQUIL,901,"Educación Inicial, Educación General Básica y Bachillerato",Particular,100
2023-2024 Inicio,10H00787,UNIDAD EDUCATIVA PARTICULAR ADUANA,IMBABURA,10,IBARRA,1001,"Educación Inicial, Educación General Básica y Bachillerato",Particular,13
2023-2024 Inicio,17H01405,UNIDAD EDUCATIVA PARTICULAR ADVENTISTA CIUDAD DE QUITO,PICHINCHA,17,QUITO,1701,"Educación Inicial, Educación General Básica y Bachillerato",Particular,55
2023-2024 Inicio,23H00544,UNIDAD EDUCATIVA PARTICULAR ADVENTISTA DEL ECUADOR,SANTO DOMINGO DE LOS TSACHILAS,23,SANTO DOMINGO,2301,"Educación Inicial, Educación General Básica y Bachillerato",Particular,46
2023-2024 Inicio,09H02650,UNIDAD EDUCATIVA PARTICULAR ADVENTISTA DEL PACIFICO,GUAYAS,9,GUAYAQUIL,901,"Educación Inicial, Educación General Básica y Bachillerato",Particular,78
2023-2024 Inicio,07H00738,UNIDAD EDUCATIVA PARTICULAR ADVENTISTA PRINCIPE DE PAZ,EL ORO,7,HUAQUILLAS,707,"Educación Inicial, Educación General Básica y Bachillerato",Particular,23
2023-2024 Inicio,23H00077,UNIDAD EDUCATIVA PARTICULAR ADVENTISTA SANTO DOMINGO,SANTO DOMINGO DE LOS TSACHILAS,23,SANTO DOMINGO,2301,Educación General Básica y Bachillerato,Particular,14
2023-2024 Inicio,17H00586,UNIDAD EDUCATIVA PARTICULAR ÁGAPE,PICHINCHA,17,QUITO,1701,"Educación Inicial, Educación General Básica y Bachillerato",Particular,15
2023-2024 Inicio,09H00423,UNIDAD EDUCATIVA PARTICULAR AGUILAS DE CRISTO,GUAYAS,9,GUAYAQUIL,901,"Educación Inicial, Educación General Básica y Bachillerato",Particular,30
2023-2024 Inicio,17H04335,UNIDAD EDUCATIVA PARTICULAR ALBERT BANDURA SCHOOL,PICHINCHA,17,QUITO,1701,"Educación Inicial, Educación General Básica y Bachillerato",Particular,2
2023-2024 Inicio,01H00816,UNIDAD EDUCATIVA PARTICULAR ALBORADA,AZUAY,1,CUENCA,101,"Educación Inicial, Educación General Básica y Bachillerato",Particular,80
2023-2024 Inicio,09H01405,UNIDAD EDUCATIVA PARTICULAR ALEMAN HUMBOLDT,GUAYAS,9,SAMBORONDON,916,"Educación Inicial, Educación General Básica y Bachillerato",Particular,38
2023-2024 Inicio,17H02902,UNIDAD EDUCATIVA PARTICULAR ALESSANDRO VOLTA,PICHINCHA,17,QUITO,1701,"Educación Inicial, Educación General Básica y Bachillerato",Particular,49
2023-2024 Inicio,07H00356,UNIDAD EDUCATIVA PARTICULAR ALEXANDER,EL ORO,7,MACHALA,701,"Educación Inicial, Educación General Básica y Bachillerato",Particular,14
2023-2024 Inicio,13H04840,UNIDAD EDUCATIVA PARTICULAR ALMIRANTE H NELSON,MANABI,13,MONTECRISTI,1309,"Educación Inicial, Educación General Básica y Bachillerato",Particular,33
2023-2024 Inicio,09H06705,UNIDAD EDUCATIVA PARTICULAR ALMIRANTE LORD THOMAS COCHRANE,GUAYAS,9,GUAYAQUIL,901,"Educación Inicial, Educación General Básica y Bachillerato",Particular,22
2023-2024 Inicio,09H01336,UNIDAD EDUCATIVA PARTICULAR ALMIRANTE NELSON,GUAYAS,9,GUAYAQUIL,901,"Educación Inicial, Educación General Básica y Bachillerato",Particular,20
2023-2024 Inicio,09H02554,UNIDAD EDUCATIVA PARTICULAR ALMIRANTE THOMAS CHARLES WRIGHT MONTGOMERY,GUAYAS,9,GUAYAQUIL,901,Educación General Básica y Bachillerato,Particular,30
2023-2024 Inicio,17H00070,UNIDAD EDUCATIVA PARTICULAR ALVERNIA,PICHINCHA,17,QUITO,1701,"Educación Inicial, Educación General Básica y Bachillerato",Particular,122
2023-2024 Inicio,21H00041,UNIDAD EDUCATIVA PARTICULAR AMAZONAS,SUCUMBIOS,21,LAGO AGRIO,2101,"Educación Inicial, Educación General Básica y Bachillerato",Particular,35
2023-2024 Inicio,15H00008,UNIDAD EDUCATIVA PARTICULAR AMAZONICA,NAPO,15,TENA,1501,"Educación Inicial, Educación General Básica y Bachillerato",Particular,1
2023-2024 Inicio,09H01716,UNIDAD EDUCATIVA PARTICULAR AMERICA,GUAYAS,9,GUAYAQUIL,901,"Educación Inicial, Educación General Básica y Bachillerato",Particular,29
2023-2024 Inicio,01H00607,UNIDAD EDUCATIVA PARTICULAR AMERICAN SCHOOL,AZUAY,1,CUENCA,101,"Educación Inicial, Educación General Básica y Bachillerato",Particular,50
2023-2024 Inicio,09H02249,UNIDAD EDUCATIVA PARTICULAR AMERICAN SCHOOL,GUAYAS,9,GUAYAQUIL,901,Educación General Básica y Bachillerato,Particular,78
2023-2024 Inicio,13H04538,UNIDAD EDUCATIVA PARTICULAR AMERICANO,MANABI,13,EL CARMEN,1304,"Educación Inicial, Educación General Básica y Bachillerato",Particular,31
2023-2024 Inicio,13H02179,UNIDAD EDUCATIVA PARTICULAR AMERICANO,MANABI,13,MANTA,1308,Educación General Básica y Bachillerato,Particular,36
2023-2024 Inicio,09H05264,UNIDAD EDUCATIVA PARTICULAR AMERICANO DE GUAYAQUIL,GUAYAS,9,GUAYAQUIL,901,"Educación Inicial, Educación General Básica y Bachillerato",Particular,112
2023-2024 Inicio,09H02570,UNIDAD EDUCATIVA PARTICULAR AMERICO VESPUCIO,GUAYAS,9,GUAYAQUIL,901,"Educación Inicial, Educación General Básica y Bachillerato",Particular,40
2023-2024 Inicio,09H00787,UNIDAD EDUCATIVA PARTICULAR AMERICUS MUNDUS NOVUS,GUAYAS,9,GUAYAQUIL,901,"Educación Inicial, Educación General Básica y Bachillerato",Particular,53
2023-2024 Inicio,17H01411,UNIDAD EDUCATIVA PARTICULAR AMOR Y ESPERANZA CARMEN BAJO,PICHINCHA,17,QUITO,1701,"Educación Inicial, Educación General Básica y Bachillerato",Particular,16
2023-2024 Inicio,09H05542,UNIDAD EDUCATIVA PARTICULAR ANCON,GUAYAS,9,GUAYAQUIL,901,"Educación Inicial, Educación General Básica y Bachillerato",Particular,28
2023-2024 Inicio,17H04405,UNIDAD EDUCATIVA PARTICULAR ANGEL DE LA GUARDA COLLEGE,PICHINCHA,17,QUITO,1701,"Educación Inicial, Educación General Básica y Bachillerato",Particular,7
2023-2024 Inicio,17H01818,UNIDAD EDUCATIVA PARTICULAR ANGÉLICO DE FIÉSOLE,PICHINCHA,17,QUITO,1701,"Educación Inicial, Educación General Básica y Bachillerato",Particular,12
2023-2024 Inicio,09H02777,UNIDAD EDUCATIVA PARTICULAR ANTARTICA,GUAYAS,9,GUAYAQUIL,901,"Educación Inicial, Educación General Básica y Bachillerato",Particular,15
2023-2024 Inicio,23H00112,UNIDAD EDUCATIVA PARTICULAR ANTONIO NEUMANE,SANTO DOMINGO DE LOS TSACHILAS,23,SANTO DOMINGO,2301,Educación General Básica y Bachillerato,Particular,150
2023-2024 Inicio,09H06185,UNIDAD EDUCATIVA PARTICULAR APÓSTOL SAN JUDAS TADEO,GUAYAS,9,GUAYAQUIL,901,Educación General Básica y Bachillerato,Particular,43
2023-2024 Inicio,13H00919,UNIDAD EDUCATIVA PARTICULAR ARISTOS,MANABI,13,CHONE,1303,Educación General Básica y Bachillerato,Particular,8
2023-2024 Inicio,13H02306,UNIDAD EDUCATIVA PARTICULAR ARISTÓTELES,MANABI,13,MANTA,1308,"Educación Inicial, Educación General Básica y Bachillerato",Particular,20
2023-2024 Inicio,17H00432,UNIDAD EDUCATIVA PARTICULAR ARISTÓTELES,PICHINCHA,17,QUITO,1701,"Educación Inicial, Educación General Básica y Bachillerato",Particular,6
2023-2024 Inicio,01H01686,UNIDAD EDUCATIVA PARTICULAR ASIAN AMERICAN SCHOOL,AZUAY,1,CUENCA,101,"Educación Inicial, Educación General Básica y Bachillerato",Particular,21
2023-2024 Inicio,09H02011,UNIDAD EDUCATIVA PARTICULAR ATENAS INTERNATIONAL SCHOOL,GUAYAS,9,GUAYAQUIL,901,"Educación Inicial, Educación General Básica y Bachillerato",Particular,20
2023-2024 Inicio,17H01344,UNIDAD EDUCATIVA PARTICULAR ATENAS SCHOOL,PICHINCHA,17,QUITO,1701,"Educación Inicial, Educación General Básica y Bachillerato",Particular,35
2023-2024 Inicio,11H00002,UNIDAD EDUCATIVA PARTICULAR ATENEO,LOJA,11,LOJA,1101,"Educación Inicial, Educación General Básica y Bachillerato",Particular,6
2023-2024 Inicio,07H00609,UNIDAD EDUCATIVA PARTICULAR ATI II PILLAHUAZO,EL ORO,7,EL GUABO,706,"Educación Inicial, Educación General Básica y Bachillerato",Particular,16
2023-2024 Inicio,17H01247,UNIDAD EDUCATIVA PARTICULAR AURELIO MOSQUERA,PICHINCHA,17,QUITO,1701,"Educación Inicial, Educación General Básica y Bachillerato",Particular,26
2023-2024 Inicio,01H00231,UNIDAD EDUCATIVA PARTICULAR AUSUBEL HIGH SCHOOL,AZUAY,1,CUENCA,101,Educación General Básica y Bachillerato,Particular,50
2023-2024 Inicio,09H00911,UNIDAD EDUCATIVA PARTICULAR BALANDRA CRUZ DEL SUR,GUAYAS,9,GUAYAQUIL,901,"Educación Inicial, Educación General Básica y Bachillerato",Particular,66
2023-2024 Inicio,13H04395,UNIDAD EDUCATIVA PARTICULAR BALSAMARAGUA,MANABI,13,JARAMIJO,1321,"Educación Inicial, Educación General Básica y Bachillerato",Particular,4
2023-2024 Inicio,09H02482,UNIDAD EDUCATIVA PARTICULAR BALTASARA CALDERON DE ROCAFUERTE,GUAYAS,9,GUAYAQUIL,901,"Educación Inicial, Educación General Básica y Bachillerato",Particular,72
2023-2024 Inicio,09H01563,UNIDAD EDUCATIVA PARTICULAR BARTOLOMÉ GARELLI,GUAYAS,9,GUAYAQUIL,901,"Educación Inicial, Educación General Básica y Bachillerato",Particular,49
2023-2024 Inicio,17H01601,UNIDAD EDUCATIVA PARTICULAR BATALLA DE JAMBELÍ,PICHINCHA,17,QUITO,1701,Educación General Básica y Bachillerato,Particular,20
2023-2024 Inicio,17H01921,UNIDAD EDUCATIVA PARTICULAR BAUTISTA CHARLES SPURGEON,PICHINCHA,17,QUITO,1701,"Educación Inicial, Educación General Básica y Bachillerato",Particular,18
2023-2024 Inicio,01H00339,UNIDAD EDUCATIVA PARTICULAR BELL ACADEMY,AZUAY,1,CUENCA,101,"Educación Inicial, Educación General Básica y Bachillerato",Particular,20
2023-2024 Inicio,09H00859,UNIDAD EDUCATIVA PARTICULAR BENEMERITA SOCIEDAD FILANTROPICA DEL GUAYA,GUAYAS,9,GUAYAQUIL,901,Educación General Básica y Bachillerato,Particular,177
2023-2024 Inicio,09H03608,UNIDAD EDUCATIVA PARTICULAR BENJAMIN BLOOM,GUAYAS,9,DURAN,907,Educación General Básica y Bachillerato,Particular,24
2023-2024 Inicio,01H00091,UNIDAD EDUCATIVA PARTICULAR BENJAMÍN BRITTEN,AZUAY,1,CUENCA,101,Educación General Básica y Bachillerato,Particular,2
2023-2024 Inicio,09H00010,UNIDAD EDUCATIVA PARTICULAR BENJAMIN FRANKLIN,GUAYAS,9,GUAYAQUIL,901,Educación General Básica y Bachillerato,Particular,15
2023-2024 Inicio,17H02136,UNIDAD EDUCATIVA PARTICULAR BETHEL DEL VALLE,PICHINCHA,17,QUITO,1701,Educación General Básica y Bachillerato,Particular,23
2023-2024 Inicio,09H01422,UNIDAD EDUCATIVA PARTICULAR BIBLICA CRISTIANA SENDERO DE FE,GUAYAS,9,GUAYAQUIL,901,"Educación Inicial, Educación General Básica y Bachillerato",Particular,23
2023-2024 Inicio,17H01735,UNIDAD EDUCATIVA PARTICULAR BILINGÜE  ACADEMIA MILITAR DEL VALLE,PICHINCHA,17,QUITO,1701,"Educación Inicial, Educación General Básica y Bachillerato",Particular,101
2023-2024 Inicio,09H01501,UNIDAD EDUCATIVA PARTICULAR BILINGUE  BRISAS DEL RIO,GUAYAS,9,GUAYAQUIL,901,"Educación Inicial, Educación General Básica y Bachillerato",Particular,24
2023-2024 Inicio,17H01456,UNIDAD EDUCATIVA PARTICULAR BILINGÜE ANGEL POLIBIO CHAVES,PICHINCHA,17,QUITO,1701,"Educación Inicial, Educación General Básica y Bachillerato",Particular,60
2023-2024 Inicio,17H00896,UNIDAD EDUCATIVA PARTICULAR BILINGUE CARDENAL SPELLMAN,PICHINCHA,17,QUITO,1701,"Educación Inicial, Educación General Básica y Bachillerato",Particular,87
2023-2024 Inicio,09H05942,UNIDAD EDUCATIVA PARTICULAR BILINGUE CENTRO EDUCATIVO LA MODERNA,GUAYAS,9,SAMBORONDON,916,"Educación Inicial, Educación General Básica y Bachillerato",Particular,116
2023-2024 Inicio,17H02093,UNIDAD EDUCATIVA PARTICULAR BILINGÜE COMPUTER WORLD,PICHINCHA,17,QUITO,1701,"Educación Inicial, Educación General Básica y Bachillerato",Particular,29
2023-2024 Inicio,09H02006,UNIDAD EDUCATIVA PARTICULAR BILINGUE DE LA INMACULADA,GUAYAS,9,GUAYAQUIL,901,"Educación Inicial, Educación General Básica y Bachillerato",Particular,49
2023-2024 Inicio,09H01864,UNIDAD EDUCATIVA PARTICULAR BILINGUE ECOMUNDO,GUAYAS,9,GUAYAQUIL,901,"Educación Inicial, Educación General Básica y Bachillerato",Particular,116
2023-2024 Inicio,01H00377,UNIDAD EDUCATIVA PARTICULAR BILINGUE INTERAMERICANA,AZUAY,1,CUENCA,101,Educación General Básica y Bachillerato,Particular,105
2023-2024 Inicio,09H00964,UNIDAD EDUCATIVA PARTICULAR BILINGUE INTERAMERICANO,GUAYAS,9,GUAYAQUIL,901,"Educación Inicial, Educación General Básica y Bachillerato",Particular,134
2023-2024 Inicio,09H02634,UNIDAD EDUCATIVA PARTICULAR BILINGUE INTERNACIONAL SEK,GUAYAS,9,GUAYAQUIL,901,"Educación Inicial, Educación General Básica y Bachillerato",Particular,17
2023-2024 Inicio,17H03176,UNIDAD EDUCATIVA PARTICULAR BILINGÜE INTISANA,PICHINCHA,17,QUITO,1701,Educación General Básica y Bachillerato,Particular,45
2023-2024 Inicio,09H01377,UNIDAD EDUCATIVA PARTICULAR BILINGÜE JEFFERSON,GUAYAS,9,GUAYAQUIL,901,"Educación Inicial, Educación General Básica y Bachillerato",Particular,32
2023-2024 Inicio,17H00114,UNIDAD EDUCATIVA PARTICULAR BILINGÜE JULIO VERNE,PICHINCHA,17,QUITO,1701,"Educación Inicial, Educación General Básica y Bachillerato",Particular,25
2023-2024 Inicio,13H02337,UNIDAD EDUCATIVA PARTICULAR BILINGUE LEONARDO DA VINCI,MANABI,13,MANTA,1308,"Educación Inicial, Educación General Básica y Bachillerato",Particular,42
2023-2024 Inicio,09H01011,UNIDAD EDUCATIVA PARTICULAR BILINGÜE LICEO ALBONOR,GUAYAS,9,GUAYAQUIL,901,"Educación Inicial, Educación General Básica y Bachillerato",Particular,46
2023-2024 Inicio,09H05365,UNIDAD EDUCATIVA PARTICULAR BILINGUE LICEO PANAMERICANO,GUAYAS,9,SAMBORONDON,916,"Educación Inicial, Educación General Básica y Bachillerato",Particular,70
2023-2024 Inicio,09H02642,UNIDAD EDUCATIVA PARTICULAR BILINGUE LOGOS,GUAYAS,9,GUAYAQUIL,901,"Educación Inicial, Educación General Básica y Bachillerato",Particular,81
2023-2024 Inicio,09H05741,UNIDAD EDUCATIVA PARTICULAR BILINGUE NACIONES UNIDAS,GUAYAS,9,SAMBORONDON,916,"Educación Inicial, Educación General Básica y Bachillerato",Particular,27
2023-2024 Inicio,09H04717,UNIDAD EDUCATIVA PARTICULAR BILINGUE NUEVO MUNDO,GUAYAS,9,SAMBORONDON,916,"Educación Inicial, Educación General Básica y Bachillerato",Particular,62
2023-2024 Inicio,07H00046,UNIDAD EDUCATIVA PARTICULAR BILINGÜE PRINCIPITO & MARCEL LANIADO DE WIND,EL ORO,7,MACHALA,701,"Educación Inicial, Educación General Básica y Bachillerato",Particular,107
2023-2024 Inicio,09H02651,UNIDAD EDUCATIVA PARTICULAR BILINGUE SANTIAGO MAYOR,GUAYAS,9,GUAYAQUIL,901,"Educación Inicial, Educación General Básica y Bachillerato",Particular,28
2023-2024 Inicio,17H02780,UNIDAD EDUCATIVA PARTICULAR BILINGÜE WILLIAM CAXTON COLLEGE,PICHINCHA,17,QUITO,1701,"Educación Inicial, Educación General Básica y Bachillerato",Particular,48
2023-2024 Inicio,17H03169,UNIDAD EDUCATIVA PARTICULAR BILINGÜE WILLIAM THOMSON INTERNACIONAL,PICHINCHA,17,QUITO,1701,"Educación Inicial, Educación General Básica y Bachillerato",Particular,15
2023-2024 Inicio,01H00701,UNIDAD EDUCATIVA PARTICULAR BINACIONAL COLEGIO ALEMAN STIEHLE DE CUENCA,AZUAY,1,CUENCA,101,"Educación Inicial, Educación General Básica y Bachillerato",Particular,47
2023-2024 Inicio,09H05421,UNIDAD EDUCATIVA PARTICULAR BLAS PASCAL,GUAYAS,9,GUAYAQUIL,901,Educación General Básica y Bachillerato,Particular,42
2023-2024 Inicio,17H02020,UNIDAD EDUCATIVA PARTICULAR BONDONE DI GIOTTO,PICHINCHA,17,QUITO,1701,"Educación Inicial, Educación General Básica y Bachillerato",Particular,2
2023-2024 Inicio,01H00515,UNIDAD EDUCATIVA PARTICULAR BORJA,AZUAY,1,CUENCA,101,"Educación Inicial, Educación General Básica y Bachillerato",Particular,92
2023-2024 Inicio,17H00023,UNIDAD EDUCATIVA PARTICULAR BORJA 3 CAVANIS,PICHINCHA,17,QUITO,1701,"Educación Inicial, Educación General Básica y Bachillerato",Particular,50
2023-2024 Inicio,17H01063,UNIDAD EDUCATIVA PARTICULAR BRITANICO INTERNACIONAL,PICHINCHA,17,QUITO,1701,"Educación Inicial, Educación General Básica y Bachillerato",Particular,37
2023-2024 Inicio,01B00030,UNIDAD EDUCATIVA PARTICULAR BUENA ESPERANZA,AZUAY,1,CUENCA,101,"Educación Inicial, Educación General Básica y Bachillerato",Particular,81
2023-2024 Inicio,09H01937,UNIDAD EDUCATIVA PARTICULAR BUQUE DEL PACÍFICO,GUAYAS,9,GUAYAQUIL,901,"Educación Inicial, Educación General Básica y Bachillerato",Particular,21
2023-2024 Inicio,23H00696,UNIDAD EDUCATIVA PARTICULAR CALASANZ 2,SANTO DOMINGO DE LOS TSACHILAS,23,SANTO DOMINGO,2301,"Educación Inicial, Educación General Básica y Bachillerato",Particular,63
2023-2024 Inicio,17H00108,UNIDAD EDUCATIVA PARTICULAR CAMBRIDGE SCHOOL,PICHINCHA,17,QUITO,1701,"Educación Inicial, Educación General Básica y Bachillerato",Particular,10
2023-2024 Inicio,09H01335,UNIDAD EDUCATIVA PARTICULAR CAMINO AL BELLO AMANECER,GUAYAS,9,GUAYAQUIL,901,"Educación Inicial, Educación General Básica y Bachillerato",Particular,34
2023-2024 Inicio,09H01774,UNIDAD EDUCATIVA PARTICULAR CANADA,GUAYAS,9,GUAYAQUIL,901,"Educación Inicial, Educación General Básica y Bachillerato",Particular,28
2023-2024 Inicio,17H04317,UNIDAD EDUCATIVA PARTICULAR CAPITAN GIOVANNI CALLES,PICHINCHA,17,QUITO,1701,"Educación Inicial, Educación General Básica y Bachillerato",Particular,12
2023-2024 Inicio,09H00354,UNIDAD EDUCATIVA PARTICULAR CAPITAN PEDRO OSCAR SALAS BAJAÑA,GUAYAS,9,GUAYAQUIL,901,"Educación Inicial, Educación General Básica y Bachillerato",Particular,30
2023-2024 Inicio,09H01269,UNIDAD EDUCATIVA PARTICULAR CARDENAL BERNARDINO ECHEVERRIA,GUAYAS,9,GUAYAQUIL,901,"Educación Inicial, Educación General Básica y Bachillerato",Particular,116
2023-2024 Inicio,17H00741,UNIDAD EDUCATIVA PARTICULAR CARDENAL DE LA TORRE,PICHINCHA,17,QUITO,1701,"Educación Inicial, Educación General Básica y Bachillerato",Particular,13
2023-2024 Inicio,01H00136,UNIDAD EDUCATIVA PARTICULAR CARLOS CRESPI II,AZUAY,1,CUENCA,101,"Educación Inicial, Educación General Básica y Bachillerato",Particular,20
2023-2024 Inicio,01H00188,UNIDAD EDUCATIVA PARTICULAR CATOLICA DE CUENCA,AZUAY,1,CUENCA,101,"Educación Inicial, Educación General Básica y Bachillerato",Particular,97
2023-2024 Inicio,09H00256,UNIDAD EDUCATIVA PARTICULAR CATOLICA JULIO MARIA MATOVELLE,GUAYAS,9,GUAYAQUIL,901,"Educación Inicial, Educación General Básica y Bachillerato",Particular,97
2023-2024 Inicio,23H00058,UNIDAD EDUCATIVA PARTICULAR CAVANIS,SANTO DOMINGO DE LOS TSACHILAS,23,SANTO DOMINGO,2301,"Educación Inicial, Educación General Básica y Bachillerato",Particular,47
2023-2024 Inicio,09H05241,UNIDAD EDUCATIVA PARTICULAR CAYETANO TARRUELL,GUAYAS,9,GUAYAQUIL,901,Educación General Básica y Bachillerato,Particular,124
2023-2024 Inicio,01H01641,UNIDAD EDUCATIVA PARTICULAR CEBCI,AZUAY,1,CUENCA,101,"Educación Inicial, Educación General Básica y Bachillerato",Particular,21
2023-2024 Inicio,01H00520,UNIDAD EDUCATIVA PARTICULAR CEDFI,AZUAY,1,CUENCA,101,Educación General Básica y Bachillerato,Particular,46
2023-2024 Inicio,21H00826,UNIDAD EDUCATIVA PARTICULAR CENTEBAD,SUCUMBIOS,21,LAGO AGRIO,2101,"Educación General Básica, Bachillerato y Ofertas Intensivas",Particular,50
2023-2024 Inicio,23H00293,UNIDAD EDUCATIVA PARTICULAR CENTRAL,SANTO DOMINGO DE LOS TSACHILAS,23,SANTO DOMINGO,2301,Educación General Básica y Bachillerato,Particular,20
2023-2024 Inicio,07H01107,UNIDAD EDUCATIVA PARTICULAR CEPWOL   ALTAMIRA,EL ORO,7,SANTA ROSA,712,"Educación Inicial, Educación General Básica y Bachillerato",Particular,34
2023-2024 Inicio,23H00252,UNIDAD EDUCATIVA PARTICULAR CHIGUILPE,SANTO DOMINGO DE LOS TSACHILAS,23,SANTO DOMINGO,2301,"Educación Inicial, Educación General Básica y Bachillerato",Particular,15
2023-2024 Inicio,09H03641,UNIDAD EDUCATIVA PARTICULAR CIUDAD DE ARIEL,GUAYAS,9,DURAN,907,"Educación Inicial, Educación General Básica y Bachillerato",Particular,38
2023-2024 Inicio,09H03578,UNIDAD EDUCATIVA PARTICULAR CIUDAD DE FILADELFIA,GUAYAS,9,DURAN,907,"Educación Inicial, Educación General Básica y Bachillerato",Particular,63
2023-2024 Inicio,09H06184,UNIDAD EDUCATIVA PARTICULAR CIUDAD DE NAZARETH,GUAYAS,9,GUAYAQUIL,901,Educación General Básica y Bachillerato,Particular,51
2023-2024 Inicio,09H00910,UNIDAD EDUCATIVA PARTICULAR CIUDAD DE PEDREGUER,GUAYAS,9,GUAYAQUIL,901,"Educación Inicial, Educación General Básica y Bachillerato",Particular,38
2023-2024 Inicio,09H01225,UNIDAD EDUCATIVA PARTICULAR CLAIRE BUCARAM DE AIVAS,GUAYAS,9,GUAYAQUIL,901,"Educación Inicial, Educación General Básica y Bachillerato",Particular,118
2023-2024 Inicio,09H00608,UNIDAD EDUCATIVA PARTICULAR CLARETIANA,GUAYAS,9,GUAYAQUIL,901,"Educación Inicial, Educación General Básica y Bachillerato",Particular,59
2023-2024 Inicio,09H06685,UNIDAD EDUCATIVA PARTICULAR COMANDANTE ANTONIO JOSE DE SUCRE,GUAYAS,9,GUAYAQUIL,901,Educación General Básica y Bachillerato,Particular,10
2023-2024 Inicio,09H00751,UNIDAD EDUCATIVA PARTICULAR COMANDANTE FRANCISCO PITA PITA,GUAYAS,9,GUAYAQUIL,901,"Educación Inicial, Educación General Básica y Bachillerato",Particular,26
2023-2024 Inicio,17H01302,UNIDAD EDUCATIVA PARTICULAR COMANDANTE GENERAL ATAHUALPA,PICHINCHA,17,QUITO,1701,"Educación Inicial, Educación General Básica y Bachillerato",Particular,37
2023-2024 Inicio,13H01217,UNIDAD EDUCATIVA PARTICULAR CONVENTO,MANABI,13,CHONE,1303,Educación General Básica y Bachillerato,Particular,13
2023-2024 Inicio,01H00117,UNIDAD EDUCATIVA PARTICULAR CORAZÓN DE MARÍA,AZUAY,1,CUENCA,101,"Educación Inicial, Educación General Básica y Bachillerato",Particular,107
2023-2024 Inicio,17H02106,UNIDAD EDUCATIVA PARTICULAR CORAZÓN DE MARÍA,PICHINCHA,17,QUITO,1701,"Educación Inicial, Educación General Básica y Bachillerato",Particular,49
2023-2024 Inicio,11H01903,UNIDAD EDUCATIVA PARTICULAR CORDILLERA,LOJA,11,LOJA,1101,"Educación Inicial, Educación General Básica y Bachillerato",Particular,24
2023-2024 Inicio,17H01091,UNIDAD EDUCATIVA PARTICULAR CORDOVA,PICHINCHA,17,QUITO,1701,Educación General Básica y Bachillerato,Particular,15
2023-2024 Inicio,01H00258,UNIDAD EDUCATIVA PARTICULAR COREL,AZUAY,1,CUENCA,101,"Educación Inicial, Educación General Básica y Bachillerato",Particular,16
2023-2024 Inicio,09H06735,UNIDAD EDUCATIVA PARTICULAR CORONEL MIGUEL DE LETAMENDI,GUAYAS,9,GUAYAQUIL,901,"Educación Inicial, Educación General Básica y Bachillerato",Particular,6
2023-2024 Inicio,09H03691,UNIDAD EDUCATIVA PARTICULAR COSME RENELLA BARBATO,GUAYAS,9,DURAN,907,"Educación Inicial, Educación General Básica y Bachillerato",Particular,10
2023-2024 Inicio,17H01279,UNIDAD EDUCATIVA PARTICULAR CRISTIANA NEW LIFE,PICHINCHA,17,QUITO,1701,"Educación Inicial, Educación General Básica y Bachillerato",Particular,22
2023-2024 Inicio,17H00775,UNIDAD EDUCATIVA PARTICULAR CRISTIANO FEBE,PICHINCHA,17,QUITO,1701,"Educación Inicial, Educación General Básica y Bachillerato",Particular,8
2023-2024 Inicio,17H00453,UNIDAD EDUCATIVA PARTICULAR CRISTO DEL CONSUELO,PICHINCHA,17,QUITO,1701,"Educación Inicial, Educación General Básica y Bachillerato",Particular,6
2023-2024 Inicio,17H02068,UNIDAD EDUCATIVA PARTICULAR CRISTO SALVADOR,PICHINCHA,17,QUITO,1701,"Educación Inicial, Educación General Básica y Bachillerato",Particular,16
2023-2024 Inicio,09H00941,UNIDAD EDUCATIVA PARTICULAR CYBER SCHOOL,GUAYAS,9,GUAYAQUIL,901,"Educación Inicial, Educación General Básica y Bachillerato",Particular,41
2023-2024 Inicio,09H02384,UNIDAD EDUCATIVA PARTICULAR DANIEL COMBONI,GUAYAS,9,GUAYAQUIL,901,"Educación Inicial, Educación General Básica y Bachillerato",Particular,77
2023-2024 Inicio,23H00398,UNIDAD EDUCATIVA PARTICULAR DANTE  ALIGHIERI,SANTO DOMINGO DE LOS TSACHILAS,23,SANTO DOMINGO,2301,"Educación Inicial, Educación General Básica y Bachillerato",Particular,14
2023-2024 Inicio,09H01957,UNIDAD EDUCATIVA PARTICULAR DANTE ALIGHIERI,GUAYAS,9,GUAYAQUIL,901,"Educación Inicial, Educación General Básica y Bachillerato",Particular,75
2023-2024 Inicio,17H01106,UNIDAD EDUCATIVA PARTICULAR DE AMERICA MARIA A CARRILLO DE MATA MARTINEZ,PICHINCHA,17,QUITO,1701,Educación General Básica y Bachillerato,Particular,71
2023-2024 Inicio,09H05247,UNIDAD EDUCATIVA PARTICULAR DE LA ASUNCION,GUAYAS,9,GUAYAQUIL,901,"Educación Inicial, Educación General Básica y Bachillerato",Particular,70
2023-2024 Inicio,17H00021,UNIDAD EDUCATIVA PARTICULAR DE LA INMACULADA,PICHINCHA,17,QUITO,1701,"Educación Inicial, Educación General Básica y Bachillerato",Particular,62
2023-2024 Inicio,09H00672,UNIDAD EDUCATIVA PARTICULAR DE LA PROVIDENCIA,GUAYAS,9,GUAYAQUIL,901,"Educación Inicial, Educación General Básica y Bachillerato",Particular,69
2023-2024 Inicio,09H01245,UNIDAD EDUCATIVA PARTICULAR DE LAS AMERICAS,GUAYAS,9,GUAYAQUIL,901,"Educación Inicial, Educación General Básica y Bachillerato",Particular,13
2023-2024 Inicio,07H01461,UNIDAD EDUCATIVA PARTICULAR DEL PACIFICO,EL ORO,7,MACHALA,701,"Educación Inicial, Educación General Básica y Bachillerato",Particular,90
2023-2024 Inicio,17H01375,UNIDAD EDUCATIVA PARTICULAR DEL VALLE,PICHINCHA,17,QUITO,1701,"Educación Inicial, Educación General Básica y Bachillerato",Particular,9
2023-2024 Inicio,09H05369,UNIDAD EDUCATIVA PARTICULAR DELFOS,GUAYAS,9,GUAYAQUIL,901,"Educación Inicial, Educación General Básica y Bachillerato",Particular,93
2023-2024 Inicio,09H03594,UNIDAD EDUCATIVA PARTICULAR DEMETRIO AGUILERA MALTA,GUAYAS,9,DURAN,907,"Educación Inicial, Educación General Básica y Bachillerato",Particular,23
2023-2024 Inicio,09H03671,UNIDAD EDUCATIVA PARTICULAR DIEZ DE ENERO,GUAYAS,9,DURAN,907,"Educación Inicial, Educación General Básica y Bachillerato",Particular,47
2023-2024 Inicio,09H01510,UNIDAD EDUCATIVA PARTICULAR DISEÑOS,GUAYAS,9,GUAYAQUIL,901,"Educación Inicial, Educación General Básica y Bachillerato",Particular,15
2023-2024 Inicio,01H01545,UNIDAD EDUCATIVA PARTICULAR DIVINO NIÑO,AZUAY,1,CAMILO PONCE ENRIQUEZ,115,"Educación Inicial, Educación General Básica y Bachillerato",Particular,16
2023-2024 Inicio,09H02573,UNIDAD EDUCATIVA PARTICULAR DOLORES SOPEÑA,GUAYAS,9,GUAYAQUIL,901,"Educación Inicial, Educación General Básica y Bachillerato",Particular,32
2023-2024 Inicio,01H00164,UNIDAD EDUCATIVA PARTICULAR DOMINICANA SAN LUIS BELTRAN,AZUAY,1,CUENCA,101,"Educación Inicial, Educación General Básica y Bachillerato",Particular,36
2023-2024 Inicio,09H01527,UNIDAD EDUCATIVA PARTICULAR DR AGUSTIN CUEVA TAMARIZ,GUAYAS,9,GUAYAQUIL,901,"Educación Inicial, Educación General Básica y Bachillerato",Particular,33
2023-2024 Inicio,17H01628,UNIDAD EDUCATIVA PARTICULAR DR DANIELE SIPIONE,PICHINCHA,17,QUITO,1701,"Educación Inicial, Educación General Básica y Bachillerato",Particular,21
2023-2024 Inicio,07H00775,UNIDAD EDUCATIVA PARTICULAR DR MANUEL  A  GONZALEZ,EL ORO,7,PASAJE,709,"Educación Inicial, Educación General Básica y Bachillerato",Particular,99
2023-2024 Inicio,09H02781,UNIDAD EDUCATIVA PARTICULAR DR MANUEL AGUSTIN AGUIRRE RIOS,GUAYAS,9,GUAYAQUIL,901,Educación General Básica y Bachillerato,Particular,10
2023-2024 Inicio,09H03528,UNIDAD EDUCATIVA PARTICULAR DR MIGUEL ANGEL ZAMBRANO,GUAYAS,9,DURAN,907,Educación General Básica y Bachillerato,Particular,39
2023-2024 Inicio,09H03598,UNIDAD EDUCATIVA PARTICULAR ECUADOR,GUAYAS,9,GUAYAQUIL,901,Educación General Básica y Bachillerato,Particular,21
2023-2024 Inicio,17H01320,UNIDAD EDUCATIVA PARTICULAR ECUATORIANO SUIZO,PICHINCHA,17,QUITO,1701,"Educación Inicial, Educación General Básica y Bachillerato",Particular,79
2023-2024 Inicio,17H00174,UNIDAD EDUCATIVA PARTICULAR EDWARD JOSEPH FLANAGAN,PICHINCHA,17,QUITO,1701,"Educación Inicial, Educación General Básica y Bachillerato",Particular,24
2023-2024 Inicio,17H04507,UNIDAD EDUCATIVA PARTICULAR EIGTH ACADEMY,PICHINCHA,17,QUITO,1701,"Educación Inicial, Educación General Básica y Bachillerato",Particular,21
2023-2024 Inicio,09H00992,UNIDAD EDUCATIVA PARTICULAR EL  ATENEO,GUAYAS,9,GUAYAQUIL,901,"Educación Inicial, Educación General Básica y Bachillerato",Particular,41
2023-2024 Inicio,13H04587,UNIDAD EDUCATIVA PARTICULAR EL BEJUCAL,MANABI,13,CHONE,1303,"Educación Inicial, Educación General Básica y Bachillerato",Particular,43
2023-2024 Inicio,17H01987,UNIDAD EDUCATIVA PARTICULAR EL COLEGIO DE LIGA,PICHINCHA,17,QUITO,1701,"Educación Inicial, Educación General Básica y Bachillerato",Particular,58
2023-2024 Inicio,09H00747,UNIDAD EDUCATIVA PARTICULAR EL LIBERTADOR,GUAYAS,9,GUAYAQUIL,901,"Educación Inicial, Educación General Básica y Bachillerato",Particular,59
2023-2024 Inicio,13H00956,UNIDAD EDUCATIVA PARTICULAR EL OASIS,MANABI,13,CHONE,1303,"Educación Inicial, Educación General Básica y Bachillerato",Particular,35
2023-2024 Inicio,17H00318,UNIDAD EDUCATIVA PARTICULAR EL PRADO,PICHINCHA,17,QUITO,1701,"Educación Inicial, Educación General Básica y Bachillerato",Particular,32
2023-2024 Inicio,09H06720,UNIDAD EDUCATIVA PARTICULAR EL REVENTADOR,GUAYAS,9,GUAYAQUIL,901,Educación General Básica y Bachillerato,Particular,16
2023-2024 Inicio,17H04386,UNIDAD EDUCATIVA PARTICULAR EL REVENTADOR,PICHINCHA,17,QUITO,1701,Educación General Básica y Bachillerato,Particular,67
2023-2024 Inicio,09H00861,UNIDAD EDUCATIVA PARTICULAR EL SAMAN ,GUAYAS,9,GUAYAQUIL,901,"Educación Inicial, Educación General Básica y Bachillerato",Particular,17
2023-2024 Inicio,17H03191,UNIDAD EDUCATIVA PARTICULAR EL SAUCE,PICHINCHA,17,QUITO,1701,"Educación Inicial, Educación General Básica y Bachillerato",Particular,45
2023-2024 Inicio,09H01876,UNIDAD EDUCATIVA PARTICULAR EMANUEL,GUAYAS,9,GUAYAQUIL,901,"Educación Inicial, Educación General Básica y Bachillerato",Particular,36
2023-2024 Inicio,21H00150,UNIDAD EDUCATIVA PARTICULAR EMANUEL,SUCUMBIOS,21,LAGO AGRIO,2101,"Educación Inicial, Educación General Básica y Bachillerato",Particular,11
2023-2024 Inicio,09H03589,UNIDAD EDUCATIVA PARTICULAR EMAUS,GUAYAS,9,DURAN,907,Educación General Básica y Bachillerato,Particular,136
2023-2024 Inicio,17H03373,UNIDAD EDUCATIVA PARTICULAR EMERSON RALPH WALDO,PICHINCHA,17,QUITO,1701,"Educación Inicial, Educación General Básica y Bachillerato",Particular,8
2023-2024 Inicio,07H00736,UNIDAD EDUCATIVA PARTICULAR ESPIRITU DE SABIDURIA,EL ORO,7,HUAQUILLAS,707,"Educación Inicial, Educación General Básica y Bachillerato",Particular,23
2023-2024 Inicio,17H03198,UNIDAD EDUCATIVA PARTICULAR ESTADOS UNIDOS DE NORTEAMERICA,PICHINCHA,17,QUITO,1701,"Educación Inicial, Educación General Básica y Bachillerato",Particular,4
2023-2024 Inicio,09H01660,UNIDAD EDUCATIVA PARTICULAR EUCLIDES CASCANTE ABDON CALDERON,GUAYAS,9,GUAYAQUIL,901,"Educación Inicial, Educación General Básica y Bachillerato",Particular,8
2023-2024 Inicio,11H00277,UNIDAD EDUCATIVA PARTICULAR EUGENIO ESPEJO,LOJA,11,LOJA,1101,"Educación Inicial, Educación General Básica y Bachillerato",Particular,107
2023-2024 Inicio,13H02244,UNIDAD EDUCATIVA PARTICULAR EUGENIO ESPEJO,MANABI,13,MANTA,1308,"Educación Inicial, Educación General Básica y Bachillerato",Particular,17
2023-2024 Inicio,09H05812,UNIDAD EDUCATIVA PARTICULAR FEDEGUAYAS,GUAYAS,9,GUAYAQUIL,901,Educación General Básica y Bachillerato,Particular,20
2023-2024 Inicio,09H03704,UNIDAD EDUCATIVA PARTICULAR FEDERICO GONZALEZ SUÁREZ,GUAYAS,9,DURAN,907,"Educación Inicial, Educación General Básica y Bachillerato",Particular,88
2023-2024 Inicio,09H01741,UNIDAD EDUCATIVA PARTICULAR FELIPE COSTA VON BUCHWALD,GUAYAS,9,GUAYAQUIL,901,Educación General Básica y Bachillerato,Particular,22
2023-2024 Inicio,17H00924,UNIDAD EDUCATIVA PARTICULAR FERNÁNDEZ SALVADOR  VILLAVICENCIO PONCE,PICHINCHA,17,QUITO,1701,"Educación Inicial, Educación General Básica y Bachillerato",Particular,116
2023-2024 Inicio,17H02148,UNIDAD EDUCATIVA PARTICULAR FERNANDO ORTIZ CRESPO,PICHINCHA,17,QUITO,1701,Educación General Básica y Bachillerato,Particular,17
2023-2024 Inicio,09H01800,UNIDAD EDUCATIVA PARTICULAR FERNANDO PIZARRO BERMEO,GUAYAS,9,GUAYAQUIL,901,"Educación Inicial, Educación General Básica y Bachillerato",Particular,70
2023-2024 Inicio,09H03718,UNIDAD EDUCATIVA PARTICULAR FRAGATA GUAYAS,GUAYAS,9,DURAN,907,Educación General Básica y Bachillerato,Particular,60
2023-2024 Inicio,17H00116,UNIDAD EDUCATIVA PARTICULAR FRANCIS  BACON,PICHINCHA,17,QUITO,1701,Educación General Básica y Bachillerato,Particular,21
2023-2024 Inicio,17H00882,UNIDAD EDUCATIVA PARTICULAR FRANCISCA DE LAS LLAGAS,PICHINCHA,17,QUITO,1701,"Educación Inicial, Educación General Básica y Bachillerato",Particular,113
2023-2024 Inicio,17H00865,UNIDAD EDUCATIVA PARTICULAR FRANCISCO FEBRES CORDERO LA SALLE,PICHINCHA,17,QUITO,1701,"Educación Inicial, Educación General Básica y Bachillerato",Particular,55
2023-2024 Inicio,09H00843,UNIDAD EDUCATIVA PARTICULAR FRANCISCO HUERTA RENDON,GUAYAS,9,GUAYAQUIL,901,Educación General Básica y Bachillerato,Particular,142
2023-2024 Inicio,21H00012,UNIDAD EDUCATIVA PARTICULAR FREDERICK WINSLOW TAYLOR,SUCUMBIOS,21,LAGO AGRIO,2101,"Educación General Básica, Bachillerato y Ofertas Intensivas",Particular,4
2023-2024 Inicio,09H05647,UNIDAD EDUCATIVA PARTICULAR FUTUROS NAVEGANTES,GUAYAS,9,GUAYAQUIL,901,"Educación Inicial, Educación General Básica y Bachillerato",Particular,83
2023-2024 Inicio,09H00471,UNIDAD EDUCATIVA PARTICULAR GABRIELA MISTRAL,GUAYAS,9,GUAYAQUIL,901,"Educación Inicial, Educación General Básica y Bachillerato",Particular,6
2023-2024 Inicio,13H01913,UNIDAD EDUCATIVA PARTICULAR GARCIA MORENO,MANABI,13,JIPIJAPA,1306,"Educación Inicial, Educación General Básica y Bachillerato",Particular,30
2023-2024 Inicio,09H01648,UNIDAD EDUCATIVA PARTICULAR GENERACION NUEVO MILENIO,GUAYAS,9,GUAYAQUIL,901,"Educación Inicial, Educación General Básica y Bachillerato",Particular,23
2023-2024 Inicio,23H00411,UNIDAD EDUCATIVA PARTICULAR GENESARET,SANTO DOMINGO DE LOS TSACHILAS,23,SANTO DOMINGO,2301,"Educación Inicial, Educación General Básica y Bachillerato",Particular,20
2023-2024 Inicio,17H01208,UNIDAD EDUCATIVA PARTICULAR GIORDANO BRUNO,PICHINCHA,17,QUITO,1701,"Educación Inicial, Educación General Básica y Bachillerato",Particular,33
2023-2024 Inicio,17H02963,UNIDAD EDUCATIVA PARTICULAR GIOVANNI BELLINI,PICHINCHA,17,QUITO,1701,"Educación Inicial, Educación General Básica y Bachillerato",Particular,9
2023-2024 Inicio,09H01656,UNIDAD EDUCATIVA PARTICULAR GIUSEPPE GARIBALDI,GUAYAS,9,GUAYAQUIL,901,"Educación Inicial, Educación General Básica y Bachillerato",Particular,3
2023-2024 Inicio,09H05582,UNIDAD EDUCATIVA PARTICULAR GLORIA GORELIK,GUAYAS,9,GUAYAQUIL,901,"Educación Inicial, Educación General Básica y Bachillerato",Particular,65
2023-2024 Inicio,13H02798,UNIDAD EDUCATIVA PARTICULAR GRAL ELOY ALFARO,MANABI,13,MONTECRISTI,1309,Educación General Básica y Bachillerato,Particular,64
2023-2024 Inicio,09H01547,UNIDAD EDUCATIVA PARTICULAR GRAL.GEORGE SMITH PATTON,GUAYAS,9,GUAYAQUIL,901,"Educación Inicial, Educación General Básica y Bachillerato",Particular,30
2023-2024 Inicio,09H00979,UNIDAD EDUCATIVA PARTICULAR GREGORIANO,GUAYAS,9,GUAYAQUIL,901,"Educación Inicial, Educación General Básica y Bachillerato",Particular,53
2023-2024 Inicio,09H01638,UNIDAD EDUCATIVA PARTICULAR GUAYASAMIN,GUAYAS,9,GUAYAQUIL,901,"Educación Inicial, Educación General Básica y Bachillerato",Particular,22
2023-2024 Inicio,17H02447,UNIDAD EDUCATIVA PARTICULAR GUTENBERG SCHULE,PICHINCHA,17,QUITO,1701,Educación General Básica y Bachillerato,Particular,25
2023-2024 Inicio,09H01217,UNIDAD EDUCATIVA PARTICULAR HARVARD,GUAYAS,9,GUAYAQUIL,901,Educación General Básica y Bachillerato,Particular,41
2023-2024 Inicio,17H03136,UNIDAD EDUCATIVA PARTICULAR HENDRIK ANTOON LORENTZ,PICHINCHA,17,QUITO,1701,Educación General Básica y Bachillerato,Particular,4
2023-2024 Inicio,17H00294,UNIDAD EDUCATIVA PARTICULAR HENRI BECQUEREL,PICHINCHA,17,QUITO,1701,"Educación Inicial, Educación General Básica y Bachillerato",Particular,35
2023-2024 Inicio,07H00036,UNIDAD EDUCATIVA PARTICULAR HERMANO MIGUEL,EL ORO,7,MACHALA,701,"Educación Inicial, Educación General Básica y Bachillerato",Particular,104
2023-2024 Inicio,01H00199,UNIDAD EDUCATIVA PARTICULAR HERMANO MIGUEL  DE LA SALLE,AZUAY,1,CUENCA,101,"Educación Inicial, Educación General Básica y Bachillerato",Particular,168
2023-2024 Inicio,17H00845,UNIDAD EDUCATIVA PARTICULAR HERMANO MIGUEL-LA SALLE,PICHINCHA,17,QUITO,1701,"Educación Inicial, Educación General Básica y Bachillerato",Particular,115
2023-2024 Inicio,17H02184,UNIDAD EDUCATIVA PARTICULAR HEROES DEL CENEPA,PICHINCHA,17,CAYAMBE,1702,"Educación Inicial, Educación General Básica y Bachillerato",Particular,26
2023-2024 Inicio,17H01081,UNIDAD EDUCATIVA PARTICULAR HONTANAR,PICHINCHA,17,QUITO,1701,"Educación Inicial, Educación General Básica y Bachillerato",Particular,38
2023-2024 Inicio,09H06710,UNIDAD EDUCATIVA PARTICULAR HUGO ALEMAN,GUAYAS,9,GUAYAQUIL,901,Educación General Básica y Bachillerato,Particular,9
2023-2024 Inicio,09H02025,UNIDAD EDUCATIVA PARTICULAR HUGO ORTIZ GARCES,GUAYAS,9,GUAYAQUIL,901,"Educación Inicial, Educación General Básica y Bachillerato",Particular,49
2023-2024 Inicio,17H01769,UNIDAD EDUCATIVA PARTICULAR IBEROAMERICANO,PICHINCHA,17,QUITO,1701,Educación General Básica y Bachillerato,Particular,29
2023-2024 Inicio,13H00307,UNIDAD EDUCATIVA PARTICULAR INFORMATICA PORTOVIEJO,MANABI,13,PORTOVIEJO,1301,Educación General Básica y Bachillerato,Particular,82
2023-2024 Inicio,09H00006,UNIDAD EDUCATIVA PARTICULAR INSTITUTO BRITANICO,GUAYAS,9,GUAYAQUIL,901,Educación General Básica y Bachillerato,Particular,22
2023-2024 Inicio,09H05367,UNIDAD EDUCATIVA PARTICULAR INSTITUTO SUAREZ,GUAYAS,9,GUAYAQUIL,901,Educación General Básica y Bachillerato,Particular,108
2023-2024 Inicio,09H05344,UNIDAD EDUCATIVA PARTICULAR INTEGRACION TECNICA EDUCATIVA,GUAYAS,9,GUAYAQUIL,901,Educación General Básica y Bachillerato,Particular,226
2023-2024 Inicio,09H01118,UNIDAD EDUCATIVA PARTICULAR INTEGRAL SUDAMERICANO,GUAYAS,9,GUAYAQUIL,901,Educación General Básica y Bachillerato,Particular,17
2023-2024 Inicio,17H02981,UNIDAD EDUCATIVA PARTICULAR INTERANDINO,PICHINCHA,17,QUITO,1701,Educación General Básica y Bachillerato,Particular,5
2023-2024 Inicio,13H02377,UNIDAD EDUCATIVA PARTICULAR INTERNACIONAL PUERTO DE MANTA,MANABI,13,MANTA,1308,"Educación Inicial, Educación General Básica y Bachillerato",Particular,12
2023-2024 Inicio,09H00689,UNIDAD EDUCATIVA PARTICULAR INTERNATIONAL SPEEDWRITING,GUAYAS,9,GUAYAQUIL,901,Educación General Básica y Bachillerato,Particular,92
2023-2024 Inicio,09H06728,UNIDAD EDUCATIVA PARTICULAR INTI,GUAYAS,9,GUAYAQUIL,901,"Educación Inicial, Educación General Básica y Bachillerato",Particular,15
2023-2024 Inicio,23H00069,UNIDAD EDUCATIVA PARTICULAR INTI RAYMI,SANTO DOMINGO DE LOS TSACHILAS,23,SANTO DOMINGO,2301,"Educación Inicial, Educación General Básica y Bachillerato",Particular,18
2023-2024 Inicio,17H00309,UNIDAD EDUCATIVA PARTICULAR ISAAC NEWTON,PICHINCHA,17,QUITO,1701,"Educación Inicial, Educación General Básica y Bachillerato",Particular,88
2023-2024 Inicio,17H00839,UNIDAD EDUCATIVA PARTICULAR ISABEL TOBAR,PICHINCHA,17,QUITO,1701,"Educación Inicial, Educación General Básica y Bachillerato",Particular,37
2023-2024 Inicio,09H03506,UNIDAD EDUCATIVA PARTICULAR ISLA SANTAY,GUAYAS,9,DURAN,907,Educación General Básica y Bachillerato,Particular,59
2023-2024 Inicio,09H02225,UNIDAD EDUCATIVA PARTICULAR ISLA SEYMOUR,GUAYAS,9,GUAYAQUIL,901,"Educación Inicial, Educación General Básica y Bachillerato",Particular,33
2023-2024 Inicio,17H02897,UNIDAD EDUCATIVA PARTICULAR ISM ACADEMY QUITO,PICHINCHA,17,QUITO,1701,"Educación Inicial, Educación General Básica y Bachillerato",Particular,104
2023-2024 Inicio,13H01582,UNIDAD EDUCATIVA PARTICULAR ISRAEL,MANABI,13,EL CARMEN,1304,"Educación Inicial, Educación General Básica y Bachillerato",Particular,9
2023-2024 Inicio,13H02375,UNIDAD EDUCATIVA PARTICULAR ISRAEL,MANABI,13,MANTA,1308,"Educación Inicial, Educación General Básica y Bachillerato",Particular,39
2023-2024 Inicio,17H02014,UNIDAD EDUCATIVA PARTICULAR ISRAEL NÚMERO DOS,PICHINCHA,17,QUITO,1701,"Educación Inicial, Educación General Básica y Bachillerato",Particular,10
2023-2024 Inicio,13H00945,UNIDAD EDUCATIVA PARTICULAR ITSI CHONE ,MANABI,13,CHONE,1303,"Educación Inicial, Educación General Básica y Bachillerato",Particular,27
2023-2024 Inicio,13H00419,UNIDAD EDUCATIVA PARTICULAR JACINTO BURGOS PINARGOTE,MANABI,13,PORTOVIEJO,1301,Educación General Básica y Bachillerato,Particular,20
2023-2024 Inicio,17H01490,UNIDAD EDUCATIVA PARTICULAR JACINTO JIJÓN Y CAAMAÑO,PICHINCHA,17,QUITO,1701,"Educación Inicial, Educación General Básica y Bachillerato",Particular,25
2023-2024 Inicio,17H01627,UNIDAD EDUCATIVA PARTICULAR JAIME LUCIANO BALMES,PICHINCHA,17,QUITO,1701,"Educación Inicial, Educación General Básica y Bachillerato",Particular,18
2023-2024 Inicio,08H00173,UNIDAD EDUCATIVA PARTICULAR JAMBELI,ESMERALDAS,8,ESMERALDAS,801,"Educación Inicial, Educación General Básica y Bachillerato",Particular,19
2023-2024 Inicio,01H01646,UNIDAD EDUCATIVA PARTICULAR JARDIN DEL AZUAY,AZUAY,1,GUALACEO,103,Educación General Básica y Bachillerato,Particular,20
2023-2024 Inicio,17H00958,UNIDAD EDUCATIVA PARTICULAR JEAN JACQUES ROUSSEAU,PICHINCHA,17,QUITO,1701,"Educación Inicial, Educación General Básica y Bachillerato",Particular,11
2023-2024 Inicio,09H01463,UNIDAD EDUCATIVA PARTICULAR JEAN PIAGET,GUAYAS,9,GUAYAQUIL,901,"Educación Inicial, Educación General Básica y Bachillerato",Particular,46
2023-2024 Inicio,17H01823,UNIDAD EDUCATIVA PARTICULAR JESSS,PICHINCHA,17,QUITO,1701,"Educación Inicial, Educación General Básica y Bachillerato",Particular,14
2023-2024 Inicio,13H01450,UNIDAD EDUCATIVA PARTICULAR JESUCRISTO REY,MANABI,13,EL CARMEN,1304,"Educación Inicial, Educación General Básica y Bachillerato",Particular,23
2023-2024 Inicio,09H02144,UNIDAD EDUCATIVA PARTICULAR JESUS DE NAZARETH,GUAYAS,9,GUAYAQUIL,901,Educación General Básica y Bachillerato,Particular,2
2023-2024 Inicio,07H00054,UNIDAD EDUCATIVA PARTICULAR JESÚS DE NAZARETH,EL ORO,7,MACHALA,701,"Educación Inicial, Educación General Básica y Bachillerato",Particular,20
2023-2024 Inicio,17H00415,UNIDAD EDUCATIVA PARTICULAR JESÚS DE NAZARETH,PICHINCHA,17,QUITO,1701,"Educación Inicial, Educación General Básica y Bachillerato",Particular,36
2023-2024 Inicio,13H02237,UNIDAD EDUCATIVA PARTICULAR JESÚS LEÓN DE JUDÁ,MANABI,13,MANTA,1308,"Educación Inicial, Educación General Básica y Bachillerato",Particular,21
2023-2024 Inicio,17H02690,UNIDAD EDUCATIVA PARTICULAR JEZREEL,PICHINCHA,17,QUITO,1701,"Educación Inicial, Educación General Básica y Bachillerato",Particular,23
2023-2024 Inicio,17H01574,UNIDAD EDUCATIVA PARTICULAR JHON F KENNEDY,PICHINCHA,17,QUITO,1701,Educación General Básica y Bachillerato,Particular,24
2023-2024 Inicio,13H02424,UNIDAD EDUCATIVA PARTICULAR JOCAY DE MANTA,MANABI,13,MANTA,1308,Educación General Básica y Bachillerato,Particular,7
2023-2024 Inicio,09H01785,UNIDAD EDUCATIVA PARTICULAR JOHANN  HERBART,GUAYAS,9,GUAYAQUIL,901,"Educación Inicial, Educación General Básica y Bachillerato",Particular,51
2023-2024 Inicio,17H01178,UNIDAD EDUCATIVA PARTICULAR JOHANN STRAUSS,PICHINCHA,17,QUITO,1701,Educación General Básica y Bachillerato,Particular,19
2023-2024 Inicio,09H01460,UNIDAD EDUCATIVA PARTICULAR JOHN HARVARD,GUAYAS,9,GUAYAQUIL,901,"Educación Inicial, Educación General Básica y Bachillerato",Particular,17
2023-2024 Inicio,13H02796,UNIDAD EDUCATIVA PARTICULAR JOHN PIERRE DEL HIERRO MELCHIADE,MANABI,13,MONTECRISTI,1309,"Educación Inicial, Educación General Básica y Bachillerato",Particular,20
2023-2024 Inicio,17H04300,UNIDAD EDUCATIVA PARTICULAR JOHN WYCLIFFE,PICHINCHA,17,QUITO,1701,"Educación Inicial, Educación General Básica y Bachillerato",Particular,14
2023-2024 Inicio,09H01940,UNIDAD EDUCATIVA PARTICULAR JORGE WASHINGTON,GUAYAS,9,GUAYAQUIL,901,"Educación Inicial, Educación General Básica y Bachillerato",Particular,2
2023-2024 Inicio,09H01084,UNIDAD EDUCATIVA PARTICULAR JOSE ANTONIO CAMPOS,GUAYAS,9,GUAYAQUIL,901,Educación General Básica y Bachillerato,Particular,24
2023-2024 Inicio,11H00014,UNIDAD EDUCATIVA PARTICULAR JOSE ANTONIO EGUIGUREN  LA SALLE,LOJA,11,LOJA,1101,"Educación Inicial, Educación General Básica y Bachillerato",Particular,74
2023-2024 Inicio,09H00775,UNIDAD EDUCATIVA PARTICULAR JOSE DOMINGO DE SANTISTEVAN,GUAYAS,9,GUAYAQUIL,901,"Educación Inicial, Educación General Básica y Bachillerato",Particular,167
2023-2024 Inicio,09H00803,UNIDAD EDUCATIVA PARTICULAR JOSE MARIA URBINA,GUAYAS,9,GUAYAQUIL,901,"Educación Inicial, Educación General Básica y Bachillerato",Particular,10
2023-2024 Inicio,09H02392,UNIDAD EDUCATIVA PARTICULAR JOSE MIGUEL GARCIA MORENO,GUAYAS,9,GUAYAQUIL,901,"Educación Inicial, Educación General Básica y Bachillerato",Particular,16
2023-2024 Inicio,13H04283,UNIDAD EDUCATIVA PARTICULAR JOSE SANTOS BELLO,MANABI,13,JARAMIJO,1321,Educación General Básica y Bachillerato,Particular,7
2023-2024 Inicio,09H03526,UNIDAD EDUCATIVA PARTICULAR JUAN BOSCO,GUAYAS,9,DURAN,907,"Educación Inicial, Educación General Básica y Bachillerato",Particular,81
2023-2024 Inicio,09H01529,UNIDAD EDUCATIVA PARTICULAR JUAN DIEGO CUAUHTLATOATZIN,GUAYAS,9,GUAYAQUIL,901,"Educación Inicial, Educación General Básica y Bachillerato",Particular,74
2023-2024 Inicio,09H00025,UNIDAD EDUCATIVA PARTICULAR JUAN LEON MERA,GUAYAS,9,GUAYAQUIL,901,"Educación Inicial, Educación General Básica y Bachillerato",Particular,48
2023-2024 Inicio,13H04278,UNIDAD EDUCATIVA PARTICULAR JUAN LEÓN MERA,MANABI,13,JARAMIJO,1321,Educación General Básica y Bachillerato,Particular,11
2023-2024 Inicio,11H00123,UNIDAD EDUCATIVA PARTICULAR JUAN MONTALVO,LOJA,11,LOJA,1101,"Educación Inicial, Educación General Básica, Bachillerato y Ofertas Intensivas",Particular,16
2023-2024 Inicio,08H01132,UNIDAD EDUCATIVA PARTICULAR JUAN MONTALVO,SANTO DOMINGO DE LOS TSACHILAS,23,LA CONCORDIA,2302,Bachillerato,Particular,6
2023-2024 Inicio,08H00834,UNIDAD EDUCATIVA PARTICULAR JUAN MONTALVO FIALLOS,ESMERALDAS,8,QUININDE,804,Educación General Básica y Bachillerato,Particular,19
2023-2024 Inicio,01H00448,UNIDAD EDUCATIVA PARTICULAR JUAN PABLO II,AZUAY,1,CUENCA,101,"Educación Inicial, Educación General Básica y Bachillerato",Particular,26
2023-2024 Inicio,07H00801,UNIDAD EDUCATIVA PARTICULAR JUAN PABLO II,EL ORO,7,PASAJE,709,"Educación Inicial, Educación General Básica y Bachillerato",Particular,27
2023-2024 Inicio,07H00689,UNIDAD EDUCATIVA PARTICULAR JUAN XXIII,EL ORO,7,HUAQUILLAS,707,"Educación Inicial, Educación General Básica y Bachillerato",Particular,32
2023-2024 Inicio,09H00353,UNIDAD EDUCATIVA PARTICULAR JUAN XXIII,GUAYAS,9,GUAYAQUIL,901,"Educación Inicial, Educación General Básica y Bachillerato",Particular,57
2023-2024 Inicio,07H00077,UNIDAD EDUCATIVA PARTICULAR JUANA DE DIOS,EL ORO,7,MACHALA,701,"Educación Inicial, Educación General Básica y Bachillerato",Particular,58
2023-2024 Inicio,09H01629,UNIDAD EDUCATIVA PARTICULAR JULIO AGUAYO MOREIRA,GUAYAS,9,GUAYAQUIL,901,Educación General Básica y Bachillerato,Particular,35
2023-2024 Inicio,03H00515,UNIDAD EDUCATIVA PARTICULAR JULIO MARIA MATOVELLE,CAÑAR,3,LA TRONCAL,304,"Educación Inicial, Educación General Básica y Bachillerato",Particular,104
2023-2024 Inicio,17H01353,UNIDAD EDUCATIVA PARTICULAR JULIO MARIA MATOVELLE,PICHINCHA,17,QUITO,1701,Educación General Básica y Bachillerato,Particular,142
2023-2024 Inicio,13H02335,UNIDAD EDUCATIVA PARTICULAR JULIO PIERREGROSSE,MANABI,13,MANTA,1308,"Educación Inicial, Educación General Básica y Bachillerato",Particular,71
2023-2024 Inicio,17H04451,UNIDAD EDUCATIVA PARTICULAR KEN ROBINSON,PICHINCHA,17,QUITO,1701,"Educación Inicial, Educación General Básica y Bachillerato",Particular,7
2023-2024 Inicio,01H00241,UNIDAD EDUCATIVA PARTICULAR KENNEDY,AZUAY,1,CUENCA,101,"Educación Inicial, Educación General Básica y Bachillerato",Particular,64
2023-2024 Inicio,17H03288,UNIDAD EDUCATIVA PARTICULAR KHIPU,PICHINCHA,17,QUITO,1701,"Educación Inicial, Educación General Básica y Bachillerato",Particular,13
2023-2024 Inicio,23H00023,UNIDAD EDUCATIVA PARTICULAR KOLPING,SANTO DOMINGO DE LOS TSACHILAS,23,SANTO DOMINGO,2301,Educación General Básica y Bachillerato,Particular,20
2023-2024 Inicio,01H00213,UNIDAD EDUCATIVA PARTICULAR LA ASUNCION,AZUAY,1,CUENCA,101,Educación General Básica y Bachillerato,Particular,216
2023-2024 Inicio,17H01009,UNIDAD EDUCATIVA PARTICULAR LA CONDAMINE,PICHINCHA,17,QUITO,1701,"Educación Inicial, Educación General Básica y Bachillerato",Particular,72
2023-2024 Inicio,09H01666,UNIDAD EDUCATIVA PARTICULAR LA DOLOROSA,GUAYAS,9,GUAYAQUIL,901,"Educación Inicial, Educación General Básica y Bachillerato",Particular,28
2023-2024 Inicio,17H00027,UNIDAD EDUCATIVA PARTICULAR LA DOLOROSA,PICHINCHA,17,QUITO,1701,"Educación Inicial, Educación General Básica y Bachillerato",Particular,69
2023-2024 Inicio,09H00864,UNIDAD EDUCATIVA PARTICULAR LA GRAN ESFERA AZUL,GUAYAS,9,GUAYAQUIL,901,Educación General Básica y Bachillerato,Particular,15
2023-2024 Inicio,07H00020,UNIDAD EDUCATIVA PARTICULAR LA INMACULADA,EL ORO,7,MACHALA,701,"Educación Inicial, Educación General Básica y Bachillerato",Particular,103
2023-2024 Inicio,09H05214,UNIDAD EDUCATIVA PARTICULAR LA LUZ DE DIOS ,GUAYAS,9,GUAYAQUIL,901,Educación General Básica y Bachillerato,Particular,30
2023-2024 Inicio,17H00850,UNIDAD EDUCATIVA PARTICULAR LA PRESENTACION,PICHINCHA,17,QUITO,1701,"Educación Inicial, Educación General Básica y Bachillerato",Particular,68
2023-2024 Inicio,17H00828,UNIDAD EDUCATIVA PARTICULAR LA PROVIDENCIA,PICHINCHA,17,QUITO,1701,"Educación Inicial, Educación General Básica y Bachillerato",Particular,88
2023-2024 Inicio,21H00806,UNIDAD EDUCATIVA PARTICULAR LAGO AGRIO AMAZONICO,SUCUMBIOS,21,LAGO AGRIO,2101,"Educación Inicial, Educación General Básica y Bachillerato",Particular,9
2023-2024 Inicio,17H01719,UNIDAD EDUCATIVA PARTICULAR LAS AMERICAS DEL VALLE,PICHINCHA,17,QUITO,1701,"Educación Inicial, Educación General Básica y Bachillerato",Particular,32
2023-2024 Inicio,17H00418,UNIDAD EDUCATIVA PARTICULAR LAS CUADRAS,PICHINCHA,17,QUITO,1701,"Educación Inicial, Educación General Básica y Bachillerato",Particular,9
2023-2024 Inicio,23H00377,UNIDAD EDUCATIVA PARTICULAR LATINO,SANTO DOMINGO DE LOS TSACHILAS,23,SANTO DOMINGO,2301,"Educación Inicial, Educación General Básica y Bachillerato",Particular,41
2023-2024 Inicio,01H00265,UNIDAD EDUCATIVA PARTICULAR LATINOAMERICANO,AZUAY,1,CUENCA,101,"Educación Inicial, Educación General Básica y Bachillerato",Particular,59
2023-2024 Inicio,17H01099,UNIDAD EDUCATIVA PARTICULAR LEIBNITZ,PICHINCHA,17,QUITO,1701,"Educación Inicial, Educación General Básica y Bachillerato",Particular,17
2023-2024 Inicio,17H02956,UNIDAD EDUCATIVA PARTICULAR LEON COOPER,PICHINCHA,17,QUITO,1701,"Educación Inicial, Educación General Básica y Bachillerato",Particular,35
2023-2024 Inicio,13H02462,UNIDAD EDUCATIVA PARTICULAR LEONIE AVIAT,MANABI,13,MANTA,1308,"Educación Inicial, Educación General Básica y Bachillerato",Particular,14
2023-2024 Inicio,17H01427,UNIDAD EDUCATIVA PARTICULAR LETORT,PICHINCHA,17,QUITO,1701,"Educación Inicial, Educación General Básica y Bachillerato",Particular,70
2023-2024 Inicio,09H02115,UNIDAD EDUCATIVA PARTICULAR LETRAS Y VIDA,GUAYAS,9,GUAYAQUIL,901,Educación General Básica y Bachillerato,Particular,61
2023-2024 Inicio,01H00437,UNIDAD EDUCATIVA PARTICULAR LICEO AMERICANO CATÓLICO,AZUAY,1,CUENCA,101,"Educación Inicial, Educación General Básica y Bachillerato",Particular,62
2023-2024 Inicio,01H00312,UNIDAD EDUCATIVA PARTICULAR LICEO CRISTIANO DE CUENCA,AZUAY,1,CUENCA,101,"Educación Inicial, Educación General Básica y Bachillerato",Particular,33
2023-2024 Inicio,09H00973,UNIDAD EDUCATIVA PARTICULAR LICEO CRISTIANO DE GUAYAQUIL,GUAYAS,9,GUAYAQUIL,901,"Educación Inicial, Educación General Básica y Bachillerato",Particular,407
2023-2024 Inicio,17H01075,UNIDAD EDUCATIVA PARTICULAR LICEO DE CIENCIAS Y ARTES,PICHINCHA,17,QUITO,1701,"Educación Inicial, Educación General Básica y Bachillerato",Particular,28
2023-2024 Inicio,23H00314,UNIDAD EDUCATIVA PARTICULAR LICEO DE LAS AMERICAS,SANTO DOMINGO DE LOS TSACHILAS,23,SANTO DOMINGO,2301,"Educación Inicial, Educación General Básica y Bachillerato",Particular,60
2023-2024 Inicio,11H01743,UNIDAD EDUCATIVA PARTICULAR LICEO DE LOJA,LOJA,11,LOJA,1101,"Educación Inicial, Educación General Básica y Bachillerato",Particular,43
2023-2024 Inicio,17H01085,UNIDAD EDUCATIVA PARTICULAR LICEO DE LOS ANDES,PICHINCHA,17,QUITO,1701,"Educación Inicial, Educación General Básica y Bachillerato",Particular,4
2023-2024 Inicio,09H01044,UNIDAD EDUCATIVA PARTICULAR LICEO DEL NORTE,GUAYAS,9,GUAYAQUIL,901,"Educación Inicial, Educación General Básica y Bachillerato",Particular,30
2023-2024 Inicio,13H04834,UNIDAD EDUCATIVA PARTICULAR LICEO ECOLÓGICO VIDA,MANABI,13,EL CARMEN,1304,"Educación Inicial, Educación General Básica y Bachillerato",Particular,26
2023-2024 Inicio,17H04182,UNIDAD EDUCATIVA PARTICULAR LICEO ECUATORIANO,PICHINCHA,17,QUITO,1701,Educación General Básica y Bachillerato,Particular,8
2023-2024 Inicio,17H00380,UNIDAD EDUCATIVA PARTICULAR LICEO EMPRESARIAL,PICHINCHA,17,QUITO,1701,"Educación Inicial, Educación General Básica y Bachillerato",Particular,7
2023-2024 Inicio,01H02029,UNIDAD EDUCATIVA PARTICULAR LICEO FRANCES LOUIS GODIN,AZUAY,1,CUENCA,101,Educación General Básica y Bachillerato,Particular,7
2023-2024 Inicio,17H00565,UNIDAD EDUCATIVA PARTICULAR LICEO IBEROAMÉRICA,PICHINCHA,17,QUITO,1701,"Educación Inicial, Educación General Básica y Bachillerato",Particular,15
2023-2024 Inicio,17H01013,UNIDAD EDUCATIVA PARTICULAR LICEO INTERNACIONAL,PICHINCHA,17,QUITO,1701,"Educación Inicial, Educación General Básica y Bachillerato",Particular,46
2023-2024 Inicio,17H03004,UNIDAD EDUCATIVA PARTICULAR LICEO LATINOAMERICANO,PICHINCHA,17,QUITO,1701,Educación General Básica y Bachillerato,Particular,33
2023-2024 Inicio,09H00829,UNIDAD EDUCATIVA PARTICULAR LICEO LIBANÉS,GUAYAS,9,GUAYAQUIL,901,"Educación Inicial, Educación General Básica y Bachillerato",Particular,49
2023-2024 Inicio,17H01861,UNIDAD EDUCATIVA PARTICULAR LICEO LOS ALAMOS,PICHINCHA,17,QUITO,1701,"Educación Inicial, Educación General Básica y Bachillerato",Particular,7
2023-2024 Inicio,09H06043,UNIDAD EDUCATIVA PARTICULAR LICEO LOS ANDES,GUAYAS,9,GUAYAQUIL,901,"Educación Inicial, Educación General Básica y Bachillerato",Particular,55
2023-2024 Inicio,09H06704,UNIDAD EDUCATIVA PARTICULAR LICEO SAN FRANCISCO DE ASíS,GUAYAS,9,GUAYAQUIL,901,"Educación Inicial, Educación General Básica y Bachillerato",Particular,30
2023-2024 Inicio,09H02560,UNIDAD EDUCATIVA PARTICULAR LOLA AROSEMENA DE CARBO,GUAYAS,9,GUAYAQUIL,901,"Educación Inicial, Educación General Básica y Bachillerato",Particular,31
2023-2024 Inicio,10H00155,UNIDAD EDUCATIVA PARTICULAR LOS ÁLAMOS,IMBABURA,10,IBARRA,1001,Educación General Básica y Bachillerato,Particular,20
2023-2024 Inicio,17H01546,UNIDAD EDUCATIVA PARTICULAR LOS ALPES,PICHINCHA,17,QUITO,1701,Educación General Básica y Bachillerato,Particular,16
2023-2024 Inicio,09H01175,UNIDAD EDUCATIVA PARTICULAR LOS DELFINES,GUAYAS,9,GUAYAQUIL,901,"Educación Inicial, Educación General Básica y Bachillerato",Particular,30
2023-2024 Inicio,17H01351,UNIDAD EDUCATIVA PARTICULAR LOS PINOS,PICHINCHA,17,QUITO,1701,"Educación Inicial, Educación General Básica y Bachillerato",Particular,41
2023-2024 Inicio,17H00088,UNIDAD EDUCATIVA PARTICULAR LOS SHYRIS,PICHINCHA,17,QUITO,1701,Educación General Básica y Bachillerato,Particular,11
2023-2024 Inicio,17H03183,UNIDAD EDUCATIVA PARTICULAR LUDOTECA PADRE VICTOR GRADOS,PICHINCHA,17,QUITO,1701,"Educación Inicial, Educación General Básica y Bachillerato",Particular,47
2023-2024 Inicio,17H00867,UNIDAD EDUCATIVA PARTICULAR LUIGI GALVANI,PICHINCHA,17,QUITO,1701,Educación General Básica y Bachillerato,Particular,13
2023-2024 Inicio,09H05504,UNIDAD EDUCATIVA PARTICULAR LUIS ALBERTO COSTALES,GUAYAS,9,GUAYAQUIL,901,Educación General Básica y Bachillerato,Particular,88
2023-2024 Inicio,09H02809,UNIDAD EDUCATIVA PARTICULAR LUIS CHIRIBOGA MANRIQUE,GUAYAS,9,GUAYAQUIL,901,Educación General Básica y Bachillerato,Particular,66
2023-2024 Inicio,09H00627,UNIDAD EDUCATIVA PARTICULAR LUIS VERNAZA,GUAYAS,9,GUAYAQUIL,901,Educación General Básica y Bachillerato,Particular,4
2023-2024 Inicio,08H00168,UNIDAD EDUCATIVA PARTICULAR LUZ  Y LIBERTAD,ESMERALDAS,8,ESMERALDAS,801,"Educación Inicial, Educación General Básica y Bachillerato",Particular,14
2023-2024 Inicio,08H01181,UNIDAD EDUCATIVA PARTICULAR LUZ Y LIBERTAD,SANTO DOMINGO DE LOS TSACHILAS,23,LA CONCORDIA,2302,"Educación Inicial, Educación General Básica y Bachillerato",Particular,40
2023-2024 Inicio,09H02272,UNIDAD EDUCATIVA PARTICULAR LUZ Y SABER,GUAYAS,9,GUAYAQUIL,901,"Educación Inicial, Educación General Básica y Bachillerato",Particular,13
2023-2024 Inicio,23H00160,UNIDAD EDUCATIVA PARTICULAR MADRE LAURA,SANTO DOMINGO DE LOS TSACHILAS,23,SANTO DOMINGO,2301,Educación General Básica y Bachillerato,Particular,88
2023-2024 Inicio,17H01052,UNIDAD EDUCATIVA PARTICULAR MADRE MARIA BERENICE,PICHINCHA,17,QUITO,1701,"Educación Inicial, Educación General Básica y Bachillerato",Particular,23
2023-2024 Inicio,01H00338,UNIDAD EDUCATIVA PARTICULAR MADRID,AZUAY,1,CUENCA,101,"Educación Inicial, Educación General Básica y Bachillerato",Particular,9
2023-2024 Inicio,13H02376,UNIDAD EDUCATIVA PARTICULAR MANABI,MANABI,13,MANTA,1308,"Educación Inicial, Educación General Básica y Bachillerato",Particular,25
2023-2024 Inicio,13H00136,UNIDAD EDUCATIVA PARTICULAR MANABI TECNOLOGICO,MANABI,13,PORTOVIEJO,1301,"Educación Inicial, Educación General Básica y Bachillerato",Particular,104
2023-2024 Inicio,13H01577,UNIDAD EDUCATIVA PARTICULAR MARANATHA,MANABI,13,EL CARMEN,1304,"Educación Inicial, Educación General Básica y Bachillerato",Particular,25
2023-2024 Inicio,17H00283,UNIDAD EDUCATIVA PARTICULAR MARCO SALAS YEPEZ,PICHINCHA,17,QUITO,1701,"Educación Inicial, Educación General Básica y Bachillerato",Particular,12
2023-2024 Inicio,09H06675,UNIDAD EDUCATIVA PARTICULAR MARGARITA AMESTOY DE SANCHEZ EXTENSION MUC,GUAYAS,9,GUAYAQUIL,901,"Educación Inicial, Educación General Básica y Bachillerato",Particular,65
2023-2024 Inicio,13H02437,UNIDAD EDUCATIVA PARTICULAR MARIA AUXILIADORA,MANABI,13,MANTA,1308,"Educación Inicial, Educación General Básica y Bachillerato",Particular,69
2023-2024 Inicio,09H01296,UNIDAD EDUCATIVA PARTICULAR MARIA DE NAZARETH,GUAYAS,9,GUAYAQUIL,901,Educación General Básica y Bachillerato,Particular,40
2023-2024 Inicio,17H00351,UNIDAD EDUCATIVA PARTICULAR MARIA MAGDALENA,PICHINCHA,17,QUITO,1701,"Educación Inicial, Educación General Básica y Bachillerato",Particular,13
2023-2024 Inicio,09H01728,UNIDAD EDUCATIVA PARTICULAR MARIA MONTESSORI,GUAYAS,9,GUAYAQUIL,901,"Educación Inicial, Educación General Básica y Bachillerato",Particular,16
2023-2024 Inicio,13H02532,UNIDAD EDUCATIVA PARTICULAR MARIA MONTESSORI,MANABI,13,MANTA,1308,"Educación Inicial, Educación General Básica y Bachillerato",Particular,22
2023-2024 Inicio,13H02203,UNIDAD EDUCATIVA PARTICULAR MARINO CONCHA RICHARDS,MANABI,13,MANTA,1308,"Educación Inicial, Educación General Básica y Bachillerato",Particular,5
2023-2024 Inicio,21H00087,UNIDAD EDUCATIVA PARTICULAR MARISCAL SUCRE,SUCUMBIOS,21,LAGO AGRIO,2101,"Educación Inicial, Educación General Básica, Bachillerato y Ofertas Intensivas",Particular,18
2023-2024 Inicio,17H01088,UNIDAD EDUCATIVA PARTICULAR MARISTA,PICHINCHA,17,QUITO,1701,"Educación Inicial, Educación General Básica y Bachillerato",Particular,146
2023-2024 Inicio,23H00688,UNIDAD EDUCATIVA PARTICULAR MARISTA PIO XII,SANTO DOMINGO DE LOS TSACHILAS,23,SANTO DOMINGO,2301,"Educación Inicial, Educación General Básica y Bachillerato",Particular,90
2023-2024 Inicio,17H01103,UNIDAD EDUCATIVA PARTICULAR MARTIM  CERERE,PICHINCHA,17,QUITO,1701,"Educación Inicial, Educación General Básica y Bachillerato",Particular,67
2023-2024 Inicio,09H01630,UNIDAD EDUCATIVA PARTICULAR MARTIN LUTHER KING,GUAYAS,9,GUAYAQUIL,901,"Educación Inicial, Educación General Básica y Bachillerato",Particular,44
2023-2024 Inicio,17H02951,UNIDAD EDUCATIVA PARTICULAR MATILDE ALVAREZ,PICHINCHA,17,QUITO,1701,"Educación Inicial, Educación General Básica y Bachillerato",Particular,7
2023-2024 Inicio,09H01733,UNIDAD EDUCATIVA PARTICULAR MATILDE AMADOR SANTISTEVAN,GUAYAS,9,GUAYAQUIL,901,"Educación Inicial, Educación General Básica y Bachillerato",Particular,98
2023-2024 Inicio,09H01655,UNIDAD EDUCATIVA PARTICULAR MAYOR HORACIO ZURITA BAYAS,GUAYAS,9,GUAYAQUIL,901,"Educación Inicial, Educación General Básica y Bachillerato",Particular,40
2023-2024 Inicio,09H00040,UNIDAD EDUCATIVA PARTICULAR MERCANTIL,GUAYAS,9,GUAYAQUIL,901,Educación General Básica y Bachillerato,Particular,15
2023-2024 Inicio,13H00781,UNIDAD EDUCATIVA PARTICULAR MERCEDES,MANABI,13,BOLIVAR,1302,"Educación Inicial, Educación General Básica y Bachillerato",Particular,25
2023-2024 Inicio,09H04641,UNIDAD EDUCATIVA PARTICULAR MERCEDES DE JESUS MOLINA,GUAYAS,9,SAMBORONDON,916,"Educación Inicial, Educación General Básica y Bachillerato",Particular,29
2023-2024 Inicio,07H00149,UNIDAD EDUCATIVA PARTICULAR MI SENDERO,EL ORO,7,MACHALA,701,"Educación Inicial, Educación General Básica y Bachillerato",Particular,7
2023-2024 Inicio,17H01607,UNIDAD EDUCATIVA PARTICULAR MIGUEL ÁNGEL ASTURIAS,PICHINCHA,17,QUITO,1701,Educación General Básica y Bachillerato,Particular,19
2023-2024 Inicio,09H02278,UNIDAD EDUCATIVA PARTICULAR MIGUEL FEBRES CORDERO,GUAYAS,9,GUAYAQUIL,901,"Educación Inicial, Educación General Básica y Bachillerato",Particular,48
2023-2024 Inicio,09H01210,UNIDAD EDUCATIVA PARTICULAR MILENIUM,GUAYAS,9,GUAYAQUIL,901,"Educación Inicial, Educación General Básica y Bachillerato",Particular,48
2023-2024 Inicio,17H04398,UNIDAD EDUCATIVA PARTICULAR MINE SCHOOL,PICHINCHA,17,QUITO,1701,"Educación Inicial, Educación General Básica y Bachillerato",Particular,9
2023-2024 Inicio,09H05951,UNIDAD EDUCATIVA PARTICULAR MIRAFLORES,GUAYAS,9,GUAYAQUIL,901,"Educación Inicial, Educación General Básica y Bachillerato",Particular,34
2023-2024 Inicio,01H00120,UNIDAD EDUCATIVA PARTICULAR MISIONEROS OBLATOS,AZUAY,1,CUENCA,101,"Educación Inicial, Educación General Básica y Bachillerato",Particular,32
2023-2024 Inicio,09H05342,UNIDAD EDUCATIVA PARTICULAR MONSEÑOR EDMUNDO CARMODY,GUAYAS,9,DURAN,907,"Educación Inicial, Educación General Básica y Bachillerato",Particular,41
2023-2024 Inicio,09H03592,UNIDAD EDUCATIVA PARTICULAR MONSEÑOR ENRIQUE JULHES,GUAYAS,9,DURAN,907,"Educación Inicial, Educación General Básica y Bachillerato",Particular,35
2023-2024 Inicio,09H04663,UNIDAD EDUCATIVA PARTICULAR MONTE TABOR NAZARET,GUAYAS,9,SAMBORONDON,916,"Educación Inicial, Educación General Básica y Bachillerato",Particular,107
2023-2024 Inicio,09H01227,UNIDAD EDUCATIVA PARTICULAR MONTEPIEDRA,GUAYAS,9,GUAYAQUIL,901,Educación General Básica y Bachillerato,Particular,99
2023-2024 Inicio,09H01433,UNIDAD EDUCATIVA PARTICULAR MONTESSORI,GUAYAS,9,GUAYAQUIL,901,"Educación Inicial, Educación General Básica y Bachillerato",Particular,45
2023-2024 Inicio,09H00129,UNIDAD EDUCATIVA PARTICULAR MSC ZOILA ROSA CABRERA MIRANDA DE PRIETO,GUAYAS,9,GUAYAQUIL,901,"Educación Inicial, Educación General Básica y Bachillerato",Particular,15
2023-2024 Inicio,09H00948,UNIDAD EDUCATIVA PARTICULAR MUNDIAL,GUAYAS,9,GUAYAQUIL,901,"Educación Inicial, Educación General Básica y Bachillerato",Particular,46
2023-2024 Inicio,09H01096,UNIDAD EDUCATIVA PARTICULAR MUNDO AMERICA,GUAYAS,9,GUAYAQUIL,901,Educación General Básica y Bachillerato,Particular,110
2023-2024 Inicio,17H03000,UNIDAD EDUCATIVA PARTICULAR NAVARRA,PICHINCHA,17,QUITO,1701,"Educación Inicial, Educación General Básica y Bachillerato",Particular,26
2023-2024 Inicio,13H05438,UNIDAD EDUCATIVA PARTICULAR NAZARET,MANABI,13,MANTA,1308,Educación General Básica y Bachillerato,Particular,15
2023-2024 Inicio,23H00413,UNIDAD EDUCATIVA PARTICULAR NAZARET,SANTO DOMINGO DE LOS TSACHILAS,23,SANTO DOMINGO,2301,"Educación Inicial, Educación General Básica y Bachillerato",Particular,21
2023-2024 Inicio,17H00213,UNIDAD EDUCATIVA PARTICULAR NEW VISION SCHOOL,PICHINCHA,17,QUITO,1701,"Educación Inicial, Educación General Básica y Bachillerato",Particular,11
2023-2024 Inicio,09H00903,UNIDAD EDUCATIVA PARTICULAR NOBEL,GUAYAS,9,GUAYAQUIL,901,"Educación Inicial, Educación General Básica y Bachillerato",Particular,40
2023-2024 Inicio,01H00374,UNIDAD EDUCATIVA PARTICULAR NUESTRA FAMILIA,AZUAY,1,CUENCA,101,"Educación Inicial, Educación General Básica y Bachillerato",Particular,36
2023-2024 Inicio,09H01760,UNIDAD EDUCATIVA PARTICULAR NUESTRA MADRE DE LA ALBORADA,GUAYAS,9,GUAYAQUIL,901,"Educación Inicial, Educación General Básica y Bachillerato",Particular,23
2023-2024 Inicio,09H01441,UNIDAD EDUCATIVA PARTICULAR NUESTRA MADRE DE LA MERCED,GUAYAS,9,GUAYAQUIL,901,"Educación Inicial, Educación General Básica y Bachillerato",Particular,35
2023-2024 Inicio,09H02320,UNIDAD EDUCATIVA PARTICULAR NUESTRA SEÑORA  DEL QUINCHE,GUAYAS,9,GUAYAQUIL,901,"Educación Inicial, Educación General Básica y Bachillerato",Particular,59
2023-2024 Inicio,08H02404,UNIDAD EDUCATIVA PARTICULAR NUESTRA SEÑORA DEL CISNE,ESMERALDAS,8,QUININDE,804,"Educación Inicial, Educación General Básica y Bachillerato",Particular,15
2023-2024 Inicio,17H01014,UNIDAD EDUCATIVA PARTICULAR NUESTRA SEÑORA DEL ROSARIO,PICHINCHA,17,QUITO,1701,"Educación Inicial, Educación General Básica y Bachillerato",Particular,52
2023-2024 Inicio,09H01889,UNIDAD EDUCATIVA PARTICULAR NUEVA CALIFORNIA,GUAYAS,9,GUAYAQUIL,901,"Educación Inicial, Educación General Básica y Bachillerato",Particular,25
2023-2024 Inicio,17H01286,UNIDAD EDUCATIVA PARTICULAR NUEVA PRIMAVERA,PICHINCHA,17,QUITO,1701,"Educación Inicial, Educación General Básica y Bachillerato",Particular,20
2023-2024 Inicio,17H03062,UNIDAD EDUCATIVA PARTICULAR NUEVO AMANECER,PICHINCHA,17,QUITO,1701,"Educación Inicial, Educación General Básica y Bachillerato",Particular,17
2023-2024 Inicio,09H01887,UNIDAD EDUCATIVA PARTICULAR NUEVO CONTINENTE,GUAYAS,9,GUAYAQUIL,901,"Educación Inicial, Educación General Básica y Bachillerato",Particular,22
2023-2024 Inicio,17H01602,UNIDAD EDUCATIVA PARTICULAR NUEVO ECUADOR,PICHINCHA,17,QUITO,1701,"Educación Inicial, Educación General Básica y Bachillerato",Particular,31
2023-2024 Inicio,09H01844,UNIDAD EDUCATIVA PARTICULAR NUEVO PACTO,GUAYAS,9,GUAYAQUIL,901,"Educación Inicial, Educación General Básica y Bachillerato",Particular,57
2023-2024 Inicio,17H01420,UNIDAD EDUCATIVA PARTICULAR NUEVOS HORIZONTES DEL SUR  NO 1,PICHINCHA,17,QUITO,1701,"Educación Inicial, Educación General Básica y Bachillerato",Particular,2
2023-2024 Inicio,13H02284,UNIDAD EDUCATIVA PARTICULAR OLGA MEZA SANTANA,MANABI,13,MANTA,1308,Educación General Básica y Bachillerato,Particular,55
2023-2024 Inicio,09H04638,UNIDAD EDUCATIVA PARTICULAR OLIDA DUEÑAS MOREIRA,GUAYAS,9,SAMBORONDON,916,Educación General Básica y Bachillerato,Particular,45
2023-2024 Inicio,09H01418,UNIDAD EDUCATIVA PARTICULAR OLIMPIA,GUAYAS,9,GUAYAQUIL,901,"Educación Inicial, Educación General Básica y Bachillerato",Particular,36
2023-2024 Inicio,09H05813,UNIDAD EDUCATIVA PARTICULAR OLYMPUS,GUAYAS,9,GUAYAQUIL,901,Educación General Básica y Bachillerato,Particular,7
2023-2024 Inicio,09H02101,UNIDAD EDUCATIVA PARTICULAR ORGANIZACION DE LOS ESTADOS AMERICANOS,GUAYAS,9,GUAYAQUIL,901,"Educación Inicial, Educación General Básica y Bachillerato",Particular,7
2023-2024 Inicio,10H00072,UNIDAD EDUCATIVA PARTICULAR OVIEDO,IMBABURA,10,IBARRA,1001,"Educación Inicial, Educación General Básica y Bachillerato",Particular,34
2023-2024 Inicio,09H03500,UNIDAD EDUCATIVA PARTICULAR PABLO PICASSO,GUAYAS,9,DURAN,907,"Educación Inicial, Educación General Básica y Bachillerato",Particular,33
2023-2024 Inicio,09H02746,UNIDAD EDUCATIVA PARTICULAR PADRES SOMASCOS ELCENÁCULO,GUAYAS,9,GUAYAQUIL,901,"Educación Inicial, Educación General Básica y Bachillerato",Particular,159
2023-2024 Inicio,17H01599,UNIDAD EDUCATIVA PARTICULAR PAÚL DIRAC,PICHINCHA,17,QUITO,1701,"Educación Inicial, Educación General Básica y Bachillerato",Particular,75
2023-2024 Inicio,09H01608,UNIDAD EDUCATIVA PARTICULAR PAUL RIVET,GUAYAS,9,GUAYAQUIL,901,"Educación Inicial, Educación General Básica y Bachillerato",Particular,34
2023-2024 Inicio,09H01526,UNIDAD EDUCATIVA PARTICULAR PAULO FREIRE,GUAYAS,9,GUAYAQUIL,901,"Educación Inicial, Educación General Básica y Bachillerato",Particular,19
2023-2024 Inicio,17H00538,UNIDAD EDUCATIVA PARTICULAR PAULO FREIRE,PICHINCHA,17,QUITO,1701,Educación General Básica y Bachillerato,Particular,25
2023-2024 Inicio,17H00584,UNIDAD EDUCATIVA PARTICULAR PAULO VI,PICHINCHA,17,QUITO,1701,Educación General Básica y Bachillerato,Particular,145
2023-2024 Inicio,17H01277,UNIDAD EDUCATIVA PARTICULAR PCEI CENEPA,PICHINCHA,17,QUITO,1701,Educación General Básica y Bachillerato,Particular,2
2023-2024 Inicio,17H03647,UNIDAD EDUCATIVA PARTICULAR PCEI EDUCACIÓN SIGLO XXI,PICHINCHA,17,QUITO,1701,Educación General Básica y Bachillerato,Particular,9
2023-2024 Inicio,23H00843,UNIDAD EDUCATIVA PARTICULAR PCEI NIKOLA TESLA,SANTO DOMINGO DE LOS TSACHILAS,23,SANTO DOMINGO,2301,Bachillerato,Particular,11
2023-2024 Inicio,09H02493,UNIDAD EDUCATIVA PARTICULAR PDTE CARLOS JULIO AROSEMENA TOLA,GUAYAS,9,GUAYAQUIL,901,"Educación Inicial, Educación General Básica y Bachillerato",Particular,177
2023-2024 Inicio,17H00830,UNIDAD EDUCATIVA PARTICULAR PEDRO PABLO BORJA NO 1,PICHINCHA,17,QUITO,1701,"Educación Inicial, Educación General Básica y Bachillerato",Particular,15
2023-2024 Inicio,17H01914,UNIDAD EDUCATIVA PARTICULAR PENIEL CHRISTIAN SCHOOL,PICHINCHA,17,QUITO,1701,"Educación Inicial, Educación General Básica y Bachillerato",Particular,29
2023-2024 Inicio,17H01201,UNIDAD EDUCATIVA PARTICULAR PEREZ PALLARES,PICHINCHA,17,QUITO,1701,Educación General Básica y Bachillerato,Particular,104
2023-2024 Inicio,17H03275,UNIDAD EDUCATIVA PARTICULAR PICHINCHA DE CONOCOTO,PICHINCHA,17,QUITO,1701,Educación General Básica y Bachillerato,Particular,43
2023-2024 Inicio,23H00379,UNIDAD EDUCATIVA PARTICULAR PIERA GRAZIA BRUCCOLERI,SANTO DOMINGO DE LOS TSACHILAS,23,SANTO DOMINGO,2301,Educación General Básica y Bachillerato,Particular,25
2023-2024 Inicio,17H00590,UNIDAD EDUCATIVA PARTICULAR PIO JARAMILLO ALVARADO,PICHINCHA,17,QUITO,1701,Educación General Básica y Bachillerato,Particular,15
2023-2024 Inicio,01H00489,UNIDAD EDUCATIVA PARTICULAR PIO XII,AZUAY,1,CUENCA,101,"Educación Inicial, Educación General Básica y Bachillerato",Particular,48
2023-2024 Inicio,09H01359,UNIDAD EDUCATIVA PARTICULAR POLITECNICO,GUAYAS,9,GUAYAQUIL,901,"Educación Inicial, Educación General Básica y Bachillerato",Particular,68
2023-2024 Inicio,09H01239,UNIDAD EDUCATIVA PARTICULAR PORTLAND SCHOOL,GUAYAS,9,GUAYAQUIL,901,"Educación Inicial, Educación General Básica y Bachillerato",Particular,16
2023-2024 Inicio,01H00456,UNIDAD EDUCATIVA PARTICULAR PORVENIR,AZUAY,1,CUENCA,101,"Educación Inicial, Educación General Básica y Bachillerato",Particular,29
2023-2024 Inicio,09H01177,UNIDAD EDUCATIVA PARTICULAR PRAGA,GUAYAS,9,GUAYAQUIL,901,"Educación Inicial, Educación General Básica y Bachillerato",Particular,18
2023-2024 Inicio,14H00282,UNIDAD EDUCATIVA PARTICULAR PRESIDENTE CORDERO,MORONA SANTIAGO,14,SANTIAGO,1405,Educación General Básica y Bachillerato,Fiscal,23
2023-2024 Inicio,01H00446,UNIDAD EDUCATIVA PARTICULAR PRINCIPE DE PAZ,AZUAY,1,CUENCA,101,Educación General Básica y Bachillerato,Particular,11
2023-2024 Inicio,09H01198,UNIDAD EDUCATIVA PARTICULAR PROVINCIAS UNIDAS DEL ECUADOR,GUAYAS,9,GUAYAQUIL,901,"Educación Inicial, Educación General Básica y Bachillerato",Particular,27
2023-2024 Inicio,17H03156,UNIDAD EDUCATIVA PARTICULAR RAFAEL BUCHELI,PICHINCHA,17,QUITO,1701,"Educación Inicial, Educación General Básica y Bachillerato",Particular,35
2023-2024 Inicio,23H00007,UNIDAD EDUCATIVA PARTICULAR RAUL GONZALEZ ASTUDILLO,SANTO DOMINGO DE LOS TSACHILAS,23,SANTO DOMINGO,2301,"Educación Inicial, Educación General Básica y Bachillerato",Particular,51
2023-2024 Inicio,13H01937,UNIDAD EDUCATIVA PARTICULAR REDEMPTIO,MANABI,13,JIPIJAPA,1306,"Educación Inicial, Educación General Básica y Bachillerato",Particular,37
2023-2024 Inicio,09H06070,UNIDAD EDUCATIVA PARTICULAR REINO UNIDO,GUAYAS,9,GUAYAQUIL,901,"Educación Inicial, Educación General Básica y Bachillerato",Particular,6
2023-2024 Inicio,17H04488,UNIDAD EDUCATIVA PARTICULAR REINVENTED IDV,PICHINCHA,17,QUITO,1701,Educación General Básica y Bachillerato,Particular,18
2023-2024 Inicio,09H01669,UNIDAD EDUCATIVA PARTICULAR REPÚBLICA DE FRANCIA,GUAYAS,9,GUAYAQUIL,901,Educación General Básica y Bachillerato,Particular,39
2023-2024 Inicio,09H00893,UNIDAD EDUCATIVA PARTICULAR REPUBLICA DE IBERIA,GUAYAS,9,GUAYAQUIL,901,"Educación Inicial, Educación General Básica y Bachillerato",Particular,11
2023-2024 Inicio,09H00995,UNIDAD EDUCATIVA PARTICULAR REY JESUS,GUAYAS,9,GUAYAQUIL,901,"Educación Inicial, Educación General Básica y Bachillerato",Particular,30
2023-2024 Inicio,17H03289,UNIDAD EDUCATIVA PARTICULAR REY SABIO SALOMON,PICHINCHA,17,QUITO,1701,Educación General Básica y Bachillerato,Particular,8
2023-2024 Inicio,13H05464,UNIDAD EDUCATIVA PARTICULAR RICHARD FEYNMAN,MANABI,13,MANTA,1308,Educación General Básica y Bachillerato,Particular,7
2023-2024 Inicio,17H00401,UNIDAD EDUCATIVA PARTICULAR RINCON DEL SABER,PICHINCHA,17,QUITO,1701,"Educación Inicial, Educación General Básica y Bachillerato",Particular,69
2023-2024 Inicio,17H01082,UNIDAD EDUCATIVA PARTICULAR ROCKEFELLER,PICHINCHA,17,QUITO,1701,"Educación Inicial, Educación General Básica y Bachillerato",Particular,13
2023-2024 Inicio,09H06678,UNIDAD EDUCATIVA PARTICULAR RONALD REAGAN,GUAYAS,9,GUAYAQUIL,901,"Educación Inicial, Educación General Básica y Bachillerato",Particular,38
2023-2024 Inicio,13H00425,UNIDAD EDUCATIVA PARTICULAR ROSA CEDEÑO DE GRANIZO,MANABI,13,PORTOVIEJO,1301,"Educación Inicial, Educación General Básica y Bachillerato",Particular,31
2023-2024 Inicio,01H01639,UNIDAD EDUCATIVA PARTICULAR ROSA DE JESUS CORDERO,AZUAY,1,CUENCA,101,"Educación Inicial, Educación General Básica y Bachillerato",Particular,122
2023-2024 Inicio,07H00025,UNIDAD EDUCATIVA PARTICULAR ROSA SERRANO DE MADERO,EL ORO,7,MACHALA,701,"Educación Inicial, Educación General Básica y Bachillerato",Particular,29
2023-2024 Inicio,09H00721,UNIDAD EDUCATIVA PARTICULAR ROSARIO SANCHEZ BRUNO,GUAYAS,9,GUAYAQUIL,901,"Educación Inicial, Educación General Básica y Bachillerato",Particular,116
2023-2024 Inicio,17H00272,UNIDAD EDUCATIVA PARTICULAR RUDOLF STEINER,PICHINCHA,17,QUITO,1701,"Educación Inicial, Educación General Básica y Bachillerato",Particular,15
2023-2024 Inicio,09H01560,UNIDAD EDUCATIVA PARTICULAR SABIDURIA DE DIOS,GUAYAS,9,GUAYAQUIL,901,Educación General Básica y Bachillerato,Particular,23
2023-2024 Inicio,09H01491,UNIDAD EDUCATIVA PARTICULAR SADOWINSKI SCHOOL,GUAYAS,9,GUAYAQUIL,901,"Educación Inicial, Educación General Básica y Bachillerato",Particular,16
2023-2024 Inicio,09H02426,UNIDAD EDUCATIVA PARTICULAR SAGRADA FAMILIA,GUAYAS,9,GUAYAQUIL,901,"Educación Inicial, Educación General Básica y Bachillerato",Particular,60
2023-2024 Inicio,09H00790,UNIDAD EDUCATIVA PARTICULAR SAGRADA FAMILIA DE NAZARETH,GUAYAS,9,GUAYAQUIL,901,Educación General Básica y Bachillerato,Particular,31
2023-2024 Inicio,07H00004,UNIDAD EDUCATIVA PARTICULAR SAGRADO CORAZON DE JESUS,EL ORO,7,MACHALA,701,"Educación Inicial, Educación General Básica y Bachillerato",Particular,13
2023-2024 Inicio,01H00296,UNIDAD EDUCATIVA PARTICULAR SAGRADOS CORAZONES,AZUAY,1,CUENCA,101,"Educación Inicial, Educación General Básica y Bachillerato",Particular,80
2023-2024 Inicio,17H00022,UNIDAD EDUCATIVA PARTICULAR SAGRADOS CORAZONES DE RUMIPAMBA,PICHINCHA,17,QUITO,1701,"Educación Inicial, Educación General Básica y Bachillerato",Particular,76
2023-2024 Inicio,01H00113,UNIDAD EDUCATIVA PARTICULAR SALESIANA MARIA AUXILIADORA,AZUAY,1,CUENCA,101,"Educación Inicial, Educación General Básica y Bachillerato",Particular,90
2023-2024 Inicio,09H00682,UNIDAD EDUCATIVA PARTICULAR SAN AGUSTIN,GUAYAS,9,GUAYAQUIL,901,"Educación Inicial, Educación General Básica y Bachillerato",Particular,93
2023-2024 Inicio,17H00754,UNIDAD EDUCATIVA PARTICULAR SAN ANDRÉS,PICHINCHA,17,QUITO,1701,"Educación Inicial, Educación General Básica y Bachillerato",Particular,39
2023-2024 Inicio,17H02952,UNIDAD EDUCATIVA PARTICULAR SAN ANDRES QUITUMBE,PICHINCHA,17,QUITO,1701,"Educación Inicial, Educación General Básica y Bachillerato",Particular,115
2023-2024 Inicio,09H01246,UNIDAD EDUCATIVA PARTICULAR SAN BENILDO LA SALLE,GUAYAS,9,GUAYAQUIL,901,"Educación Inicial, Educación General Básica y Bachillerato",Particular,150
2023-2024 Inicio,03H00026,UNIDAD EDUCATIVA PARTICULAR SAN DIEGO DE ALCALA,CAÑAR,3,AZOGUES,301,"Educación Inicial, Educación General Básica y Bachillerato",Particular,49
2023-2024 Inicio,17H00763,UNIDAD EDUCATIVA PARTICULAR SAN FERNANDO,PICHINCHA,17,QUITO,1701,Educación General Básica y Bachillerato,Particular,50
2023-2024 Inicio,09H00438,UNIDAD EDUCATIVA PARTICULAR SAN FRANCISCO DE ASIS,GUAYAS,9,GUAYAQUIL,901,"Educación Inicial, Educación General Básica y Bachillerato",Particular,108
2023-2024 Inicio,09H06670,UNIDAD EDUCATIVA PARTICULAR SAN FRANCISCO DE ASÍS,GUAYAS,9,DURAN,907,Educación General Básica y Bachillerato,Particular,93
2023-2024 Inicio,17H01381,UNIDAD EDUCATIVA PARTICULAR SAN FRANCISCO DE ASIS DE LA ARCADIA,PICHINCHA,17,QUITO,1701,"Educación Inicial, Educación General Básica y Bachillerato",Particular,21
2023-2024 Inicio,01H00769,UNIDAD EDUCATIVA PARTICULAR SAN FRANCISCO DE SALES,AZUAY,1,CUENCA,101,"Educación Inicial, Educación General Básica y Bachillerato",Particular,22
2023-2024 Inicio,17H00672,UNIDAD EDUCATIVA PARTICULAR SAN FRANCISCO DE SALES,PICHINCHA,17,QUITO,1701,"Educación Inicial, Educación General Básica y Bachillerato",Particular,43
2023-2024 Inicio,03H00513,UNIDAD EDUCATIVA PARTICULAR SAN GABRIEL,CAÑAR,3,LA TRONCAL,304,Educación General Básica y Bachillerato,Particular,53
2023-2024 Inicio,17H00019,UNIDAD EDUCATIVA PARTICULAR SAN GABRIEL,PICHINCHA,17,QUITO,1701,"Educación Inicial, Educación General Básica y Bachillerato",Particular,109
2023-2024 Inicio,09H02689,UNIDAD EDUCATIVA PARTICULAR SAN GABRIEL DE LA DOLOROSA,GUAYAS,9,GUAYAQUIL,901,"Educación Inicial, Educación General Básica y Bachillerato",Particular,26
2023-2024 Inicio,09H00824,UNIDAD EDUCATIVA PARTICULAR SAN JOSÉ DE CALASANZ,GUAYAS,9,GUAYAQUIL,901,"Educación Inicial, Educación General Básica y Bachillerato",Particular,7
2023-2024 Inicio,09H00072,UNIDAD EDUCATIVA PARTICULAR SAN JOSE LA SALLE,GUAYAS,9,GUAYAQUIL,901,"Educación Inicial, Educación General Básica y Bachillerato",Particular,143
2023-2024 Inicio,17H00579,UNIDAD EDUCATIVA PARTICULAR SAN JOSÉ LA SALLE,PICHINCHA,17,QUITO,1701,Educación General Básica y Bachillerato,Particular,114
2023-2024 Inicio,09H01221,UNIDAD EDUCATIVA PARTICULAR SAN JOSEMARIA ESCRIVA,GUAYAS,9,GUAYAQUIL,901,"Educación Inicial, Educación General Básica y Bachillerato",Particular,89
2023-2024 Inicio,17H01039,UNIDAD EDUCATIVA PARTICULAR SAN JUAN BOSCO,PICHINCHA,17,QUITO,1701,"Educación Inicial, Educación General Básica y Bachillerato",Particular,15
2023-2024 Inicio,09H00138,UNIDAD EDUCATIVA PARTICULAR SAN LUIS REY DE FRANCIA,GUAYAS,9,GUAYAQUIL,901,"Educación Inicial, Educación General Básica y Bachillerato",Particular,72
2023-2024 Inicio,17H00400,UNIDAD EDUCATIVA PARTICULAR SAN MARINO,PICHINCHA,17,QUITO,1701,"Educación Inicial, Educación General Básica y Bachillerato",Particular,14
2023-2024 Inicio,17H03052,UNIDAD EDUCATIVA PARTICULAR SAN MARTÍN,PICHINCHA,17,QUITO,1701,"Educación Inicial, Educación General Básica y Bachillerato",Particular,17
2023-2024 Inicio,23H00601,UNIDAD EDUCATIVA PARTICULAR SAN PEDRO DEL VALLE HERMOSO,SANTO DOMINGO DE LOS TSACHILAS,23,SANTO DOMINGO,2301,"Educación Inicial, Educación General Básica y Bachillerato",Particular,22
2023-2024 Inicio,17H00804,UNIDAD EDUCATIVA PARTICULAR SAN PEDRO PASCUAL,PICHINCHA,17,QUITO,1701,"Educación Inicial, Educación General Básica y Bachillerato",Particular,51
2023-2024 Inicio,09H01161,UNIDAD EDUCATIVA PARTICULAR SANTA ANA,GUAYAS,9,GUAYAQUIL,901,"Educación Inicial, Educación General Básica y Bachillerato",Particular,77
2023-2024 Inicio,13H03192,UNIDAD EDUCATIVA PARTICULAR SANTA ANA,MANABI,13,SANTA ANA,1313,"Educación Inicial, Educación General Básica y Bachillerato",Particular,17
2023-2024 Inicio,17H00555,UNIDAD EDUCATIVA PARTICULAR SANTA DOROTEA,PICHINCHA,17,QUITO,1701,"Educación Inicial, Educación General Básica y Bachillerato",Particular,97
2023-2024 Inicio,07H00073,UNIDAD EDUCATIVA PARTICULAR SANTA MARIA,EL ORO,7,MACHALA,701,"Educación Inicial, Educación General Básica y Bachillerato",Particular,47
2023-2024 Inicio,17H01173,UNIDAD EDUCATIVA PARTICULAR SANTA MARIA D MAZZARELLO,PICHINCHA,17,QUITO,1701,"Educación Inicial, Educación General Básica y Bachillerato",Particular,83
2023-2024 Inicio,01H01452,UNIDAD EDUCATIVA PARTICULAR SANTA MARIA DE LA ESPERANZA,AZUAY,1,CHORDELEG,111,"Educación Inicial, Educación General Básica y Bachillerato",Particular,25
2023-2024 Inicio,09H00078,UNIDAD EDUCATIVA PARTICULAR SANTA MARIA DE LOS ANGELES,GUAYAS,9,GUAYAQUIL,901,"Educación Inicial, Educación General Básica y Bachillerato",Particular,88
2023-2024 Inicio,17H00220,UNIDAD EDUCATIVA PARTICULAR SANTA MARÍA EUFRASIA,PICHINCHA,17,QUITO,1701,Educación General Básica y Bachillerato,Particular,144
2023-2024 Inicio,09H01926,UNIDAD EDUCATIVA PARTICULAR SANTA MARIA GORETTI,GUAYAS,9,GUAYAQUIL,901,"Educación Inicial, Educación General Básica y Bachillerato",Particular,81
2023-2024 Inicio,09H00014,UNIDAD EDUCATIVA PARTICULAR SANTA MARIANA DE JESUS,GUAYAS,9,GUAYAQUIL,901,"Educación Inicial, Educación General Básica y Bachillerato",Particular,65
2023-2024 Inicio,11H00053,UNIDAD EDUCATIVA PARTICULAR SANTA MARIANA DE JESUS,LOJA,11,LOJA,1101,"Educación Inicial, Educación General Básica y Bachillerato",Particular,91
2023-2024 Inicio,17H03319,UNIDAD EDUCATIVA PARTICULAR SANTA MARIANA DE JESUS,PICHINCHA,17,QUITO,1701,"Educación Inicial, Educación General Básica y Bachillerato",Particular,52
2023-2024 Inicio,01H00172,UNIDAD EDUCATIVA PARTICULAR SANTA MARIANA DE JESÚS,AZUAY,1,CUENCA,101,"Educación Inicial, Educación General Básica y Bachillerato",Particular,119
2023-2024 Inicio,09H01176,UNIDAD EDUCATIVA PARTICULAR SANTA PAULA,GUAYAS,9,GUAYAQUIL,901,"Educación Inicial, Educación General Básica y Bachillerato",Particular,2
2023-2024 Inicio,07H01038,UNIDAD EDUCATIVA PARTICULAR SANTA TERESITA,EL ORO,7,SANTA ROSA,712,Educación General Básica y Bachillerato,Particular,65
2023-2024 Inicio,01H00300,UNIDAD EDUCATIVA PARTICULAR SANTANA,AZUAY,1,CUENCA,101,"Educación Inicial, Educación General Básica y Bachillerato",Particular,44
2023-2024 Inicio,01H00771,UNIDAD EDUCATIVA PARTICULAR SANTIAGO DE COMPOSTELA,AZUAY,1,CUENCA,101,"Educación Inicial, Educación General Básica y Bachillerato",Particular,25
2023-2024 Inicio,09H02450,UNIDAD EDUCATIVA PARTICULAR SANTIAGO DE LAS PRADERAS,GUAYAS,9,GUAYAQUIL,901,"Educación Inicial, Educación General Básica y Bachillerato",Particular,51
2023-2024 Inicio,21H00883,UNIDAD EDUCATIVA PARTICULAR SANTIAGO DE QUITO,SUCUMBIOS,21,SHUSHUFINDI,2104,"Educación Inicial, Educación General Básica y Bachillerato",Particular,28
2023-2024 Inicio,22H00107,UNIDAD EDUCATIVA PARTICULAR SANTIAGO DE QUITO,ORELLANA,22,ORELLANA,2201,"Educación Inicial, Educación General Básica y Bachillerato",Particular,30
2023-2024 Inicio,07H00827,UNIDAD EDUCATIVA PARTICULAR SANTISIMOS CORAZONES,EL ORO,7,PASAJE,709,"Educación Inicial, Educación General Básica y Bachillerato",Particular,32
2023-2024 Inicio,01H01020,UNIDAD EDUCATIVA PARTICULAR SANTO DOMINGO DE GUZMAN,AZUAY,1,GUALACEO,103,"Educación Inicial, Educación General Básica y Bachillerato",Particular,74
2023-2024 Inicio,09H01340,UNIDAD EDUCATIVA PARTICULAR SANTO DOMINGO DE GUZMAN,GUAYAS,9,GUAYAQUIL,901,"Educación Inicial, Educación General Básica y Bachillerato",Particular,107
2023-2024 Inicio,17H00677,UNIDAD EDUCATIVA PARTICULAR SANTO DOMINGO DE GUZMAN,PICHINCHA,17,QUITO,1701,"Educación Inicial, Educación General Básica y Bachillerato",Particular,89
2023-2024 Inicio,17H01977,UNIDAD EDUCATIVA PARTICULAR SANTO DOMINGO SAVIO DE POMASQUI,PICHINCHA,17,QUITO,1701,"Educación Inicial, Educación General Básica y Bachillerato",Particular,35
2023-2024 Inicio,07H00403,UNIDAD EDUCATIVA PARTICULAR SANTO TOMAS DE AQUINO,EL ORO,7,ARENILLAS,702,"Educación Inicial, Educación General Básica y Bachillerato",Particular,27
2023-2024 Inicio,09H00562,UNIDAD EDUCATIVA PARTICULAR SANTO TOMAS DE AQUINO,GUAYAS,9,GUAYAQUIL,901,"Educación Inicial, Educación General Básica y Bachillerato",Particular,94
2023-2024 Inicio,09H05406,UNIDAD EDUCATIVA PARTICULAR SANTO TOMÁS DE AQUINO,GUAYAS,9,GUAYAQUIL,901,"Educación Inicial, Educación General Básica y Bachillerato",Particular,48
2023-2024 Inicio,13H01445,UNIDAD EDUCATIVA PARTICULAR SEGUNDO REINALDO CHIRIBOGA RIVERA,MANABI,13,EL CARMEN,1304,"Educación Inicial, Educación General Básica y Bachillerato",Particular,5
2023-2024 Inicio,09H00265,UNIDAD EDUCATIVA PARTICULAR SEMILLITA DE GUAYAQUIL,GUAYAS,9,GUAYAQUIL,901,"Educación Inicial, Educación General Básica y Bachillerato",Particular,11
2023-2024 Inicio,17H00333,UNIDAD EDUCATIVA PARTICULAR SENECA,PICHINCHA,17,QUITO,1701,Educación General Básica y Bachillerato,Particular,17
2023-2024 Inicio,09H02146,UNIDAD EDUCATIVA PARTICULAR SERGIO NUÑEZ SANTAMARIA,GUAYAS,9,GUAYAQUIL,901,"Educación Inicial, Educación General Básica y Bachillerato",Particular,32
2023-2024 Inicio,17H00425,UNIDAD EDUCATIVA PARTICULAR SHALON,PICHINCHA,17,QUITO,1701,Educación General Básica y Bachillerato,Particular,11
2023-2024 Inicio,07H00308,UNIDAD EDUCATIVA PARTICULAR SIETE DE MAYO,EL ORO,7,MACHALA,701,"Educación Inicial, Educación General Básica y Bachillerato",Particular,36
2023-2024 Inicio,13H03191,UNIDAD EDUCATIVA PARTICULAR SIMON BOLIVAR,MANABI,13,SANTA ANA,1313,"Educación Inicial, Educación General Básica y Bachillerato",Particular,29
2023-2024 Inicio,21H00136,UNIDAD EDUCATIVA PARTICULAR SIMON BOLIVAR,SUCUMBIOS,21,LAGO AGRIO,2101,"Educación Inicial, Educación General Básica y Bachillerato",Particular,25
2023-2024 Inicio,01H01644,UNIDAD EDUCATIVA PARTICULAR SINDICATO DE CHOFERES DE CUENCA,AZUAY,1,CUENCA,101,Educación General Básica y Bachillerato,Particular,35
2023-2024 Inicio,09H00457,UNIDAD EDUCATIVA PARTICULAR SIR FRANCISCO BACON,GUAYAS,9,GUAYAQUIL,901,Educación General Básica y Bachillerato,Particular,13
2023-2024 Inicio,09H06130,UNIDAD EDUCATIVA PARTICULAR SOFOS,GUAYAS,9,GUAYAQUIL,901,"Educación Inicial, Educación General Básica y Bachillerato",Particular,127
2023-2024 Inicio,13H02374,UNIDAD EDUCATIVA PARTICULAR STELLA MARIS,MANABI,13,MANTA,1308,"Educación Inicial, Educación General Básica y Bachillerato",Particular,67
2023-2024 Inicio,01H00271,UNIDAD EDUCATIVA PARTICULAR SUDAMERICANO,AZUAY,1,CUENCA,101,"Educación Inicial, Educación General Básica y Bachillerato",Particular,72
2023-2024 Inicio,23H00701,UNIDAD EDUCATIVA PARTICULAR SUDAMERICANO,SANTO DOMINGO DE LOS TSACHILAS,23,SANTO DOMINGO,2301,Educación General Básica y Bachillerato,Particular,53
2023-2024 Inicio,09H02424,UNIDAD EDUCATIVA PARTICULAR SUIZA,GUAYAS,9,GUAYAQUIL,901,"Educación Inicial, Educación General Básica y Bachillerato",Particular,6
2023-2024 Inicio,17H03242,UNIDAD EDUCATIVA PARTICULAR SUYANA,PICHINCHA,17,QUITO,1701,Educación General Básica y Bachillerato,Particular,31
2023-2024 Inicio,09H06677,UNIDAD EDUCATIVA PARTICULAR TALMUD DE JEHOVÁ,GUAYAS,9,GUAYAQUIL,901,"Educación Inicial, Educación General Básica y Bachillerato",Particular,15
2023-2024 Inicio,17H00054,UNIDAD EDUCATIVA PARTICULAR TEILHARD DE CHARDIN,PICHINCHA,17,QUITO,1701,"Educación Inicial, Educación General Básica y Bachillerato",Particular,21
2023-2024 Inicio,09H03570,UNIDAD EDUCATIVA PARTICULAR TEODORO KELLY,GUAYAS,9,DURAN,907,"Educación Inicial, Educación General Básica y Bachillerato",Particular,48
2023-2024 Inicio,23H00199,UNIDAD EDUCATIVA PARTICULAR TERCER MILENIO,SANTO DOMINGO DE LOS TSACHILAS,23,SANTO DOMINGO,2301,"Educación Inicial, Educación General Básica y Bachillerato",Particular,7
2023-2024 Inicio,09H01538,UNIDAD EDUCATIVA PARTICULAR TERESA AZUCENA CARRERA LOOR,GUAYAS,9,GUAYAQUIL,901,"Educación Inicial, Educación General Básica y Bachillerato",Particular,35
2023-2024 Inicio,17H01750,UNIDAD EDUCATIVA PARTICULAR TERRANOVA,PICHINCHA,17,QUITO,1701,"Educación Inicial, Educación General Básica y Bachillerato",Particular,86
2023-2024 Inicio,17H02121,UNIDAD EDUCATIVA PARTICULAR THE BRITISH SCHOOL,PICHINCHA,17,QUITO,1701,"Educación Inicial, Educación General Básica y Bachillerato",Particular,12
2023-2024 Inicio,17H01087,UNIDAD EDUCATIVA PARTICULAR TOMAS MORO,PICHINCHA,17,QUITO,1701,"Educación Inicial, Educación General Básica y Bachillerato",Particular,62
2023-2024 Inicio,01H00001,UNIDAD EDUCATIVA PARTICULAR UNITEC DISCOVERY CRISTO REY,AZUAY,1,CUENCA,101,"Educación Inicial, Educación General Básica y Bachillerato",Particular,19
2023-2024 Inicio,01H00694,UNIDAD EDUCATIVA PARTICULAR VERBO,AZUAY,1,CUENCA,101,"Educación Inicial, Educación General Básica y Bachillerato",Particular,19
2023-2024 Inicio,11H02042,UNIDAD EDUCATIVA PARTICULAR VICENTE AGUSTIN AGUIRRE RUIZ,LOJA,11,LOJA,1101,"Educación Inicial, Educación General Básica y Bachillerato",Particular,21
2023-2024 Inicio,17H03158,UNIDAD EDUCATIVA PARTICULAR VICTORIA BILINGUAL CHRISTIAN ACADEMY,PICHINCHA,17,QUITO,1701,"Educación Inicial, Educación General Básica y Bachillerato",Particular,22
2023-2024 Inicio,09H02211,UNIDAD EDUCATIVA PARTICULAR VIDA NUEVA,GUAYAS,9,GUAYAQUIL,901,"Educación Inicial, Educación General Básica y Bachillerato",Particular,21
2023-2024 Inicio,13H00259,UNIDAD EDUCATIVA PARTICULAR VILLA NUEVA DE PORTOVIEJO,MANABI,13,PORTOVIEJO,1301,Educación General Básica y Bachillerato,Particular,31
2023-2024 Inicio,07H00155,UNIDAD EDUCATIVA PARTICULAR VIRGEN DEL CISNE,EL ORO,7,MACHALA,701,"Educación Inicial, Educación General Básica y Bachillerato",Particular,16
2023-2024 Inicio,17H02938,UNIDAD EDUCATIVA PARTICULAR VIRGILIO DROUET,PICHINCHA,17,QUITO,1701,"Educación Inicial, Educación General Básica y Bachillerato",Particular,10
2023-2024 Inicio,09H00630,UNIDAD EDUCATIVA PARTICULAR VISIÓN,GUAYAS,9,GUAYAQUIL,901,"Educación Inicial, Educación General Básica y Bachillerato",Particular,26
2023-2024 Inicio,09H02723,UNIDAD EDUCATIVA PARTICULAR VOLUNTAS DEI,GUAYAS,9,GUAYAQUIL,901,Educación General Básica y Bachillerato,Particular,128
2023-2024 Inicio,17H03168,UNIDAD EDUCATIVA PARTICULAR WILLIAM HENRY PERKIN,PICHINCHA,17,QUITO,1701,Educación General Básica y Bachillerato,Particular,2
2023-2024 Inicio,01H00445,UNIDAD EDUCATIVA PARTICULAR YANUNCAY,AZUAY,1,CUENCA,101,Educación General Básica y Bachillerato,Particular,5
2023-2024 Inicio,09H05945,UNIDAD EDUCATIVA PARTICULAR YOUNG LIVING ACADEMY,GUAYAS,9,GUAYAQUIL,901,"Educación Inicial, Educación General Básica y Bachillerato",Particular,22
2023-2024 Inicio,23H00840,UNIDAD EDUCATIVA PARTOCULAR EXCELSO ESPIRITU SANTO,SANTO DOMINGO DE LOS TSACHILAS,23,SANTO DOMINGO,2301,"Educación Inicial, Educación General Básica y Bachillerato",Particular,27
2023-2024 Inicio,18H00242,UNIDAD EDUCATIVA PASA,TUNGURAHUA,18,AMBATO,1801,"Educación Inicial, Educación General Básica y Bachillerato",Fiscal,44
2023-2024 Inicio,09H01579,UNIDAD EDUCATIVA PASIONISTA,GUAYAS,9,GUAYAQUIL,901,"Educación Inicial, Educación General Básica y Bachillerato",Particular,125
2023-2024 Inicio,05H00186,UNIDAD EDUCATIVA PASTOCALLE,COTOPAXI,5,LATACUNGA,501,"Educación Inicial, Educación General Básica y Bachillerato",Fiscal,40
2023-2024 Inicio,09H00289,UNIDAD EDUCATIVA PATRIA ECUATORIANA,GUAYAS,9,GUAYAQUIL,901,Educación General Básica y Bachillerato,Fiscal,370
2023-2024 Inicio,15H00294,UNIDAD EDUCATIVA PATRIOTA MICHILENA,NAPO,15,TENA,1501,"Educación Inicial, Educación General Básica y Bachillerato",Fiscal,28
2023-2024 Inicio,09H04116,UNIDAD EDUCATIVA PAULINO MILAN HERRERA,GUAYAS,9,MILAGRO,910,"Educación Inicial, Educación General Básica y Bachillerato",Fiscal,61
2023-2024 Inicio,13H00118,UNIDAD EDUCATIVA PAULO EMILIO MACIAS,MANABI,13,PORTOVIEJO,1301,Educación General Básica y Bachillerato,Fiscal,197
2023-2024 Inicio,16H00015,UNIDAD EDUCATIVA PCEI 13 DE ABRIL,PASTAZA,16,PASTAZA,1601,"Educación General Básica, Bachillerato y Ofertas Intensivas",Fiscal,5
2023-2024 Inicio,05H00089,UNIDAD EDUCATIVA PCEI ABOGADO JAIME ROLDÓS AGUILERA,COTOPAXI,5,LATACUNGA,501,Educación General Básica y Bachillerato,Fiscal,4
2023-2024 Inicio,18H00753,UNIDAD EDUCATIVA PCEI ALBOREADA,TUNGURAHUA,18,AMBATO,1801,Educación General Básica y Bachillerato,Fiscal,5
2023-2024 Inicio,12H02616,UNIDAD EDUCATIVA PCEI LOS RÍOS EXTENSIÓN QUEVEDO,LOS RIOS,12,QUEVEDO,1205,Educación General Básica y Bachillerato,Fiscomisional,30
2023-2024 Inicio,13H01775,UNIDAD EDUCATIVA PEDRO ANTONIO VEGA,MANABI,13,FLAVIO ALFARO,1305,Educación General Básica y Bachillerato,Fiscal,8
2023-2024 Inicio,02H00047,UNIDAD EDUCATIVA PEDRO CARBO,BOLIVAR,2,GUARANDA,201,Educación General Básica y Bachillerato,Fiscal,206
2023-2024 Inicio,18H00367,UNIDAD EDUCATIVA PEDRO FERMIN CEVALLOS,TUNGURAHUA,18,CEVALLOS,1803,"Educación Inicial, Educación General Básica, Bachillerato y Ofertas Intensivas",Fiscal,115
2023-2024 Inicio,19H00215,UNIDAD EDUCATIVA PEDRO FERMÍN CEVALLOS,ZAMORA CHINCHIPE,19,NANGARITZA,1903,"Educación Inicial, Educación General Básica y Bachillerato",Fiscal,9
2023-2024 Inicio,24H00182,UNIDAD EDUCATIVA PEDRO FRANCO DAVILA,SANTA ELENA,24,SALINAS,2403,"Educación General Básica, Bachillerato y Ofertas Intensivas",Fiscal,100
2023-2024 Inicio,17H01820,UNIDAD EDUCATIVA PEDRO JOSE ARTETA,PICHINCHA,17,QUITO,1701,Educación General Básica y Bachillerato,Fiscal,18
2023-2024 Inicio,09H01437,UNIDAD EDUCATIVA PEDRO MONCAYO ESPARZA,GUAYAS,9,GUAYAQUIL,901,Educación General Básica y Bachillerato,Particular,12
2023-2024 Inicio,13H01313,UNIDAD EDUCATIVA PEDRO TOBIAS ZAMBRANO VERA,MANABI,13,CHONE,1303,Educación General Básica y Bachillerato,Fiscal,6
2023-2024 Inicio,06H00159,UNIDAD EDUCATIVA PEDRO VICENTE MALDONADO,CHIMBORAZO,6,RIOBAMBA,601,"Educación Inicial, Educación General Básica y Bachillerato",Fiscal,334
2023-2024 Inicio,11H01395,UNIDAD EDUCATIVA PEDRO VICENTE MALDONADO,LOJA,11,SARAGURO,1111,"Educación Inicial, Educación General Básica y Bachillerato",Fiscal,15
2023-2024 Inicio,13H03022,UNIDAD EDUCATIVA PEDRO VICENTE MALDONADO,MANABI,13,PICHINCHA,1311,"Educación Inicial, Educación General Básica y Bachillerato",Fiscal,26
2023-2024 Inicio,17H02528,UNIDAD EDUCATIVA PEDRO VICENTE MALDONADO,PICHINCHA,17,SAN MIGUEL DE LOS BANCOS,1707,"Educación Inicial, Educación General Básica y Bachillerato",Fiscal,17
2023-2024 Inicio,11H00708,UNIDAD EDUCATIVA PEDRO VICTOR FALCONI,LOJA,11,CATAMAYO,1103,Educación General Básica y Bachillerato,Fiscal,5
2023-2024 Inicio,18H00531,UNIDAD EDUCATIVA PELILEO,TUNGURAHUA,18,SAN PEDRO DE PELILEO,1807,"Educación Inicial, Educación General Básica y Bachillerato",Fiscal,132
2023-2024 Inicio,24H00202,UNIDAD EDUCATIVA PENINSULA DE SANTA ELENA,SANTA ELENA,24,LA LIBERTAD,2402,"Educación Inicial, Educación General Básica y Bachillerato",Fiscal,142
2023-2024 Inicio,06H00170,UNIDAD EDUCATIVA PENSIONADO AMERICANO INTERNATIONAL SCHOOL,CHIMBORAZO,6,RIOBAMBA,601,"Educación Inicial, Educación General Básica y Bachillerato",Particular,26
2023-2024 Inicio,06H00033,UNIDAD EDUCATIVA PENSIONADO OLIVO,CHIMBORAZO,6,RIOBAMBA,601,"Educación Inicial, Educación General Básica y Bachillerato",Particular,47
2023-2024 Inicio,17H01347,UNIDAD EDUCATIVA PENSIONADO UNIVERSITARIO NELSON LEON VIZCARRA,PICHINCHA,17,QUITO,1701,"Educación Inicial, Educación General Básica y Bachillerato",Particular,44
2023-2024 Inicio,09H05158,UNIDAD EDUCATIVA PETRILLO,GUAYAS,9,NOBOL,925,Educación General Básica y Bachillerato,Fiscal,111
2023-2024 Inicio,04H00394,UNIDAD EDUCATIVA PIARTAL,CARCHI,4,MONTUFAR,405,"Educación Inicial, Educación General Básica y Bachillerato",Fiscal,14
2023-2024 Inicio,18H00263,UNIDAD EDUCATIVA PICAIHUA,TUNGURAHUA,18,AMBATO,1801,"Educación Inicial, Educación General Básica y Bachillerato",Fiscal,52
2023-2024 Inicio,18H00621,UNIDAD EDUCATIVA PICHINCHA,TUNGURAHUA,18,TISALEO,1809,"Educación Inicial, Educación General Básica y Bachillerato",Fiscal,11
2023-2024 Inicio,23H00551,UNIDAD EDUCATIVA PICHINCHA,SANTO DOMINGO DE LOS TSACHILAS,23,SANTO DOMINGO,2301,"Educación Inicial, Educación General Básica y Bachillerato",Fiscal,37
2023-2024 Inicio,10H00509,UNIDAD EDUCATIVA PIMAMPIRO,IMBABURA,10,PIMAMPIRO,1005,"Educación Inicial, Educación General Básica, Bachillerato y Ofertas Intensivas",Fiscal,93
2023-2024 Inicio,11H01615,UNIDAD EDUCATIVA PINTAC,LOJA,11,ZAPOTILLO,1113,"Educación Inicial, Educación General Básica y Bachillerato",Fiscal,9
2023-2024 Inicio,01H01197,UNIDAD EDUCATIVA PIO BRAVO,AZUAY,1,PAUTE,105,"Educación Inicial, Educación General Básica y Bachillerato",Fiscal,15
2023-2024 Inicio,09H03361,UNIDAD EDUCATIVA PLAN INTERNACIONAL,GUAYAS,9,DAULE,906,"Educación Inicial, Educación General Básica, Bachillerato y Ofertas Intensivas",Fiscal,42
2023-2024 Inicio,13H00646,UNIDAD EDUCATIVA PLAYA PRIETA,MANABI,13,PORTOVIEJO,1301,Educación General Básica y Bachillerato,Fiscal,35
2023-2024 Inicio,09H05067,UNIDAD EDUCATIVA PLAYAS DE VILLAMIL,GUAYAS,9,PLAYAS,921,"Educación General Básica, Bachillerato y Ofertas Intensivas",Fiscal,207
2023-2024 Inicio,11H01567,UNIDAD EDUCATIVA PLAZA LEDESMA,LOJA,11,ZAPOTILLO,1113,"Educación Inicial, Educación General Básica y Bachillerato",Fiscal,9
2023-2024 Inicio,05H00174,UNIDAD EDUCATIVA POALO - GARCIA MORENO,COTOPAXI,5,LATACUNGA,501,"Educación Inicial, Educación General Básica y Bachillerato",Fiscal,22
2023-2024 Inicio,09H04734,UNIDAD EDUCATIVA PORVENIR,GUAYAS,9,SANTA LUCIA,918,Educación General Básica y Bachillerato,Fiscal,60
2023-2024 Inicio,12H01014,UNIDAD EDUCATIVA POTOSI,LOS RIOS,12,URDANETA,1206,"Educación Inicial, Educación General Básica y Bachillerato",Fiscal,36
2023-2024 Inicio,10B00052,UNIDAD EDUCATIVA PRESBITERO AMABLE HERRERA BOLAÑOS,IMBABURA,10,OTAVALO,1004,"Educación Inicial, Educación General Básica y Bachillerato",Fiscal,26
2023-2024 Inicio,09H04102,UNIDAD EDUCATIVA PRESIDENTE DIEGO NOBOA,GUAYAS,9,NARANJITO,912,Educación General Básica y Bachillerato,Fiscal,40
2023-2024 Inicio,03H00511,UNIDAD EDUCATIVA PRESIDENTE JAIME ROLDOS,CAÑAR,3,LA TRONCAL,304,"Educación Inicial, Educación General Básica y Bachillerato",Fiscal,96
2023-2024 Inicio,09H03215,UNIDAD EDUCATIVA PRESIDENTE JOSE LUIS TAMAYO,GUAYAS,9,DAULE,906,Educación General Básica y Bachillerato,Fiscal,378
2023-2024 Inicio,22H00064,UNIDAD EDUCATIVA PRESIDENTE TAMAYO,ORELLANA,22,ORELLANA,2201,"Educación Inicial, Educación General Básica y Bachillerato",Fiscal,72
2023-2024 Inicio,09H02867,UNIDAD EDUCATIVA PRESIDENTE VICENTE RAMON ROCA,GUAYAS,9,ALFREDO BAQUERIZO MORENO,902,Educación General Básica y Bachillerato,Fiscal,132
2023-2024 Inicio,05H00110,UNIDAD EDUCATIVA PRIMERO DE ABRIL,COTOPAXI,5,LATACUNGA,501,Educación General Básica y Bachillerato,Fiscal,386
2023-2024 Inicio,16H00041,UNIDAD EDUCATIVA PRIMERO DE MAYO,PASTAZA,16,PASTAZA,1601,"Educación Inicial, Educación General Básica y Bachillerato",Fiscal,109
2023-2024 Inicio,19H00120,UNIDAD EDUCATIVA PRIMERO DE MAYO,ZAMORA CHINCHIPE,19,CHINCHIPE,1902,"Educación Inicial, Educación General Básica y Bachillerato",Fiscal,12
2023-2024 Inicio,17H00417,UNIDAD EDUCATIVA PRIMICIAS DE LA CULTURA DE QUITO,PICHINCHA,17,QUITO,1701,"Educación Inicial, Educación General Básica y Bachillerato",Fiscal,364
2023-2024 Inicio,22H00100,UNIDAD EDUCATIVA PRINCESA TOA,ORELLANA,22,ORELLANA,2201,"Educación Inicial, Educación General Básica y Bachillerato",Fiscal,21
2023-2024 Inicio,06H00228,UNIDAD EDUCATIVA PRINCETON,CHIMBORAZO,6,RIOBAMBA,601,"Educación Inicial, Educación General Básica y Bachillerato",Particular,6
2023-2024 Inicio,10H00153,UNIDAD EDUCATIVA PRIORATO,IMBABURA,10,IBARRA,1001,"Educación Inicial, Educación General Básica y Bachillerato",Fiscal,39
2023-2024 Inicio,14H00048,UNIDAD EDUCATIVA PROCER JOSE CUERO Y CAICEDO,MORONA SANTIAGO,14,MORONA,1401,Educación General Básica y Bachillerato,Fiscal,14
2023-2024 Inicio,12H01412,UNIDAD EDUCATIVA PROCER JOSE DE ANTEPARA,LOS RIOS,12,VINCES,1208,Educación General Básica y Bachillerato,Fiscal,172
2023-2024 Inicio,23H00388,UNIDAD EDUCATIVA PROCER MANUEL QUIROGA,SANTO DOMINGO DE LOS TSACHILAS,23,SANTO DOMINGO,2301,"Educación Inicial, Educación General Básica y Bachillerato",Fiscal,122
2023-2024 Inicio,23H00528,UNIDAD EDUCATIVA PROF ALONSO VITERI GARRIDO,SANTO DOMINGO DE LOS TSACHILAS,23,SANTO DOMINGO,2301,Educación General Básica y Bachillerato,Fiscal,28
2023-2024 Inicio,06H01305,UNIDAD EDUCATIVA PROF MANUEL DEL PINO,GUAYAS,9,CORONEL MARCELINO MARIDUEÑA,923,Educación General Básica y Bachillerato,Fiscal,27
2023-2024 Inicio,23H00580,UNIDAD EDUCATIVA PROF RICARDO ALVAREZ MANTILLA,SANTO DOMINGO DE LOS TSACHILAS,23,SANTO DOMINGO,2301,"Educación Inicial, Educación General Básica y Bachillerato",Fiscal,54
2023-2024 Inicio,12H01451,UNIDAD EDUCATIVA PROFESOR FRANCISCO TERAN,LOS RIOS,12,VINCES,1208,Educación General Básica y Bachillerato,Fiscal,65
2023-2024 Inicio,11H01560,UNIDAD EDUCATIVA PROFESOR JORGE AMABLE QUEZADA PINZON,LOJA,11,ZAPOTILLO,1113,"Educación Inicial, Educación General Básica y Bachillerato",Fiscal,25
2023-2024 Inicio,11H01612,UNIDAD EDUCATIVA PROFESOR JOSE ENRIQUE SANTIN MALLA,LOJA,11,ZAPOTILLO,1113,"Educación Inicial, Educación General Básica y Bachillerato",Fiscal,19
2023-2024 Inicio,11H01465,UNIDAD EDUCATIVA PROFESOR VIRGILIO ABARCA MONTESINOS,LOJA,11,SARAGURO,1111,"Educación Inicial, Educación General Básica, Bachillerato y Ofertas Intensivas",Fiscal,48
2023-2024 Inicio,02H00170,UNIDAD EDUCATIVA PROVINCIA DE BOLIVAR,BOLIVAR,2,GUARANDA,201,Educación General Básica y Bachillerato,Fiscal,10
2023-2024 Inicio,05H00470,UNIDAD EDUCATIVA PROVINCIA DE COTOPAXI,COTOPAXI,5,PUJILI,504,"Educación Inicial, Educación General Básica, Bachillerato y Ofertas Intensivas",Fiscal,208
2023-2024 Inicio,10H00527,UNIDAD EDUCATIVA PROVINCIA DE LOS LAGOS,IMBABURA,10,PIMAMPIRO,1005,"Educación Inicial, Educación General Básica y Bachillerato",Fiscal,9
2023-2024 Inicio,09H05145,UNIDAD EDUCATIVA PROVINCIA DEL GUAYAS,GUAYAS,9,CORONEL MARCELINO MARIDUEÑA,923,Educación General Básica y Bachillerato,Fiscal,20
2023-2024 Inicio,01H01235,UNIDAD EDUCATIVA PUCARÁ,AZUAY,1,PUCARA,106,"Educación Inicial, Educación General Básica, Bachillerato y Ofertas Intensivas",Fiscal,22
2023-2024 Inicio,05H00322,UNIDAD EDUCATIVA PUCAYACU,COTOPAXI,5,LA MANA,502,"Educación Inicial, Educación General Básica y Bachillerato",Fiscal,44
2023-2024 Inicio,09H03898,UNIDAD EDUCATIVA PUEBLO NUEVO,GUAYAS,9,EL EMPALME,908,"Educación General Básica, Bachillerato y Ofertas Intensivas",Fiscal,74
2023-2024 Inicio,12H00235,UNIDAD EDUCATIVA PUEBLONUEVO,LOS RIOS,12,BABAHOYO,1201,Educación General Básica y Bachillerato,Fiscal,81
2023-2024 Inicio,12H00605,UNIDAD EDUCATIVA PUEBLOVIEJO,LOS RIOS,12,PUEBLOVIEJO,1204,"Educación General Básica, Bachillerato y Ofertas Intensivas",Fiscal,136
2023-2024 Inicio,21H00399,UNIDAD EDUCATIVA PUERTO LIBRE,SUCUMBIOS,21,GONZALO PIZARRO,2102,"Educación Inicial, Educación General Básica y Bachillerato",Fiscal,7
2023-2024 Inicio,23H00514,UNIDAD EDUCATIVA PUERTO LIMON,SANTO DOMINGO DE LOS TSACHILAS,23,SANTO DOMINGO,2301,"Educación Inicial, Educación General Básica y Bachillerato",Fiscal,111
2023-2024 Inicio,17H02646,UNIDAD EDUCATIVA PUERTO QUITO,PICHINCHA,17,PUERTO QUITO,1709,"Educación Inicial, Educación General Básica y Bachillerato",Fiscal,156
2023-2024 Inicio,05H00472,UNIDAD EDUCATIVA PUJILI,COTOPAXI,5,PUJILI,504,"Educación Inicial, Educación General Básica y Bachillerato",Fiscal,160
2023-2024 Inicio,06H00446,UNIDAD EDUCATIVA PURUHA,CHIMBORAZO,6,RIOBAMBA,601,Educación General Básica y Bachillerato,Fiscal,20
2023-2024 Inicio,11H01009,UNIDAD EDUCATIVA PURUNUMA,LOJA,11,GONZANAMA,1107,"Educación Inicial, Educación General Básica y Bachillerato",Fiscal,9
2023-2024 Inicio,04H00185,UNIDAD EDUCATIVA PUSIR GRANDE,CARCHI,4,BOLIVAR,402,"Educación Inicial, Educación General Básica y Bachillerato",Fiscal,17
2023-2024 Inicio,11H01274,UNIDAD EDUCATIVA PUYANGO,LOJA,11,PUYANGO,1110,"Educación Inicial, Educación General Básica y Bachillerato",Fiscal,40
2023-2024 Inicio,11H01689,UNIDAD EDUCATIVA QUILANGA,LOJA,11,QUILANGA,1115,"Educación Inicial, Educación General Básica y Bachillerato",Fiscal,56
2023-2024 Inicio,09H05106,UNIDAD EDUCATIVA QUINCE DE AGOSTO,GUAYAS,9,PLAYAS,921,"Educación Inicial, Educación General Básica y Bachillerato",Particular,3
2023-2024 Inicio,09H04293,UNIDAD EDUCATIVA QUINCE DE OCTUBRE,GUAYAS,9,NARANJAL,911,Educación General Básica y Bachillerato,Fiscal,355
2023-2024 Inicio,13H01949,UNIDAD EDUCATIVA QUINCE DE OCTUBRE,MANABI,13,JIPIJAPA,1306,"Educación Inicial, Educación General Básica y Bachillerato",Fiscal,214
2023-2024 Inicio,13H00799,UNIDAD EDUCATIVA QUINCHE FELIX REZABALA,MANABI,13,BOLIVAR,1302,Educación General Básica y Bachillerato,Fiscal,22
2023-2024 Inicio,12H01623,UNIDAD EDUCATIVA QUINTILIANO SANCHEZ RENDÓN,LOS RIOS,12,BUENA FE,1210,"Educación Inicial, Educación General Básica y Bachillerato",Fiscal,168
2023-2024 Inicio,18H00283,UNIDAD EDUCATIVA QUISAPINCHA,TUNGURAHUA,18,AMBATO,1801,"Educación Inicial, Educación General Básica y Bachillerato",Fiscal,80
2023-2024 Inicio,06B00166,UNIDAD EDUCATIVA QUISLAG,CHIMBORAZO,6,ALAUSI,602,"Educación Inicial, Educación General Básica y Bachillerato",Fiscal,11
2023-2024 Inicio,08H01059,UNIDAD EDUCATIVA QUITO,ESMERALDAS,8,QUININDE,804,"Educación Inicial, Educación General Básica y Bachillerato",Fiscal,93
2023-2024 Inicio,08H01203,UNIDAD EDUCATIVA QUITO LUZ DE AMÉRICA,ESMERALDAS,8,SAN LORENZO,805,"Educación Inicial, Educación General Básica y Bachillerato",Fiscal,92
2023-2024 Inicio,06H00929,UNIDAD EDUCATIVA QUITUMBE,CHIMBORAZO,6,CHUNCHI,605,"Educación Inicial, Educación General Básica y Bachillerato",Fiscal,11
2023-2024 Inicio,01H00003,UNIDAD EDUCATIVA RAFAEL AGUILAR PESANTEZ,AZUAY,1,CUENCA,101,"Educación Inicial, Educación General Básica y Bachillerato",Fiscal,21
2023-2024 Inicio,08H00562,UNIDAD EDUCATIVA RAFAEL ASTUDILLO,ESMERALDAS,8,ELOY ALFARO,802,"Educación Inicial, Educación General Básica y Bachillerato",Fiscal,22
2023-2024 Inicio,12H01820,UNIDAD EDUCATIVA RAFAEL OLMEDO NARANJO MÁRQUEZ,LOS RIOS,12,VALENCIA,1211,Educación General Básica y Bachillerato,Particular,19
2023-2024 Inicio,05H00295,UNIDAD EDUCATIVA RAFAEL VASCONEZ GOMEZ,COTOPAXI,5,LA MANA,502,"Educación Inicial, Educación General Básica y Bachillerato",Fiscal,211
2023-2024 Inicio,05H00112,UNIDAD EDUCATIVA RAMON BARBA NARANJO,COTOPAXI,5,LATACUNGA,501,"Educación Inicial, Educación General Básica y Bachillerato",Fiscal,495
2023-2024 Inicio,08H00079,UNIDAD EDUCATIVA RAMON BEDOYA NAVIA,ESMERALDAS,8,ESMERALDAS,801,"Educación Inicial, Educación General Básica y Bachillerato",Fiscal,28
2023-2024 Inicio,08H01428,UNIDAD EDUCATIVA RAMON ESTUPIÑAN ,ESMERALDAS,8,RIOVERDE,807,"Educación Inicial, Educación General Básica y Bachillerato",Fiscal,58
2023-2024 Inicio,05H00039,UNIDAD EDUCATIVA RAMON PAEZ,COTOPAXI,5,LATACUNGA,501,"Educación Inicial, Educación General Básica y Bachillerato",Fiscal,20
2023-2024 Inicio,11H01666,UNIDAD EDUCATIVA RAMON RIOFRIO BUSTAMANTE,LOJA,11,PINDAL,1114,"Educación Inicial, Educación General Básica y Bachillerato",Fiscal,20
2023-2024 Inicio,11H01317,UNIDAD EDUCATIVA RAMON SAMANIEGO PALACIOS,LOJA,11,PUYANGO,1110,"Educación Inicial, Educación General Básica y Bachillerato",Fiscal,18
2023-2024 Inicio,23H00691,UNIDAD EDUCATIVA RAMONA AUXILIADORA MARCILLO CHICA,SANTO DOMINGO DE LOS TSACHILAS,23,SANTO DOMINGO,2301,"Educación Inicial, Educación General Básica y Bachillerato",Fiscal,9
2023-2024 Inicio,09H05066,UNIDAD EDUCATIVA RASHID TORBAY,GUAYAS,9,PLAYAS,921,Educación General Básica y Bachillerato,Fiscal,465
2023-2024 Inicio,13H00943,UNIDAD EDUCATIVA RAYMUNDO AVEIGA,MANABI,13,CHONE,1303,Educación General Básica y Bachillerato,Fiscal,148
2023-2024 Inicio,13H05401,UNIDAD EDUCATIVA RAYMUNDO AVEIGA MOREIRA,MANABI,13,FLAVIO ALFARO,1305,"Educación Inicial, Educación General Básica y Bachillerato",Fiscal,54
2023-2024 Inicio,14H00463,UNIDAD EDUCATIVA REAL AUDIENCIA DE QUITO,MORONA SANTIAGO,14,TIWINTZA,1412,"Educación Inicial, Educación General Básica y Bachillerato",Fiscal,21
2023-2024 Inicio,02H00582,UNIDAD EDUCATIVA REGULO DE MORA,BOLIVAR,2,SAN MIGUEL,205,"Educación Inicial, Educación General Básica y Bachillerato",Fiscal,14
2023-2024 Inicio,18H00163,UNIDAD EDUCATIVA REINALDO ESPINOZA,TUNGURAHUA,18,AMBATO,1801,"Educación Inicial, Educación General Básica y Bachillerato",Fiscal,6
2023-2024 Inicio,01H00966,UNIDAD EDUCATIVA REMIGIO CRESPO TORAL,AZUAY,1,GIRON,102,"Educación Inicial, Educación General Básica y Bachillerato",Fiscal,22
2023-2024 Inicio,01H00363,UNIDAD EDUCATIVA REMIGIO ROMERO Y CORDERO,AZUAY,1,CUENCA,101,"Educación Inicial, Educación General Básica y Bachillerato",Fiscal,28
2023-2024 Inicio,09H03854,UNIDAD EDUCATIVA RENAN OLMEDO GONZÁLEZ,GUAYAS,9,EL EMPALME,908,"Educación Inicial, Educación General Básica y Bachillerato",Fiscal,66
2023-2024 Inicio,13H04537,UNIDAD EDUCATIVA REPLICA MANTA,MANABI,13,MANTA,1308,"Educación Inicial, Educación General Básica y Bachillerato",Fiscal,252
2023-2024 Inicio,12H02516,UNIDAD EDUCATIVA REPLICA NICOLAS INFANTE DIAZ,LOS RIOS,12,QUEVEDO,1205,Educación General Básica y Bachillerato,Fiscal,54
2023-2024 Inicio,17H01012,UNIDAD EDUCATIVA REPUBLICA DE BOLIVIA,PICHINCHA,17,QUITO,1701,"Educación Inicial, Educación General Básica y Bachillerato",Fiscal,51
2023-2024 Inicio,09H05309,UNIDAD EDUCATIVA REPUBLICA DE CANADA,GUAYAS,9,PEDRO CARBO,914,Educación General Básica y Bachillerato,Fiscal,45
2023-2024 Inicio,21H00105,UNIDAD EDUCATIVA REPUBLICA DE CANADA,SUCUMBIOS,21,LAGO AGRIO,2101,"Educación Inicial, Educación General Básica, Bachillerato y Ofertas Intensivas",Fiscal,80
2023-2024 Inicio,01H00153,UNIDAD EDUCATIVA REPUBLICA DE CHILE,AZUAY,1,CUENCA,101,Educación General Básica y Bachillerato,Fiscal,27
2023-2024 Inicio,01H00335,UNIDAD EDUCATIVA REPÚBLICA DE ECUADOR,AZUAY,1,CUENCA,101,Educación General Básica y Bachillerato,Fiscal,52
2023-2024 Inicio,19H00416,UNIDAD EDUCATIVA REPÚBLICA DE FRANCIA,ZAMORA CHINCHIPE,19,PALANDA,1908,"Educación Inicial, Educación General Básica y Bachillerato",Fiscal,8
2023-2024 Inicio,10H00057,UNIDAD EDUCATIVA REPÚBLICA DE MÉXICO,IMBABURA,10,IBARRA,1001,Educación General Básica y Bachillerato,Fiscal,10
2023-2024 Inicio,10H00398,UNIDAD EDUCATIVA REPUBLICA DEL ECUADOR,IMBABURA,10,OTAVALO,1004,Educación General Básica y Bachillerato,Fiscal,327
2023-2024 Inicio,12H00119,UNIDAD EDUCATIVA REY DAVID,LOS RIOS,12,BABAHOYO,1201,"Educación Inicial, Educación General Básica y Bachillerato",Particular,35
2023-2024 Inicio,09H03297,UNIDAD EDUCATIVA RIBERAS DEL DAULE,GUAYAS,9,DAULE,906,"Educación Inicial, Educación General Básica y Bachillerato",Particular,23
2023-2024 Inicio,18H00044,UNIDAD EDUCATIVA RICARDO  DESCALZI,TUNGURAHUA,18,AMBATO,1801,"Educación Inicial, Educación General Básica y Bachillerato",Particular,28
2023-2024 Inicio,23H00082,UNIDAD EDUCATIVA RICARDO CORNEJO NARANJO,SANTO DOMINGO DE LOS TSACHILAS,23,SANTO DOMINGO,2301,"Educación Inicial, Educación General Básica y Bachillerato",Fiscal,61
2023-2024 Inicio,01H01825,UNIDAD EDUCATIVA RICARDO MUÑOZ CHAVEZ,AZUAY,1,CUENCA,101,"Educación General Básica, Bachillerato y Ofertas Intensivas",Fiscal,83
2023-2024 Inicio,09H04123,UNIDAD EDUCATIVA RICARDO RODRIGUEZ SPAROVICH,GUAYAS,9,MILAGRO,910,"Educación Inicial, Educación General Básica y Bachillerato",Fiscal,161
2023-2024 Inicio,12H01062,UNIDAD EDUCATIVA RICAURTE,LOS RIOS,12,URDANETA,1206,"Educación Inicial, Educación General Básica y Bachillerato",Fiscal,140
2023-2024 Inicio,09H04398,UNIDAD EDUCATIVA RIO AMAZONAS,GUAYAS,9,NARANJITO,912,"Educación Inicial, Educación General Básica y Bachillerato",Fiscal,61
2023-2024 Inicio,12H01968,UNIDAD EDUCATIVA RIO AMAZONAS,LOS RIOS,12,MOCACHE,1212,"Educación Inicial, Educación General Básica y Bachillerato",Fiscal,37
2023-2024 Inicio,13H01716,UNIDAD EDUCATIVA RIO CENEPA,MANABI,13,FLAVIO ALFARO,1305,"Educación Inicial, Educación General Básica y Bachillerato",Fiscal,12
2023-2024 Inicio,09H05669,UNIDAD EDUCATIVA RIO CHANCHAN,GUAYAS,9,CORONEL MARCELINO MARIDUEÑA,923,"Educación Inicial, Educación General Básica y Bachillerato",Fiscal,17
2023-2024 Inicio,18H00355,UNIDAD EDUCATIVA RIO NEGRO,TUNGURAHUA,18,BAÑOS DE AGUA SANTA,1802,Educación General Básica y Bachillerato,Fiscal,6
2023-2024 Inicio,17H01880,UNIDAD EDUCATIVA RIO PACHIJAL,PICHINCHA,17,QUITO,1701,"Educación Inicial, Educación General Básica y Bachillerato",Fiscal,16
2023-2024 Inicio,01H01044,UNIDAD EDUCATIVA RIO TOMEBAMBA,AZUAY,1,GUALACEO,103,Educación General Básica y Bachillerato,Fiscal,12
2023-2024 Inicio,21H00587,UNIDAD EDUCATIVA RIO YASUNI,SUCUMBIOS,21,SHUSHUFINDI,2104,"Educación Inicial, Educación General Básica y Bachillerato",Fiscal,13
2023-2024 Inicio,19H00044,UNIDAD EDUCATIVA RÍO ZAMORA,ZAMORA CHINCHIPE,19,ZAMORA,1901,"Educación Inicial, Educación General Básica, Bachillerato y Ofertas Intensivas",Fiscal,37
2023-2024 Inicio,05H00208,UNIDAD EDUCATIVA RIOBLANCO ALTO,COTOPAXI,5,LATACUNGA,501,"Educación Inicial, Educación General Básica y Bachillerato",Fiscal,97
2023-2024 Inicio,08H01347,UNIDAD EDUCATIVA RIOVERDE,ESMERALDAS,8,RIOVERDE,807,"Educación Inicial, Educación General Básica, Bachillerato y Ofertas Intensivas",Fiscal,62
2023-2024 Inicio,13H05378,UNIDAD EDUCATIVA ROBERT ISAAC MERO LARGACHA,MANABI,13,MANTA,1308,"Educación Inicial, Educación General Básica y Bachillerato",Fiscal,8
2023-2024 Inicio,02H00036,UNIDAD EDUCATIVA ROBERTO ALFREDO ARREGUI CHAUVIN,BOLIVAR,2,GUARANDA,201,"Educación Inicial, Educación General Básica y Bachillerato",Fiscal,51
2023-2024 Inicio,08H00140,UNIDAD EDUCATIVA ROBERTO LUIS CERVANTES MONTAÑO,ESMERALDAS,8,ESMERALDAS,801,"Educación Inicial, Educación General Básica y Bachillerato",Fiscal,46
2023-2024 Inicio,13H03184,UNIDAD EDUCATIVA ROCAFUERTE,MANABI,13,ROCAFUERTE,1312,Educación General Básica y Bachillerato,Fiscal,159
2023-2024 Inicio,13H00588,UNIDAD EDUCATIVA RODOLFO CHAVEZ RENDON,MANABI,13,PORTOVIEJO,1301,"Educación Inicial, Educación General Básica y Bachillerato",Fiscal,85
2023-2024 Inicio,06H00464,UNIDAD EDUCATIVA RODRIGO BARRENO COBO,CHIMBORAZO,6,RIOBAMBA,601,Educación General Básica y Bachillerato,Fiscal,30
2023-2024 Inicio,18H00141,UNIDAD EDUCATIVA RODRIGUEZ ALBORNOZ,TUNGURAHUA,18,AMBATO,1801,"Educación Inicial, Educación General Básica y Bachillerato",Particular,62
2023-2024 Inicio,13H04719,UNIDAD EDUCATIVA ROQUE ANDRADE VILLAMIL,MANABI,13,BOLIVAR,1302,Educación General Básica y Bachillerato,Fiscal,12
2023-2024 Inicio,07H01169,UNIDAD EDUCATIVA ROSA DE LUXEMBURGO,EL ORO,7,SANTA ROSA,712,"Educación Inicial, Educación General Básica y Bachillerato",Fiscal,16
2023-2024 Inicio,13H03625,UNIDAD EDUCATIVA ROSA EMERITA MACAY DELGADO,MANABI,13,TOSAGUA,1315,"Educación Inicial, Educación General Básica y Bachillerato",Fiscal,26
2023-2024 Inicio,12H01583,UNIDAD EDUCATIVA ROSA MARIA ALAVA MOREIRA,LOS RIOS,12,BUENA FE,1210,"Educación Inicial, Educación General Básica y Bachillerato",Particular,26
2023-2024 Inicio,09H03397,UNIDAD EDUCATIVA ROSA OLGA VILLACRES LOZANO,GUAYAS,9,DAULE,906,"Educación Inicial, Educación General Básica y Bachillerato",Fiscal,93
2023-2024 Inicio,05H00630,UNIDAD EDUCATIVA ROSA ZARATE,COTOPAXI,5,SALCEDO,505,"Educación Inicial, Educación General Básica y Bachillerato",Fiscal,120
2023-2024 Inicio,18H00440,UNIDAD EDUCATIVA ROSA ZARATE,TUNGURAHUA,18,QUERO,1806,"Educación Inicial, Educación General Básica y Bachillerato",Fiscal,24
2023-2024 Inicio,07H00050,UNIDAD EDUCATIVA ROTARY CLUB MACHALA MODERNO,EL ORO,7,MACHALA,701,"Educación Inicial, Educación General Básica y Bachillerato",Fiscal,39
2023-2024 Inicio,15H00344,UNIDAD EDUCATIVA RUBÉN CEVALLOS VEGA,NAPO,15,TENA,1501,"Educación Inicial, Educación General Básica y Bachillerato",Fiscal,16
2023-2024 Inicio,24H00303,UNIDAD EDUCATIVA RUBIRA,SANTA ELENA,24,SALINAS,2403,"Educación Inicial, Educación General Básica y Bachillerato",Particular,121
2023-2024 Inicio,06H01175,UNIDAD EDUCATIVA RUMIÑAHUI,CHIMBORAZO,6,GUANO,607,"Educación Inicial, Educación General Básica, Bachillerato y Ofertas Intensivas",Fiscal,16
2023-2024 Inicio,18H00001,UNIDAD EDUCATIVA RUMIÑAHUI,TUNGURAHUA,18,AMBATO,1801,"Educación Inicial, Educación General Básica y Bachillerato",Fiscal,172
2023-2024 Inicio,10H00201,UNIDAD EDUCATIVA RUMIPAMBA,IMBABURA,10,IBARRA,1001,"Educación Inicial, Educación General Básica y Bachillerato",Fiscal,61
2023-2024 Inicio,11H01109,UNIDAD EDUCATIVA RVDO JORGE SANCHEZ MORENO,LOJA,11,MACARA,1108,Educación General Básica y Bachillerato,Fiscal,2
2023-2024 Inicio,02H00436,UNIDAD EDUCATIVA SABANETILLAS,BOLIVAR,2,ECHEANDIA,204,"Educación Inicial, Educación General Básica y Bachillerato",Fiscal,25
2023-2024 Inicio,09H02891,UNIDAD EDUCATIVA SABINO EIPACIO ROSALES PANCHANA,GUAYAS,9,BALAO,903,"Educación Inicial, Educación General Básica y Bachillerato",Fiscal,123
2023-2024 Inicio,13H00644,UNIDAD EDUCATIVA SAGRADA FAMILIA,MANABI,13,PORTOVIEJO,1301,"Educación Inicial, Educación General Básica y Bachillerato",Particular,23
2023-2024 Inicio,18H00692,UNIDAD EDUCATIVA SAGRADA FAMILIA,TUNGURAHUA,18,AMBATO,1801,"Educación Inicial, Educación General Básica y Bachillerato",Particular,50
2023-2024 Inicio,04H00023,UNIDAD EDUCATIVA SAGRADO CORAZON DE JESUS,CARCHI,4,TULCAN,401,"Educación Inicial, Educación General Básica y Bachillerato",Fiscomisional,106
2023-2024 Inicio,05H00107,UNIDAD EDUCATIVA SAGRADO CORAZON DE JESUS,COTOPAXI,5,LATACUNGA,501,"Educación Inicial, Educación General Básica y Bachillerato",Particular,41
2023-2024 Inicio,17H00001,UNIDAD EDUCATIVA SAGRADO CORAZÓN DE JESÚS,PICHINCHA,17,QUITO,1701,"Educación Inicial, Educación General Básica y Bachillerato",Particular,83
2023-2024 Inicio,17H00840,UNIDAD EDUCATIVA SAGRADOS CORAZONES CENTRO,PICHINCHA,17,QUITO,1701,Educación General Básica y Bachillerato,Particular,53
2023-2024 Inicio,05H00111,UNIDAD EDUCATIVA SALCEDO,COTOPAXI,5,SALCEDO,505,"Educación Inicial, Educación General Básica y Bachillerato",Fiscal,168
2023-2024 Inicio,17H01749,UNIDAD EDUCATIVA SALESIANA CARDENAL SPELLMAN,PICHINCHA,17,QUITO,1701,Educación General Básica y Bachillerato,Particular,153
2023-2024 Inicio,09H01981,UNIDAD EDUCATIVA SALESIANA CRISTOBAL COLON,GUAYAS,9,GUAYAQUIL,901,Educación General Básica y Bachillerato,Particular,186
2023-2024 Inicio,09h02009,UNIDAD EDUCATIVA SALESIANA FISCOMISIONAL DOMINGO COMIN,GUAYAS,9,GUAYAQUIL,901,Educación General Básica y Bachillerato,Fiscomisional,311
2023-2024 Inicio,10H00219,UNIDAD EDUCATIVA SALINAS,IMBABURA,10,IBARRA,1001,"Educación Inicial, Educación General Básica y Bachillerato",Fiscal,24
2023-2024 Inicio,24H00272,UNIDAD EDUCATIVA SALINAS,SANTA ELENA,24,SALINAS,2403,"Educación General Básica, Bachillerato y Ofertas Intensivas",Fiscal,174
2023-2024 Inicio,24H00325,UNIDAD EDUCATIVA SALINAS SIGLO XXI,SANTA ELENA,24,SALINAS,2403,Educación General Básica y Bachillerato,Municipal,51
2023-2024 Inicio,09H04850,UNIDAD EDUCATIVA SALITRE,GUAYAS,9,SALITRE,919,"Educación Inicial, Educación General Básica, Bachillerato y Ofertas Intensivas",Fiscal,416
2023-2024 Inicio,13H05403,UNIDAD EDUCATIVA SALVADOR ALLENDE,MANABI,13,EL CARMEN,1304,"Educación Inicial, Educación General Básica y Bachillerato",Fiscal,17
2023-2024 Inicio,24H00396,UNIDAD EDUCATIVA SAN ALBERTO MAGNO,SANTA ELENA,24,SANTA ELENA,2401,Educación General Básica y Bachillerato,Particular,47
2023-2024 Inicio,01H01256,UNIDAD EDUCATIVA SAN ALFONSO,AZUAY,1,PUCARA,106,"Educación Inicial, Educación General Básica y Bachillerato",Fiscal,16
2023-2024 Inicio,18H00016,UNIDAD EDUCATIVA SAN ALFONSO,TUNGURAHUA,18,AMBATO,1801,Educación General Básica y Bachillerato,Particular,39
2023-2024 Inicio,06H01088,UNIDAD EDUCATIVA SAN ANDRES,CHIMBORAZO,6,GUANO,607,"Educación Inicial, Educación General Básica, Bachillerato y Ofertas Intensivas",Fiscal,46
2023-2024 Inicio,11H01438,UNIDAD EDUCATIVA SAN ANTONIO,LOJA,11,SARAGURO,1111,"Educación Inicial, Educación General Básica y Bachillerato",Fiscal,7
2023-2024 Inicio,01H01417,UNIDAD EDUCATIVA SAN BARTOLOMÉ,AZUAY,1,SIGSIG,109,"Educación Inicial, Educación General Básica y Bachillerato",Fiscal,36
2023-2024 Inicio,17H02506,UNIDAD EDUCATIVA SAN BERNABE,PICHINCHA,17,SAN MIGUEL DE LOS BANCOS,1707,"Educación Inicial, Educación General Básica y Bachillerato",Fiscal,21
2023-2024 Inicio,12H00744,UNIDAD EDUCATIVA SAN CAMILO,LOS RIOS,12,QUEVEDO,1205,Educación General Básica y Bachillerato,Fiscal,68
2023-2024 Inicio,12H00958,UNIDAD EDUCATIVA SAN CARLOS,LOS RIOS,12,QUEVEDO,1205,Educación General Básica y Bachillerato,Fiscal,201
2023-2024 Inicio,13H00970,UNIDAD EDUCATIVA SAN CAYETANO,MANABI,13,CHONE,1303,Educación General Básica y Bachillerato,Fiscal,78
2023-2024 Inicio,20H00001,UNIDAD EDUCATIVA SAN CRISTOBAL,GALAPAGOS,20,SAN CRISTOBAL,2001,"Educación Inicial, Educación General Básica y Bachillerato",Fiscomisional,82
2023-2024 Inicio,09H04304,UNIDAD EDUCATIVA SAN ESTEBAN,GUAYAS,9,NARANJAL,911,"Educación Inicial, Educación General Básica y Bachillerato",Particular,92
2023-2024 Inicio,06H00129,UNIDAD EDUCATIVA SAN FELIPE NERI,CHIMBORAZO,6,RIOBAMBA,601,Educación General Básica y Bachillerato,Fiscomisional,147
2023-2024 Inicio,01H00165,UNIDAD EDUCATIVA SAN FRANCISCO,AZUAY,1,CUENCA,101,"Educación Inicial, Educación General Básica y Bachillerato",Fiscal,59
2023-2024 Inicio,05H00600,UNIDAD EDUCATIVA SAN FRANCISCO DE ASIS,COTOPAXI,5,SALCEDO,505,"Educación Inicial, Educación General Básica y Bachillerato",Particular,43
2023-2024 Inicio,07H00498,UNIDAD EDUCATIVA SAN FRANCISCO DE ASIS,EL ORO,7,BALSAS,704,"Educación Inicial, Educación General Básica y Bachillerato",Particular,24
2023-2024 Inicio,09H04506,UNIDAD EDUCATIVA SAN FRANCISCO DE ASIS,GUAYAS,9,PEDRO CARBO,914,"Educación Inicial, Educación General Básica y Bachillerato",Fiscal,26
2023-2024 Inicio,11H00015,UNIDAD EDUCATIVA SAN FRANCISCO DE ASIS,LOJA,11,LOJA,1101,Educación General Básica y Bachillerato,Fiscomisional,105
2023-2024 Inicio,20H00030,UNIDAD EDUCATIVA SAN FRANCISCO DE ASIS,GALAPAGOS,20,SANTA CRUZ,2003,"Educación Inicial, Educación General Básica y Bachillerato",Fiscomisional,72
2023-2024 Inicio,19H00027,UNIDAD EDUCATIVA SAN FRANCISCO DE ASÍS,ZAMORA CHINCHIPE,19,ZAMORA,1901,"Educación Inicial, Educación General Básica y Bachillerato",Fiscomisional,216
2023-2024 Inicio,03H00380,UNIDAD EDUCATIVA SAN FRANCISCO DE GUALLETURO,CAÑAR,3,CAÑAR,303,"Educación Inicial, Educación General Básica y Bachillerato",Fiscal,35
2023-2024 Inicio,09H04126,UNIDAD EDUCATIVA SAN FRANCISCO DE MILAGRO,GUAYAS,9,MILAGRO,910,"Educación Inicial, Educación General Básica y Bachillerato",Particular,63
2023-2024 Inicio,08H00509,UNIDAD EDUCATIVA SAN FRANCISCO DE ONZOLE,ESMERALDAS,8,ELOY ALFARO,802,"Educación Inicial, Educación General Básica y Bachillerato",Fiscal,23
2023-2024 Inicio,06H00527,UNIDAD EDUCATIVA SAN FRANCISCO DE SALES,CHIMBORAZO,6,ALAUSI,602,"Educación Inicial, Educación General Básica y Bachillerato",Fiscomisional,17
2023-2024 Inicio,17H00185,UNIDAD EDUCATIVA SAN FRANCISCO DEL  ALVERNIA,PICHINCHA,17,QUITO,1701,"Educación Inicial, Educación General Básica y Bachillerato",Particular,96
2023-2024 Inicio,01H00571,UNIDAD EDUCATIVA SAN GABRIEL DE CHAUCHA,AZUAY,1,CUENCA,101,"Educación Inicial, Educación General Básica y Bachillerato",Fiscal,15
2023-2024 Inicio,06H01158,UNIDAD EDUCATIVA SAN GERARDO,CHIMBORAZO,6,GUANO,607,"Educación Inicial, Educación General Básica y Bachillerato",Fiscal,14
2023-2024 Inicio,04H00203,UNIDAD EDUCATIVA SAN ISIDRO,CARCHI,4,ESPEJO,403,"Educación Inicial, Educación General Básica, Bachillerato y Ofertas Intensivas",Fiscal,18
2023-2024 Inicio,06H01172,UNIDAD EDUCATIVA SAN ISIDRO,CHIMBORAZO,6,GUANO,607,"Educación Inicial, Educación General Básica y Bachillerato",Fiscal,29
2023-2024 Inicio,09H03174,UNIDAD EDUCATIVA SAN JACINTO,GUAYAS,9,COLIMES,905,"Educación Inicial, Educación General Básica y Bachillerato",Fiscal,61
2023-2024 Inicio,13H03824,UNIDAD EDUCATIVA SAN JACINTO,MANABI,13,24 DE MAYO,1316,"Educación Inicial, Educación General Básica y Bachillerato",Fiscal,10
2023-2024 Inicio,23H00829,UNIDAD EDUCATIVA SAN JACINTO DEL BÚA,SANTO DOMINGO DE LOS TSACHILAS,23,SANTO DOMINGO,2301,"Educación Inicial, Educación General Básica y Bachillerato",Fiscal,110
2023-2024 Inicio,01H00786,UNIDAD EDUCATIVA SAN JOAQUIN,AZUAY,1,CUENCA,101,"Educación Inicial, Educación General Básica y Bachillerato",Fiscal,79
2023-2024 Inicio,02H00329,UNIDAD EDUCATIVA SAN JOSE,BOLIVAR,2,CHILLANES,202,Educación General Básica y Bachillerato,Fiscal,85
2023-2024 Inicio,09H04223,UNIDAD EDUCATIVA SAN JOSE,GUAYAS,9,MILAGRO,910,"Educación Inicial, Educación General Básica y Bachillerato",Particular,44
2023-2024 Inicio,12H00841,UNIDAD EDUCATIVA SAN JOSE,LOS RIOS,12,QUEVEDO,1205,Educación General Básica y Bachillerato,Particular,22
2023-2024 Inicio,05H00109,UNIDAD EDUCATIVA SAN JOSE - LA SALLE,COTOPAXI,5,LATACUNGA,501,"Educación Inicial, Educación General Básica y Bachillerato",Particular,106
2023-2024 Inicio,05H00151,UNIDAD EDUCATIVA SAN JOSE DE  GUAYTACAMA,COTOPAXI,5,LATACUNGA,501,"Educación Inicial, Educación General Básica y Bachillerato",Fiscal,73
2023-2024 Inicio,01H01429,UNIDAD EDUCATIVA SAN JOSÉ DE RARANGA,AZUAY,1,SIGSIG,109,"Educación Inicial, Educación General Básica y Bachillerato",Fiscal,15
2023-2024 Inicio,06H00493,UNIDAD EDUCATIVA SAN JUAN,CHIMBORAZO,6,RIOBAMBA,601,"Educación Inicial, Educación General Básica y Bachillerato",Fiscal,18
2023-2024 Inicio,12H00673,UNIDAD EDUCATIVA SAN JUAN,LOS RIOS,12,PUEBLOVIEJO,1204,"Educación General Básica, Bachillerato y Ofertas Intensivas",Fiscal,197
2023-2024 Inicio,07H01195,UNIDAD EDUCATIVA SAN JUAN BOSCO,EL ORO,7,ZARUMA,713,"Educación Inicial, Educación General Básica y Bachillerato",Fiscomisional,17
2023-2024 Inicio,09H05176,UNIDAD EDUCATIVA SAN JUAN DE BUCAY,GUAYAS,9,GENERAL ANTONIO ELIZALDE,927,"Educación Inicial, Educación General Básica y Bachillerato",Particular,24
2023-2024 Inicio,10H00103,UNIDAD EDUCATIVA SAN JUAN DIEGO,IMBABURA,10,IBARRA,1001,"Educación Inicial, Educación General Básica y Bachillerato",Particular,30
2023-2024 Inicio,17H02553,UNIDAD EDUCATIVA SAN JUAN EVANGELISTA,PICHINCHA,17,PEDRO VICENTE MALDONADO,1708,"Educación Inicial, Educación General Básica y Bachillerato",Fiscomisional,32
2023-2024 Inicio,02H00157,UNIDAD EDUCATIVA SAN LORENZO,BOLIVAR,2,GUARANDA,201,Educación General Básica y Bachillerato,Fiscal,25
2023-2024 Inicio,17H01684,UNIDAD EDUCATIVA SAN LUIS GONZAGA,PICHINCHA,17,QUITO,1701,Educación General Básica y Bachillerato,Particular,103
2023-2024 Inicio,24H00106,UNIDAD EDUCATIVA SAN MARCOS,SANTA ELENA,24,SANTA ELENA,2401,Educación General Básica y Bachillerato,Fiscal,54
2023-2024 Inicio,08H00300,UNIDAD EDUCATIVA SAN MATEO,ESMERALDAS,8,ESMERALDAS,801,"Educación Inicial, Educación General Básica, Bachillerato y Ofertas Intensivas",Fiscal,50
2023-2024 Inicio,02H00507,UNIDAD EDUCATIVA SAN MIGUEL,BOLIVAR,2,SAN MIGUEL,205,Educación General Básica y Bachillerato,Fiscomisional,37
2023-2024 Inicio,14B00351,UNIDAD EDUCATIVA SAN MIGUEL,MORONA SANTIAGO,14,TAISHA,1409,Educación General Básica y Bachillerato,Fiscal,4
2023-2024 Inicio,13H01898,UNIDAD EDUCATIVA SAN MIGUEL DE CHADE,MANABI,13,JIPIJAPA,1306,"Educación Inicial, Educación General Básica y Bachillerato",Fiscal,7
2023-2024 Inicio,17H02493,UNIDAD EDUCATIVA SAN MIGUEL DE LOS BANCOS,PICHINCHA,17,SAN MIGUEL DE LOS BANCOS,1707,"Educación Inicial, Educación General Básica y Bachillerato",Fiscal,140
2023-2024 Inicio,06H01082,UNIDAD EDUCATIVA SAN PABLO,CHIMBORAZO,6,GUANO,607,"Educación Inicial, Educación General Básica y Bachillerato",Fiscal,18
2023-2024 Inicio,24H00034,UNIDAD EDUCATIVA SAN PABLO,SANTA ELENA,24,SANTA ELENA,2401,Educación General Básica y Bachillerato,Particular,58
2023-2024 Inicio,02H00588,UNIDAD EDUCATIVA SAN PABLO DE ATENAS,BOLIVAR,2,SAN MIGUEL,205,Educación General Básica y Bachillerato,Fiscal,49
2023-2024 Inicio,01H01187,UNIDAD EDUCATIVA SAN PABLO DE GUARAINAG,AZUAY,1,PAUTE,105,"Educación Inicial, Educación General Básica y Bachillerato",Fiscal,10
2023-2024 Inicio,13H01570,UNIDAD EDUCATIVA SAN PABLO DE RIO DE ORO,MANABI,13,EL CARMEN,1304,"Educación Inicial, Educación General Básica y Bachillerato",Fiscal,9
2023-2024 Inicio,02H00099,UNIDAD EDUCATIVA SAN PEDRO,BOLIVAR,2,GUARANDA,201,Educación General Básica y Bachillerato,Fiscal,82
2023-2024 Inicio,13H04548,UNIDAD EDUCATIVA SAN PEDRO,MANABI,13,CHONE,1303,"Educación Inicial, Educación General Básica y Bachillerato",Fiscal,19
2023-2024 Inicio,01H01327,UNIDAD EDUCATIVA SAN PEDRO DE SHAGLLI,AZUAY,1,SANTA ISABEL,108,"Educación Inicial, Educación General Básica y Bachillerato",Fiscal,16
2023-2024 Inicio,11H00403,UNIDAD EDUCATIVA SAN PEDRO DE VILCABAMBA,LOJA,11,LOJA,1101,"Educación Inicial, Educación General Básica y Bachillerato",Fiscal,14
2023-2024 Inicio,18H00003,UNIDAD EDUCATIVA SAN PIO X,TUNGURAHUA,18,AMBATO,1801,"Educación Inicial, Educación General Básica y Bachillerato",Particular,136
2023-2024 Inicio,03H00763,UNIDAD EDUCATIVA SAN RAFAEL,CHIMBORAZO,6,ALAUSI,602,"Educación Inicial, Educación General Básica y Bachillerato",Fiscal,4
2023-2024 Inicio,09H04963,UNIDAD EDUCATIVA SAN RAFAEL,GUAYAS,9,SAN JACINTO DE YAGUACHI,920,Educación General Básica y Bachillerato,Particular,25
2023-2024 Inicio,03H00407,UNIDAD EDUCATIVA SAN RAFAEL DE HONORATO VASQUEZ,CAÑAR,3,CAÑAR,303,"Educación Inicial, Educación General Básica y Bachillerato",Fiscal,17
2023-2024 Inicio,01H01257,UNIDAD EDUCATIVA SAN RAFAEL DE SHARUG,AZUAY,1,PUCARA,106,"Educación Inicial, Educación General Básica y Bachillerato",Fiscal,24
2023-2024 Inicio,10H00274,UNIDAD EDUCATIVA SAN ROQUE,IMBABURA,10,ANTONIO ANTE,1002,"Educación Inicial, Educación General Básica, Bachillerato y Ofertas Intensivas",Fiscal,74
2023-2024 Inicio,03H00612,UNIDAD EDUCATIVA SAN SEBASTIAN,CAÑAR,3,DELEG,306,"Educación Inicial, Educación General Básica y Bachillerato",Fiscal,11
2023-2024 Inicio,04H00191,UNIDAD EDUCATIVA SAN VICENTE,CARCHI,4,BOLIVAR,402,"Educación Inicial, Educación General Básica y Bachillerato",Fiscal,19
2023-2024 Inicio,13H04308,UNIDAD EDUCATIVA SAN VICENTE,MANABI,13,SAN VICENTE,1322,"Educación Inicial, Educación General Básica, Bachillerato y Ofertas Intensivas",Fiscal,145
2023-2024 Inicio,06H00216,UNIDAD EDUCATIVA SAN VICENTE DE PAUL,CHIMBORAZO,6,RIOBAMBA,601,"Educación Inicial, Educación General Básica y Bachillerato",Fiscomisional,104
2023-2024 Inicio,11H00957,UNIDAD EDUCATIVA SAN VICENTE DE PAÚL,LOJA,11,GONZANAMA,1107,"Educación Inicial, Educación General Básica y Bachillerato",Fiscomisional,35
2023-2024 Inicio,10H00598,UNIDAD EDUCATIVA SAN VICENTE FERRER,IMBABURA,10,IBARRA,1001,"Educación Inicial, Educación General Básica y Bachillerato",Particular,30
2023-2024 Inicio,11H00630,UNIDAD EDUCATIVA SANGUILLIN,LOJA,11,CALVAS,1102,"Educación Inicial, Educación General Básica y Bachillerato",Fiscal,19
2023-2024 Inicio,24H00015,UNIDAD EDUCATIVA SANTA ELENA,SANTA ELENA,24,SANTA ELENA,2401,Educación General Básica y Bachillerato,Fiscal,320
2023-2024 Inicio,01H01302,UNIDAD EDUCATIVA SANTA ISABEL,AZUAY,1,SANTA ISABEL,108,"Educación Inicial, Educación General Básica, Bachillerato y Ofertas Intensivas",Fiscal,184
2023-2024 Inicio,09H04737,UNIDAD EDUCATIVA SANTA LUCIA,GUAYAS,9,SANTA LUCIA,918,"Educación General Básica, Bachillerato y Ofertas Intensivas",Fiscal,326
2023-2024 Inicio,13H01464,UNIDAD EDUCATIVA SANTA MARÍA,MANABI,13,EL CARMEN,1304,"Educación Inicial, Educación General Básica y Bachillerato",Fiscal,86
2023-2024 Inicio,09H05363,UNIDAD EDUCATIVA SANTA MARIA DE LA GUAYAS,GUAYAS,9,EL EMPALME,908,Educación General Básica y Bachillerato,Fiscal,41
2023-2024 Inicio,08H00440,UNIDAD EDUCATIVA SANTA MARIA DE LOS CAYAPAS,ESMERALDAS,8,ELOY ALFARO,802,Educación General Básica y Bachillerato,Fiscomisional,30
2023-2024 Inicio,24H00066,UNIDAD EDUCATIVA SANTA MARIA DEL FIAT,SANTA ELENA,24,SANTA ELENA,2401,"Educación Inicial, Educación General Básica y Bachillerato",Fiscomisional,112
2023-2024 Inicio,02H00033,UNIDAD EDUCATIVA SANTA MARIANA DE JESUS,BOLIVAR,2,GUARANDA,201,"Educación Inicial, Educación General Básica y Bachillerato",Particular,92
2023-2024 Inicio,06H00112,UNIDAD EDUCATIVA SANTA MARIANA DE JESUS,CHIMBORAZO,6,RIOBAMBA,601,"Educación Inicial, Educación General Básica y Bachillerato",Fiscomisional,129
2023-2024 Inicio,13H02662,UNIDAD EDUCATIVA SANTA MARIANITA,MANABI,13,MANTA,1308,Educación General Básica y Bachillerato,Fiscal,49
2023-2024 Inicio,13H01095,UNIDAD EDUCATIVA SANTA RITA,MANABI,13,CHONE,1303,Educación General Básica y Bachillerato,Fiscal,9
2023-2024 Inicio,01H00711,UNIDAD EDUCATIVA SANTA ROSA,AZUAY,1,CUENCA,101,"Educación Inicial, Educación General Básica y Bachillerato",Fiscal,14
2023-2024 Inicio,15H00372,UNIDAD EDUCATIVA SANTA ROSA,NAPO,15,EL CHACO,1504,"Educación Inicial, Educación General Básica y Bachillerato",Fiscal,13
2023-2024 Inicio,18H00313,UNIDAD EDUCATIVA SANTA ROSA,TUNGURAHUA,18,AMBATO,1801,"Educación Inicial, Educación General Básica, Bachillerato y Ofertas Intensivas",Fiscal,136
2023-2024 Inicio,02H00289,UNIDAD EDUCATIVA SANTA ROSA DE CERRITOS,BOLIVAR,2,CHILLANES,202,Educación General Básica y Bachillerato,Fiscal,6
2023-2024 Inicio,13H05398,UNIDAD EDUCATIVA SANTA TERESA,MANABI,13,PEDERNALES,1317,"Educación Inicial, Educación General Básica y Bachillerato",Fiscal,30
2023-2024 Inicio,11H00740,UNIDAD EDUCATIVA SANTA TERESITA,LOJA,11,CELICA,1104,"Educación Inicial, Educación General Básica y Bachillerato",Fiscomisional,69
2023-2024 Inicio,24H00197,UNIDAD EDUCATIVA SANTA TERESITA,SANTA ELENA,24,LA LIBERTAD,2402,"Educación Inicial, Educación General Básica y Bachillerato",Particular,123
2023-2024 Inicio,09H04221,UNIDAD EDUCATIVA SANTA TERESITA DEL NIÑO JESUS,GUAYAS,9,MILAGRO,910,"Educación Inicial, Educación General Básica y Bachillerato",Particular,8
2023-2024 Inicio,02H00613,UNIDAD EDUCATIVA SANTIAGO,BOLIVAR,2,SAN MIGUEL,205,Educación General Básica y Bachillerato,Fiscal,16
2023-2024 Inicio,17H02648,UNIDAD EDUCATIVA SANTIAGO APOSTOL,PICHINCHA,17,PUERTO QUITO,1709,"Educación Inicial, Educación General Básica y Bachillerato",Fiscomisional,42
2023-2024 Inicio,09H05121,UNIDAD EDUCATIVA SANTO DOMINGO,GUAYAS,9,SIMON BOLIVAR,922,"Educación Inicial, Educación General Básica y Bachillerato",Fiscal,24
2023-2024 Inicio,18H00010,UNIDAD EDUCATIVA SANTO DOMINGO DE GUZMAN,TUNGURAHUA,18,AMBATO,1801,"Educación Inicial, Educación General Básica y Bachillerato",Particular,135
2023-2024 Inicio,23H00091,UNIDAD EDUCATIVA SANTO DOMINGO DE LOS COLORADOS,SANTO DOMINGO DE LOS TSACHILAS,23,SANTO DOMINGO,2301,"Educación Inicial, Educación General Básica, Bachillerato y Ofertas Intensivas",Fiscal,243
2023-2024 Inicio,11H01375,UNIDAD EDUCATIVA SARAGURO,LOJA,11,SARAGURO,1111,"Educación Inicial, Educación General Básica, Bachillerato y Ofertas Intensivas",Fiscal,130
2023-2024 Inicio,10H00425,UNIDAD EDUCATIVA SARANCE,IMBABURA,10,OTAVALO,1004,"Educación Inicial, Educación General Básica, Bachillerato y Ofertas Intensivas",Fiscal,70
2023-2024 Inicio,01H01237,UNIDAD EDUCATIVA SARAYUNGA,AZUAY,1,PUCARA,106,"Educación Inicial, Educación General Básica y Bachillerato",Fiscal,22
2023-2024 Inicio,17H01633,UNIDAD EDUCATIVA SAULO,PICHINCHA,17,QUITO,1701,Educación General Básica y Bachillerato,Particular,12
2023-2024 Inicio,17H02032,UNIDAD EDUCATIVA SCOTLAND SCHOOL,PICHINCHA,17,QUITO,1701,"Educación Inicial, Educación General Básica y Bachillerato",Particular,28
2023-2024 Inicio,21H00247,UNIDAD EDUCATIVA SEBASTIAN DE BENALCAZAR,SUCUMBIOS,21,LAGO AGRIO,2101,"Educación Inicial, Educación General Básica y Bachillerato",Fiscal,14
2023-2024 Inicio,24H00206,UNIDAD EDUCATIVA SEGUNDO CISNEROS ESPINOZA,SANTA ELENA,24,LA LIBERTAD,2402,Educación General Básica y Bachillerato,Municipal,46
2023-2024 Inicio,11H01136,UNIDAD EDUCATIVA SEGUNDO CUEVA CELI,LOJA,11,PALTAS,1109,Educación General Básica y Bachillerato,Fiscal,11
2023-2024 Inicio,07H00745,UNIDAD EDUCATIVA SEIS DE OCTUBRE,EL ORO,7,HUAQUILLAS,707,"Educación Inicial, Educación General Básica y Bachillerato",Fiscal,186
2023-2024 Inicio,10H00480,UNIDAD EDUCATIVA SELVA ALEGRE,IMBABURA,10,OTAVALO,1004,"Educación Inicial, Educación General Básica y Bachillerato",Fiscal,32
2023-2024 Inicio,05H00080,UNIDAD EDUCATIVA SEMILLAS DE VIDA,COTOPAXI,5,LATACUNGA,501,"Educación Inicial, Educación General Básica y Bachillerato",Particular,3
2023-2024 Inicio,03H00479,UNIDAD EDUCATIVA SEVERO ESPINOSA VALDIVIESO,CAÑAR,3,CAÑAR,303,"Educación Inicial, Educación General Básica, Bachillerato y Ofertas Intensivas",Fiscal,47
2023-2024 Inicio,01H01498,UNIDAD EDUCATIVA SEVILLA DE ORO,AZUAY,1,SEVILLA DE ORO,113,"Educación Inicial, Educación General Básica y Bachillerato",Fiscal,26
2023-2024 Inicio,03H00369,UNIDAD EDUCATIVA SHUNGUMARCA,CAÑAR,3,CAÑAR,303,"Educación Inicial, Educación General Básica, Bachillerato y Ofertas Intensivas",Fiscal,9
2023-2024 Inicio,21H00502,UNIDAD EDUCATIVA SHUSHUFINDI,SUCUMBIOS,21,SHUSHUFINDI,2104,"Educación Inicial, Educación General Básica y Bachillerato",Fiscal,375
2023-2024 Inicio,12H02614,UNIDAD EDUCATIVA SI MIAO WEI HUA DEL ECUADOR,LOS RIOS,12,MOCACHE,1212,Educación General Básica y Bachillerato,Particular,31
2023-2024 Inicio,06H00657,UNIDAD EDUCATIVA SIBAMBE,CHIMBORAZO,6,ALAUSI,602,"Educación Inicial, Educación General Básica y Bachillerato",Fiscal,21
2023-2024 Inicio,09H04308,UNIDAD EDUCATIVA SIETE DE NOVIEMBRE,GUAYAS,9,NARANJAL,911,Educación General Básica y Bachillerato,Fiscal,148
2023-2024 Inicio,12H00854,UNIDAD EDUCATIVA SIETE DE OCTUBRE,LOS RIOS,12,QUEVEDO,1205,Educación General Básica y Bachillerato,Fiscal,314
2023-2024 Inicio,01H01358,UNIDAD EDUCATIVA SIGSIG,AZUAY,1,SIGSIG,109,"Educación General Básica, Bachillerato y Ofertas Intensivas",Fiscal,180
2023-2024 Inicio,10H00516,UNIDAD EDUCATIVA SILVIO LUIS HARO ALVEAR,IMBABURA,10,PIMAMPIRO,1005,"Educación Inicial, Educación General Básica y Bachillerato",Fiscal,14
2023-2024 Inicio,02H00066,UNIDAD EDUCATIVA SIMON BOLIVAR,BOLIVAR,2,GUARANDA,201,"Educación Inicial, Educación General Básica y Bachillerato",Fiscal,26
2023-2024 Inicio,13H01671,UNIDAD EDUCATIVA SIMON BOLIVAR,MANABI,13,EL CARMEN,1304,"Educación Inicial, Educación General Básica y Bachillerato",Fiscal,20
2023-2024 Inicio,24H00337,UNIDAD EDUCATIVA SIMON BOLIVAR,SANTA ELENA,24,SALINAS,2403,"Educación Inicial, Educación General Básica y Bachillerato",Fiscal,57
2023-2024 Inicio,09H04230,UNIDAD EDUCATIVA SIMÓN BOLIVAR,GUAYAS,9,MILAGRO,910,"Educación Inicial, Educación General Básica y Bachillerato",Fiscal,106
2023-2024 Inicio,09H04330,UNIDAD EDUCATIVA SIMÓN BOLIVAR,GUAYAS,9,NARANJAL,911,"Educación Inicial, Educación General Básica y Bachillerato",Fiscal,37
2023-2024 Inicio,02H00207,UNIDAD EDUCATIVA SIMON RODRIGUEZ,BOLIVAR,2,GUARANDA,201,"Educación Inicial, Educación General Básica y Bachillerato",Fiscal,6
2023-2024 Inicio,05H00120,UNIDAD EDUCATIVA SIMON RODRIGUEZ,COTOPAXI,5,LATACUNGA,501,"Educación Inicial, Educación General Básica y Bachillerato",Fiscal,37
2023-2024 Inicio,06H00282,UNIDAD EDUCATIVA SIMON RODRIGUEZ,CHIMBORAZO,6,RIOBAMBA,601,"Educación Inicial, Educación General Básica y Bachillerato",Fiscal,32
2023-2024 Inicio,01H00839,UNIDAD EDUCATIVA SININCAY,AZUAY,1,CUENCA,101,"Educación Inicial, Educación General Básica, Bachillerato y Ofertas Intensivas",Fiscal,33
2023-2024 Inicio,09H05268,UNIDAD EDUCATIVA SIR THOMAS MORE,GUAYAS,9,DAULE,906,"Educación Inicial, Educación General Básica y Bachillerato",Particular,89
2023-2024 Inicio,09H05091,"UNIDAD EDUCATIVA SOCIEDAD, EDUCACION Y RENOVACION",GUAYAS,9,PLAYAS,921,Educación General Básica y Bachillerato,Particular,21
2023-2024 Inicio,11H01608,UNIDAD EDUCATIVA SOLDADO FRANCISCO ARTURO CORONEL,LOJA,11,ZAPOTILLO,1113,"Educación Inicial, Educación General Básica y Bachillerato",Fiscal,3
2023-2024 Inicio,09H03783,UNIDAD EDUCATIVA SOLDADO MONGE,GUAYAS,9,EL EMPALME,908,Educación General Básica y Bachillerato,Fiscal,170
2023-2024 Inicio,23H00183,UNIDAD EDUCATIVA STEPHEN HAWKING,SANTO DOMINGO DE LOS TSACHILAS,23,SANTO DOMINGO,2301,Educación General Básica y Bachillerato,Fiscal,16
2023-2024 Inicio,13H03943,UNIDAD EDUCATIVA SUCRE MIELES,MANABI,13,PEDERNALES,1317,"Educación Inicial, Educación General Básica, Bachillerato y Ofertas Intensivas",Fiscal,136
2023-2024 Inicio,14H00351,UNIDAD EDUCATIVA SUCÚA,MORONA SANTIAGO,14,SUCUA,1406,Bachillerato y Ofertas Intensivas,Fiscal,154
2023-2024 Inicio,21H00643,UNIDAD EDUCATIVA SUCUMBIOS,SUCUMBIOS,21,SUCUMBIOS,2105,"Educación Inicial, Educación General Básica y Bachillerato",Fiscal,15
2023-2024 Inicio,18H00047,UNIDAD EDUCATIVA SUIZO,TUNGURAHUA,18,AMBATO,1801,"Educación Inicial, Educación General Básica y Bachillerato",Particular,21
2023-2024 Inicio,08H00325,UNIDAD EDUCATIVA TABIAZO,ESMERALDAS,8,ESMERALDAS,801,"Educación Inicial, Educación General Básica y Bachillerato",Fiscal,33
2023-2024 Inicio,14H00421,UNIDAD EDUCATIVA TAISHA,MORONA SANTIAGO,14,TAISHA,1409,"Educación Inicial, Educación General Básica, Bachillerato y Ofertas Intensivas",Fiscal,34
2023-2024 Inicio,18H00224,UNIDAD EDUCATIVA TARCILA ALBORNOZ DE GROSS,TUNGURAHUA,18,AMBATO,1801,"Educación Inicial, Educación General Básica y Bachillerato",Fiscal,13
2023-2024 Inicio,08H00737,UNIDAD EDUCATIVA TARQUI ,ESMERALDAS,8,QUININDE,804,"Educación Inicial, Educación General Básica y Bachillerato",Fiscal,68
2023-2024 Inicio,14H00311,UNIDAD EDUCATIVA TAYUZA,MORONA SANTIAGO,14,SANTIAGO,1405,"Educación Inicial, Educación General Básica y Bachillerato",Fiscal,31
2023-2024 Inicio,11H01200,UNIDAD EDUCATIVA TCNEL LAURO GUERRERO,LOJA,11,PALTAS,1109,"Educación Inicial, Educación General Básica y Bachillerato",Fiscal,20
2023-2024 Inicio,17H02526,UNIDAD EDUCATIVA TECNICO ECUADOR,PICHINCHA,17,SAN MIGUEL DE LOS BANCOS,1707,"Educación Inicial, Educación General Básica y Bachillerato",Fiscomisional,59
2023-2024 Inicio,13H03892,UNIDAD EDUCATIVA TECNICO PEDERNALES,MANABI,13,PEDERNALES,1317,"Educación General Básica, Bachillerato y Ofertas Intensivas",Fiscal,139
2023-2024 Inicio,13H05091,UNIDAD EDUCATIVA TEMISTOCLES CHICA SALDARREAGA,MANABI,13,CHONE,1303,"Educación Inicial, Educación General Básica y Bachillerato",Fiscal,29
2023-2024 Inicio,21H00542,UNIDAD EDUCATIVA TEMPORAL DR JULIO ALVAREZ CRESPO,SUCUMBIOS,21,SHUSHUFINDI,2104,"Educación Inicial, Educación General Básica y Bachillerato",Fiscal,116
2023-2024 Inicio,09H02842,UNIDAD EDUCATIVA TENGUEL SARAGURO,GUAYAS,9,GUAYAQUIL,901,"Educación Inicial, Educación General Básica y Bachillerato",Fiscal,108
2023-2024 Inicio,21H00859,UNIDAD EDUCATIVA TENIENTE CORONEL LAURO GUERRERO,SUCUMBIOS,21,SHUSHUFINDI,2104,"Educación Inicial, Educación General Básica y Bachillerato",Fiscal,80
2023-2024 Inicio,09H04099,UNIDAD EDUCATIVA TENIENTE HUGO ORTIZ,GUAYAS,9,MILAGRO,910,"Educación Inicial, Educación General Básica y Bachillerato",Fiscal,81
2023-2024 Inicio,19H00225,UNIDAD EDUCATIVA TENIENTE SEGUNDO QUIROZ,ZAMORA CHINCHIPE,19,NANGARITZA,1903,"Educación Inicial, Educación General Básica y Bachillerato",Fiscal,10
2023-2024 Inicio,09H02881,UNIDAD EDUCATIVA TEODORO ALVARADO GARAICOA,GUAYAS,9,ALFREDO BAQUERIZO MORENO,902,"Educación Inicial, Educación General Básica, Bachillerato y Ofertas Intensivas",Fiscal,172
2023-2024 Inicio,10H00118,UNIDAD EDUCATIVA TEODORO GOMEZ DE LA TORRE,IMBABURA,10,IBARRA,1001,"Educación Inicial, Educación General Básica y Bachillerato",Fiscal,421
2023-2024 Inicio,24H00025,UNIDAD EDUCATIVA TEODORO WOLF,SANTA ELENA,24,SANTA ELENA,2401,"Educación Inicial, Educación General Básica y Bachillerato",Fiscal,230
2023-2024 Inicio,13H02497,UNIDAD EDUCATIVA TERESA DE CALCUTA,MANABI,13,MANTA,1308,"Educación Inicial, Educación General Básica y Bachillerato",Particular,153
2023-2024 Inicio,18H00110,UNIDAD EDUCATIVA TERESA FLOR,TUNGURAHUA,18,AMBATO,1801,"Educación Inicial, Educación General Básica y Bachillerato",Fiscal,163
2023-2024 Inicio,06H00221,UNIDAD EDUCATIVA THE BRITISH SCHOOL,CHIMBORAZO,6,RIOBAMBA,601,"Educación Inicial, Educación General Básica y Bachillerato",Particular,21
2023-2024 Inicio,17H01016,UNIDAD EDUCATIVA THEODORE W ANDERSON,PICHINCHA,17,QUITO,1701,"Educación Inicial, Educación General Básica y Bachillerato",Particular,33
2023-2024 Inicio,17H02589,UNIDAD EDUCATIVA TIBERIO PATIÑO TRUJILLO,PICHINCHA,17,PUERTO QUITO,1709,"Educación Inicial, Educación General Básica y Bachillerato",Fiscal,11
2023-2024 Inicio,22H00152,UNIDAD EDUCATIVA TIGUINO,ORELLANA,22,ORELLANA,2201,"Educación Inicial, Educación General Básica y Bachillerato",Fiscal,9
2023-2024 Inicio,11H00851,UNIDAD EDUCATIVA TIOPAMBA,LOJA,11,ESPINDOLA,1106,"Educación Inicial, Educación General Básica y Bachillerato",Fiscal,7
2023-2024 Inicio,22H00535,UNIDAD EDUCATIVA TIPUTINI,ORELLANA,22,AGUARICO,2202,"Educación Inicial, Educación General Básica y Bachillerato",Fiscal,36
2023-2024 Inicio,18H00212,UNIDAD EDUCATIVA TIRSO DE MOLINA,TUNGURAHUA,18,AMBATO,1801,Educación General Básica y Bachillerato,Fiscomisional,167
2023-2024 Inicio,13H01041,UNIDAD EDUCATIVA TIWINTZA,MANABI,13,CHONE,1303,"Educación Inicial, Educación General Básica y Bachillerato",Fiscal,13
2023-2024 Inicio,06H00783,UNIDAD EDUCATIVA TNTE CORONEL JOHN MERINO BARRENO,CHIMBORAZO,6,COLTA,603,"Educación Inicial, Educación General Básica y Bachillerato",Fiscal,10
2023-2024 Inicio,05H00221,UNIDAD EDUCATIVA TOACASO,COTOPAXI,5,LATACUNGA,501,"Educación Inicial, Educación General Básica y Bachillerato",Fiscal,141
2023-2024 Inicio,20H00033,UNIDAD EDUCATIVA TOMAS DE BERLANGA,GALAPAGOS,20,SANTA CRUZ,2003,"Educación Inicial, Educación General Básica y Bachillerato",Particular,8
2023-2024 Inicio,18H00294,UNIDAD EDUCATIVA TOMAS MARTINEZ,TUNGURAHUA,18,AMBATO,1801,"Educación Inicial, Educación General Básica y Bachillerato",Fiscal,27
2023-2024 Inicio,06H00692,UNIDAD EDUCATIVA TOMAS OLEAS,CHIMBORAZO,6,COLTA,603,"Educación Inicial, Educación General Básica, Bachillerato y Ofertas Intensivas",Fiscal,76
2023-2024 Inicio,18H00328,UNIDAD EDUCATIVA TOMAS SEVILLA,TUNGURAHUA,18,AMBATO,1801,"Educación Inicial, Educación General Básica y Bachillerato",Fiscal,13
2023-2024 Inicio,09H06224,UNIDAD EDUCATIVA TORREMOLINOS,GUAYAS,9,DAULE,906,"Educación Inicial, Educación General Básica y Bachillerato",Particular,10
2023-2024 Inicio,13H03638,UNIDAD EDUCATIVA TOSAGUA,MANABI,13,TOSAGUA,1315,"Educación Inicial, Educación General Básica y Bachillerato",Fiscal,113
2023-2024 Inicio,09H05003,UNIDAD EDUCATIVA TRECE DE OCTUBRE,GUAYAS,9,SIMON BOLIVAR,922,"Educación General Básica, Bachillerato y Ofertas Intensivas",Fiscal,62
2023-2024 Inicio,13H03124,UNIDAD EDUCATIVA TREINTA DE SEPTIEMBRE,MANABI,13,ROCAFUERTE,1312,Educación General Básica y Bachillerato,Fiscal,46
2023-2024 Inicio,13H01439,UNIDAD EDUCATIVA TRES DE JULIO,MANABI,13,EL CARMEN,1304,"Educación Inicial, Educación General Básica y Bachillerato",Fiscal,138
2023-2024 Inicio,02H00346,UNIDAD EDUCATIVA TRES DE MARZO,BOLIVAR,2,CHIMBO,203,Educación General Básica y Bachillerato,Fiscal,47
2023-2024 Inicio,01H00061,UNIDAD EDUCATIVA TRES DE NOVIEMBRE,AZUAY,1,CUENCA,101,"Educación Inicial, Educación General Básica y Bachillerato",Fiscal,69
2023-2024 Inicio,04H00110,UNIDAD EDUCATIVA TUFIÑO,CARCHI,4,TULCAN,401,"Educación Inicial, Educación General Básica y Bachillerato",Fiscal,27
2023-2024 Inicio,04H00020,UNIDAD EDUCATIVA TULCAN,CARCHI,4,TULCAN,401,"Educación Inicial, Educación General Básica y Bachillerato",Fiscal,157
2023-2024 Inicio,08H01514,UNIDAD EDUCATIVA TULULBI,ESMERALDAS,8,SAN LORENZO,805,"Educación Inicial, Educación General Básica, Bachillerato y Ofertas Intensivas",Fiscal,49
2023-2024 Inicio,17H02108,UNIDAD EDUCATIVA TUMBACO,PICHINCHA,17,QUITO,1701,"Educación Inicial, Educación General Básica y Bachillerato",Fiscal,374
2023-2024 Inicio,06H01090,UNIDAD EDUCATIVA TUNTATACTO,CHIMBORAZO,6,GUANO,607,"Educación Inicial, Educación General Básica y Bachillerato",Fiscal,15
2023-2024 Inicio,01H00887,UNIDAD EDUCATIVA TURI,AZUAY,1,CUENCA,101,"Educación Inicial, Educación General Básica y Bachillerato",Fiscal,38
2023-2024 Inicio,03H00032,UNIDAD EDUCATIVA UNE,CAÑAR,3,AZOGUES,301,"Educación Inicial, Educación General Básica y Bachillerato",Fiscal,51
2023-2024 Inicio,12H00743,UNIDAD EDUCATIVA UNIDAD POPULAR,LOS RIOS,12,QUEVEDO,1205,Educación General Básica y Bachillerato,Fiscal,99
2023-2024 Inicio,18H00867,UNIDAD EDUCATIVA UNIKIDS,TUNGURAHUA,18,AMBATO,1801,"Educación Inicial, Educación General Básica y Bachillerato",Particular,15
2023-2024 Inicio,05H00491,UNIDAD EDUCATIVA UNION Y PROGRESO,COTOPAXI,5,PUJILI,504,"Educación Inicial, Educación General Básica y Bachillerato",Fiscal,12
2023-2024 Inicio,13H04786,UNIDAD EDUCATIVA UNION Y PROGRESO,MANABI,13,CHONE,1303,"Educación Inicial, Educación General Básica y Bachillerato",Fiscal,13
2023-2024 Inicio,12H01030,UNIDAD EDUCATIVA URDANETA,LOS RIOS,12,URDANETA,1206,"Educación Inicial, Educación General Básica y Bachillerato",Fiscal,34
2023-2024 Inicio,11H00616,UNIDAD EDUCATIVA UTUANA,LOJA,11,CALVAS,1102,"Educación Inicial, Educación General Básica y Bachillerato",Fiscal,13
2023-2024 Inicio,24H00154,UNIDAD EDUCATIVA VALDIVIA,SANTA ELENA,24,SANTA ELENA,2401,Educación General Básica y Bachillerato,Fiscal,202
2023-2024 Inicio,19H00473,UNIDAD EDUCATIVA VALLADOLID,ZAMORA CHINCHIPE,19,PALANDA,1908,"Educación Inicial, Educación General Básica y Bachillerato",Fiscal,28
2023-2024 Inicio,10H00159,UNIDAD EDUCATIVA VALLE DEL CHOTA,IMBABURA,10,IBARRA,1001,"Educación Inicial, Educación General Básica y Bachillerato",Fiscal,68
2023-2024 Inicio,23H00610,UNIDAD EDUCATIVA VALLE HERMOSO,SANTO DOMINGO DE LOS TSACHILAS,23,SANTO DOMINGO,2301,"Educación Inicial, Educación General Básica y Bachillerato",Fiscal,108
2023-2024 Inicio,08H00130,UNIDAD EDUCATIVA VALM MANUEL NIETO CADENA,ESMERALDAS,8,ESMERALDAS,801,Educación General Básica y Bachillerato,Fiscal,156
2023-2024 Inicio,23H00325,UNIDAD EDUCATIVA VASCO NUÑEZ DE BALBOA,SANTO DOMINGO DE LOS TSACHILAS,23,SANTO DOMINGO,2301,"Educación Inicial, Educación General Básica y Bachillerato",Fiscal,10
2023-2024 Inicio,13H05421,UNIDAD EDUCATIVA VEINTE DE MARZO,MANABI,13,JAMA,1320,"Educación Inicial, Educación General Básica y Bachillerato",Fiscal,13
2023-2024 Inicio,09H04023,UNIDAD EDUCATIVA VEINTICINCO DE AGOSTO,GUAYAS,9,EL TRIUNFO,909,"Educación Inicial, Educación General Básica, Bachillerato y Ofertas Intensivas",Fiscal,54
2023-2024 Inicio,23H00288,UNIDAD EDUCATIVA VEINTICUATRO DE MAYO,SANTO DOMINGO DE LOS TSACHILAS,23,SANTO DOMINGO,2301,"Educación Inicial, Educación General Básica y Bachillerato",Fiscal,125
2023-2024 Inicio,09H03343,UNIDAD EDUCATIVA VEINTISIETE DE AGOSTO,GUAYAS,9,DAULE,906,Educación General Básica y Bachillerato,Fiscal,103
2023-2024 Inicio,06H00968,UNIDAD EDUCATIVA VELASCO IBARRA,CHIMBORAZO,6,GUAMOTE,606,"Educación Inicial, Educación General Básica, Bachillerato y Ofertas Intensivas",Fiscal,135
2023-2024 Inicio,12H01136,UNIDAD EDUCATIVA VENTANAS,LOS RIOS,12,VENTANAS,1207,Educación General Básica y Bachillerato,Fiscal,238
2023-2024 Inicio,16H00137,UNIDAD EDUCATIVA VERACRUZ,PASTAZA,16,PASTAZA,1601,"Educación Inicial, Educación General Básica y Bachillerato",Fiscal,16
2023-2024 Inicio,02H00030,UNIDAD EDUCATIVA VERBO DIVINO,BOLIVAR,2,GUARANDA,201,"Educación Inicial, Educación General Básica y Bachillerato",Fiscomisional,81
2023-2024 Inicio,09H01279,UNIDAD EDUCATIVA VERSALLES,GUAYAS,9,PLAYAS,921,"Educación Inicial, Educación General Básica y Bachillerato",Particular,16
2023-2024 Inicio,17H02568,UNIDAD EDUCATIVA VICENTE  ANDA AGUIRRE,PICHINCHA,17,PEDRO VICENTE MALDONADO,1708,"Educación Inicial, Educación General Básica y Bachillerato",Fiscal,153
2023-2024 Inicio,06H00043,UNIDAD EDUCATIVA VICENTE ANDA AGUIRRE,CHIMBORAZO,6,RIOBAMBA,601,Educación General Básica y Bachillerato,Fiscal,109
2023-2024 Inicio,09H04110,UNIDAD EDUCATIVA VICENTE ANDA AGUIRRE,GUAYAS,9,MILAGRO,910,Educación General Básica y Bachillerato,Fiscal,293
2023-2024 Inicio,18H00384,UNIDAD EDUCATIVA VICENTE ANDA AGUIRRE,TUNGURAHUA,18,MOCHA,1804,"Educación Inicial, Educación General Básica, Bachillerato y Ofertas Intensivas",Fiscal,83
2023-2024 Inicio,04H00026,UNIDAD EDUCATIVA VICENTE FIERRO,CARCHI,4,TULCAN,401,"Educación Inicial, Educación General Básica, Bachillerato y Ofertas Intensivas",Fiscal,139
2023-2024 Inicio,12H00317,UNIDAD EDUCATIVA VICENTE PIEDRAHITA,LOS RIOS,12,BABAHOYO,1201,"Educación Inicial, Educación General Básica y Bachillerato",Fiscal,27
2023-2024 Inicio,09H05151,UNIDAD EDUCATIVA VICENTE PIEDRAHITA CARBO,GUAYAS,9,NOBOL,925,Educación General Básica y Bachillerato,Fiscal,183
2023-2024 Inicio,09H04040,UNIDAD EDUCATIVA VICENTE ROCAFUERTE,GUAYAS,9,EL TRIUNFO,909,"Educación Inicial, Educación General Básica y Bachillerato",Particular,23
2023-2024 Inicio,24H00130,UNIDAD EDUCATIVA VICENTE ROCAFUERTE,SANTA ELENA,24,SANTA ELENA,2401,"Educación Inicial, Educación General Básica y Bachillerato",Fiscal,34
2023-2024 Inicio,23H00220,UNIDAD EDUCATIVA VICTOR EMILIO ESTRADA,SANTO DOMINGO DE LOS TSACHILAS,23,SANTO DOMINGO,2301,"Educación Inicial, Educación General Básica y Bachillerato",Fiscal,20
2023-2024 Inicio,01H00314,UNIDAD EDUCATIVA VICTOR GERARDO AGUILAR,AZUAY,1,CUENCA,101,"Educación Inicial, Educación General Básica y Bachillerato",Fiscal,42
2023-2024 Inicio,01H01566,UNIDAD EDUCATIVA VICTOR GERARDO AGUILAR,AZUAY,1,CAMILO PONCE ENRIQUEZ,115,"Educación Inicial, Educación General Básica y Bachillerato",Fiscal,72
2023-2024 Inicio,01H01112,UNIDAD EDUCATIVA VICTOR LEON VIVAR,AZUAY,1,NABON,104,"Educación Inicial, Educación General Básica y Bachillerato",Fiscal,38
2023-2024 Inicio,10H00131,UNIDAD EDUCATIVA VICTOR MANUEL GUZMAN,IMBABURA,10,IBARRA,1001,"Educación Inicial, Educación General Básica y Bachillerato",Fiscal,278
2023-2024 Inicio,13H03985,UNIDAD EDUCATIVA VICTOR MANUEL PENAHERRERA,MANABI,13,PEDERNALES,1317,Educación General Básica y Bachillerato,Fiscal,41
2023-2024 Inicio,10H00106,UNIDAD EDUCATIVA VICTOR MANUEL PEÑAHERRERA,IMBABURA,10,IBARRA,1001,"Educación Inicial, Educación General Básica y Bachillerato",Fiscal,36
2023-2024 Inicio,19H00088,UNIDAD EDUCATIVA VICTOR MANUEL RODRIGUEZ PEÑARRETA,ZAMORA CHINCHIPE,19,ZAMORA,1901,Educación General Básica y Bachillerato,Fiscal,4
2023-2024 Inicio,10H00226,UNIDAD EDUCATIVA VICTOR MIDEROS ALMEIDA,IMBABURA,10,IBARRA,1001,"Educación Inicial, Educación General Básica, Bachillerato y Ofertas Intensivas",Fiscal,39
2023-2024 Inicio,06H00317,UNIDAD EDUCATIVA VICTOR PROAÑO CARRION,CHIMBORAZO,6,RIOBAMBA,601,"Educación Inicial, Educación General Básica y Bachillerato",Fiscal,50
2023-2024 Inicio,22H00147,UNIDAD EDUCATIVA VICTOR SERGIO RON VEGA,ORELLANA,22,ORELLANA,2201,"Educación Inicial, Educación General Básica y Bachillerato",Fiscal,24
2023-2024 Inicio,09H03443,UNIDAD EDUCATIVA VICTORIA TORRES DE NEIRA,GUAYAS,9,DAULE,906,"Educación Inicial, Educación General Básica y Bachillerato",Fiscal,60
2023-2024 Inicio,05H00093,UNIDAD EDUCATIVA VICTORIA VASCONEZ CUVI - SIMON BOLIVAR - ELVIRA ORTEGA,COTOPAXI,5,LATACUNGA,501,"Educación Inicial, Educación General Básica y Bachillerato",Fiscal,528
2023-2024 Inicio,17H02926,UNIDAD EDUCATIVA VIDA NUEVA I,PICHINCHA,17,QUITO,1701,Educación General Básica y Bachillerato,Particular,193
2023-2024 Inicio,23H00085,UNIDAD EDUCATIVA VILLA FLORIDA,SANTO DOMINGO DE LOS TSACHILAS,23,SANTO DOMINGO,2301,Educación General Básica y Bachillerato,Fiscal,146
2023-2024 Inicio,12H01289,UNIDAD EDUCATIVA VINCES,LOS RIOS,12,VINCES,1208,Educación General Básica y Bachillerato,Fiscal,318
2023-2024 Inicio,09H03406,UNIDAD EDUCATIVA VIRGEN DEL CARMEN,GUAYAS,9,LOMAS DE SARGENTILLO,924,"Educación Inicial, Educación General Básica y Bachillerato",Particular,41
2023-2024 Inicio,24H00192,UNIDAD EDUCATIVA VIRGEN DEL CISNE,SANTA ELENA,24,SANTA ELENA,2401,"Educación Inicial, Educación General Básica y Bachillerato",Particular,11
2023-2024 Inicio,03H00499,UNIDAD EDUCATIVA VIRGILIO URGILES MIRANDA,CAÑAR,3,LA TRONCAL,304,"Educación Inicial, Educación General Básica y Bachillerato",Fiscal,51
2023-2024 Inicio,24H00313,UNIDAD EDUCATIVA VIRGINIA REYES GONZALEZ,SANTA ELENA,24,SALINAS,2403,"Educación Inicial, Educación General Básica y Bachillerato",Fiscal,72
2023-2024 Inicio,23H00266,UNIDAD EDUCATIVA VIVIAN LUZURIAGA VASQUEZ,SANTO DOMINGO DE LOS TSACHILAS,23,SANTO DOMINGO,2301,"Educación Inicial, Educación General Básica, Bachillerato y Ofertas Intensivas",Fiscal,96
2023-2024 Inicio,24H00383,UNIDAD EDUCATIVA WALT WHITMAN,SANTA ELENA,24,SALINAS,2403,"Educación Inicial, Educación General Básica y Bachillerato",Particular,19
2023-2024 Inicio,23H00562,UNIDAD EDUCATIVA WASHINGTON PAZMIÑO VARGAS,SANTO DOMINGO DE LOS TSACHILAS,23,SANTO DOMINGO,2301,"Educación Inicial, Educación General Básica y Bachillerato",Fiscal,36
2023-2024 Inicio,13H04188,Unidad Educativa WINSTON CHURCHILL,MANABI,13,JAMA,1320,"Educación Inicial, Educación General Básica y Bachillerato",Fiscal,14
2023-2024 Inicio,10H00029,UNIDAD EDUCATIVA YAHUARCOCHA,IMBABURA,10,IBARRA,1001,"Educación Inicial, Educación General Básica y Bachillerato",Fiscal,21
2023-2024 Inicio,13H01797,UNIDAD EDUCATIVA YAHUARCOCHA,MANABI,13,FLAVIO ALFARO,1305,"Educación Inicial, Educación General Básica y Bachillerato",Fiscal,11
2023-2024 Inicio,18H00387,UNIDAD EDUCATIVA YANAHURCO,TUNGURAHUA,18,MOCHA,1804,"Educación Inicial, Educación General Básica y Bachillerato",Fiscal,19
2023-2024 Inicio,06H00253,UNIDAD EDUCATIVA YARUQUIES,CHIMBORAZO,6,RIOBAMBA,601,"Educación Inicial, Educación General Básica y Bachillerato",Fiscal,25
2023-2024 Inicio,13H05405,UNIDAD EDUCATIVA YASMINA JUSTINA ZAMORA GOYE,MANABI,13,PEDERNALES,1317,"Educación Inicial, Educación General Básica y Bachillerato",Fiscal,60
2023-2024 Inicio,22H00530,UNIDAD EDUCATIVA YASUNI,ORELLANA,22,ORELLANA,2201,"Educación Inicial, Educación General Básica y Bachillerato",Fiscal,38
2023-2024 Inicio,02H00648,UNIDAD EDUCATIVA YATUVI,BOLIVAR,2,CALUMA,206,"Educación Inicial, Educación General Básica y Bachillerato",Fiscal,9
2023-2024 Inicio,14H00231,UNIDAD EDUCATIVA YUNGANZA,MORONA SANTIAGO,14,LIMON INDANZA,1403,Educación General Básica y Bachillerato,Fiscal,10
2023-2024 Inicio,12H01233,UNIDAD EDUCATIVA ZAPOTAL,LOS RIOS,12,VENTANAS,1207,Educación General Básica y Bachillerato,Fiscal,93
2023-2024 Inicio,09H04873,UNIDAD EDUCATIVA ZENON VELEZ VITERI,GUAYAS,9,SALITRE,919,"Educación Inicial, Educación General Básica y Bachillerato",Fiscal,70
2023-2024 Inicio,01H01078,UNIDAD EDUCATIVA ZHIDMAD,AZUAY,1,GUALACEO,103,"Educación Inicial, Educación General Básica y Bachillerato",Fiscal,17
2023-2024 Inicio,01H00074,UNIDAD EDUCATIVA ZOILA AURORA PALACIOS,AZUAY,1,CUENCA,101,"Educación Inicial, Educación General Básica, Bachillerato y Ofertas Intensivas",Fiscal,46
2023-2024 Inicio,01H00145,UNIDAD EDUCATIVA ZOILA ESPERANZA PALACIO,AZUAY,1,CUENCA,101,"Educación Inicial, Educación General Básica y Bachillerato",Fiscal,64
2023-2024 Inicio,23H00826,UNIDAD EDUCATIVA ZOILA ETELVINA PAREDES AMÁN,SANTO DOMINGO DE LOS TSACHILAS,23,SANTO DOMINGO,2301,"Educación Inicial, Educación General Básica y Bachillerato",Fiscal,18
2023-2024 Inicio,10H00177,UNIDAD EDUCATIVA ZULETA,IMBABURA,10,IBARRA,1001,"Educación Inicial, Educación General Básica y Bachillerato",Fiscal,17
2023-2024 Inicio,24H00348,UNIDAD EDUCATVA ING AGR JUAN JOSE CASTELLO ZAMBRANO,SANTA ELENA,24,SANTA ELENA,2401,"Educación Inicial, Educación General Básica y Bachillerato",Fiscal,30
2023-2024 Inicio,10H00396,UNIDAD EDUCATVA SANTA JUANA DE CHANTAL,IMBABURA,10,OTAVALO,1004,"Educación Inicial, Educación General Básica y Bachillerato",Particular,147
2023-2024 Inicio,13H02795,UNIDAD EDUCTIVA FISCAL  VEINTITRES DE OCTUBRE,MANABI,13,MONTECRISTI,1309,"Educación Inicial, Educación General Básica y Bachillerato",Fiscal,305
2023-2024 Inicio,13H01584,UNION Y PROGRESO,MANABI,13,EL CARMEN,1304,"Educación Inicial, Educación General Básica y Bachillerato",Fiscal,52
2023-2024 Inicio,10H00538,URCUQUI,IMBABURA,10,SAN MIGUEL DE URCUQUI,1006,"Educación Inicial, Educación General Básica, Bachillerato y Ofertas Intensivas",Fiscal,96
2023-2024 Inicio,17H02334,UYUMBICHO,PICHINCHA,17,MEJIA,1703,"Educación Inicial, Educación General Básica y Bachillerato",Fiscal,191
2023-2024 Inicio,13H00484,VELASCO IBARRA,MANABI,13,PORTOVIEJO,1301,Educación General Básica y Bachillerato,Fiscal,73
2023-2024 Inicio,17H01354,VENCEDORES,PICHINCHA,17,QUITO,1701,Educación General Básica y Bachillerato,Fiscal,48
2023-2024 Inicio,13H03437,VICENTE ALEJANDRO HURTADO POLIT,MANABI,13,SUCRE,1314,"Educación Inicial, Educación General Básica y Bachillerato",Particular,17
2023-2024 Inicio,03H00608,VICENTE ANDA AGUIRRE,CAÑAR,3,DELEG,306,"Educación General Básica, Bachillerato y Ofertas Intensivas",Fiscal,65
2023-2024 Inicio,22B00005,VICENTE MAMALLACTA,ORELLANA,22,ORELLANA,2201,"Educación Inicial, Educación General Básica y Bachillerato",Fiscal,4
2023-2024 Inicio,13H03021,VICENTE ROCAFUERTE,MANABI,13,PICHINCHA,1311,"Educación Inicial, Educación General Básica y Bachillerato",Particular,34
2023-2024 Inicio,13H03186,VICENTE ROCAFUERTE,MANABI,13,ROCAFUERTE,1312,"Educación Inicial, Educación General Básica y Bachillerato",Fiscal,14
2023-2024 Inicio,17H01206,VICENTE ROCAFUERTE,PICHINCHA,17,QUITO,1701,Educación General Básica y Bachillerato,Fiscal,105
2023-2024 Inicio,17H02109,VICTOR MANUEL PEÑAHERRERA,PICHINCHA,17,QUITO,1701,"Educación General Básica, Bachillerato y Ofertas Intensivas",Fiscal,105
2023-2024 Inicio,10H00590,VICTORIA BILINGUAL CHRISTIAN ACADEMY,IMBABURA,10,IBARRA,1001,"Educación Inicial, Educación General Básica y Bachillerato",Particular,34
2023-2024 Inicio,13H03347,VICTORIA DE JUNIN,MANABI,13,SANTA ANA,1313,"Educación Inicial, Educación General Básica y Bachillerato",Fiscal,38
2023-2024 Inicio,17H02251,WILLIAM BLAKE,PICHINCHA,17,MEJIA,1703,"Educación Inicial, Educación General Básica y Bachillerato",Particular,20
2023-2024 Inicio,22B00112,YAKU RUMI,ORELLANA,22,LA JOYA DE LOS SACHAS,2203,"Educación Inicial, Educación General Básica y Bachillerato",Fiscal,5
2023-2024 Inicio,17H02143,YARUQUI,PICHINCHA,17,QUITO,1701,Educación General Básica y Bachillerato,Fiscal,255
2023-2024 Inicio,15B00114,YAWARI,NAPO,15,ARCHIDONA,1503,"Educación Inicial, Educación General Básica y Bachillerato",Fiscal,6
2023-2024 Inicio,17H01547,ZARAN,PICHINCHA,17,QUITO,1701,"Educación Inicial, Educación General Básica y Bachillerato",Particular,2
2023-2024 Inicio,17H03718,INSTITUCIÓN EDUCATIVA PARTICULAR JERICÓ,PICHINCHA,17,QUITO,1701,Educación General Básica y Bachillerato,Particular,39
2023-2024 Inicio,17H04412,UEP NUEVO ECUADOR HIGH ESCHOOL,PICHINCHA,17,QUITO,1701,Educación General Básica y Bachillerato,Particular,46
2023-2024 Inicio,18H00205,UNIDAD EDUCATIVA  CEBI,TUNGURAHUA,18,AMBATO,1801,"Educación Inicial, Educación General Básica y Bachillerato",Particular,60
2023-2024 Inicio,06H00123,UNIDAD EDUCATIVA CRISTIANA NAZARENO,CHIMBORAZO,6,RIOBAMBA,601,"Educación Inicial, Educación General Básica y Bachillerato",Particular,37
2023-2024 Inicio,23H00332,UNIDAD EDUCATIVA PARTICULAR IBEROAMERICANO,SANTO DOMINGO DE LOS TSACHILAS,23,SANTO DOMINGO,2301,Educación General Básica y Bachillerato,Particular,412
2023-2024 Inicio,09H02525,UNIDAD EDUCATIVA PARTICULAR INTERNATIONAL SCHOOL,GUAYAS,9,GUAYAQUIL,901,"Educación Inicial, Educación General Básica y Bachillerato",Particular,29
2023-2024 Inicio,09H01293,UNIDAD EDUCATIVA PARTICULAR JOSE BENITO BENITEZ SAN ANDRES,GUAYAS,9,GUAYAQUIL,901,"Educación Inicial, Educación General Básica y Bachillerato",Particular,19
2023-2024 Inicio,07H00131,UNIDAD EDUCATIVA PARTICULAR JULIO MARÍA MATOVELLE,EL ORO,7,MACHALA,701,"Educación Inicial, Educación General Básica y Bachillerato",Particular,31
2023-2024 Inicio,17H01920,UNIDAD EDUCATIVA PARTICULAR LOS ALAMOS,PICHINCHA,17,QUITO,1701,Educación General Básica y Bachillerato,Particular,8
2023-2024 Inicio,01H02017,UNIDAD EDUCATIVA PARTICULAR NOVUS HIGH SCHOOL PCEI,AZUAY,1,CUENCA,101,Educación General Básica y Bachillerato,Particular,29
2023-2024 Inicio,09H06706,UNIDAD EDUCATIVA PARTICULAR OSBORN ,GUAYAS,9,GUAYAQUIL,901,"Educación General Básica, Bachillerato y Ofertas Intensivas",Particular,11
2023-2024 Inicio,09H00813,UNIDAD EDUCATIVA PARTICULAR PERT,GUAYAS,9,GUAYAQUIL,901,Educación General Básica y Bachillerato,Particular,40
2023-2024 Inicio,17H00855,UNIDAD EDUCATIVA PARTICULAR SAN FRANCISCO DE ASIS,PICHINCHA,17,QUITO,1701,"Educación Inicial, Educación General Básica y Bachillerato",Particular,1
2023-2024 Inicio,09H00049,UNIDAD EDUCATIVA PARTICULAR SAN JOSE DE LA BENEFICENCIA DE SEÑORAS,GUAYAS,9,GUAYAQUIL,901,"Educación Inicial, Educación General Básica y Bachillerato",Particular,80
2023-2024 Inicio,17H01596,UNIDAD EDUCATIVA PARTICULAR SAN JOSÉ DE MORÁN,PICHINCHA,17,QUITO,1701,Educación General Básica y Bachillerato,Particular,15
2023-2024 Inicio,06H00238,UNIDAD EDUCATIVA THE OXFORD GARDENS  SCHOOL,CHIMBORAZO,6,RIOBAMBA,601,"Educación Inicial, Educación General Básica y Bachillerato",Particular,2
2023-2024 Inicio,09H00642,UNIDA EDUCATIVA PARTICULAR ACADEMIA NAVAL ALTAMAR,GUAYAS,9,GUAYAQUIL,901,"Educación Inicial, Educación General Básica y Bachillerato",Particular,174
2023-2024 Inicio,17H00228,UNIDAD EDUCATIVA PARTICULAR COSME RENNELLA BARBATTO,PICHINCHA,17,QUITO,1701,"Educación Inicial, Educación General Básica y Bachillerato",Particular,14
2023-2024 Inicio,17H00678,UNIDAD EDUCATIVA PARTICULAR FEDERICO GAUSS,PICHINCHA,17,QUITO,1701,"Educación General Básica, Bachillerato y Ofertas Intensivas",Particular,53
2023-2024 Inicio,23H00384,UNIDAD EDUCATIVA PARTICULAR FEDERICO GONZALEZ SUAREZ,SANTO DOMINGO DE LOS TSACHILAS,23,SANTO DOMINGO,2301,"Educación Inicial, Educación General Básica, Bachillerato y Ofertas Intensivas",Particular,36
2023-2024 Inicio,17H04466,UNIDAD EDUCATIVA PARTICULAR GENERACIÓN ALFA,PICHINCHA,17,QUITO,1701,Educación General Básica y Bachillerato,Particular,5
2023-2024 Inicio,17H01529,UNIDAD EDUCATIVA PARTICULAR ISM INTERNATIONAL ACADEMY,PICHINCHA,17,QUITO,1701,"Educación Inicial, Educación General Básica y Bachillerato",Particular,89
2023-2024 Inicio,17H00268,UNIDAD EDUCATIVA PARTICULAR JOHN NEPER,PICHINCHA,17,QUITO,1701,"Educación Inicial, Educación General Básica y Bachillerato",Particular,18
2023-2024 Inicio,09H06672,UNIDAD EDUCATIVA BINACIONAL PARTICULAR DUALE SCHULE GUAYAQUIL,GUAYAS,9,GUAYAQUIL,901,Educación General Básica y Bachillerato,Particular,47
2023-2024 Inicio,09H06696,UNIDAD EDUCATIVA BINACIONAL PARTICULAR DUALE SCHULE GUAYAQUIL,GUAYAS,9,GUAYAQUIL,901,Educación General Básica y Bachillerato,Particular,12
2023-2024 Inicio,17H02443,UNIDAD EDUCATIVA PARTICULAR  ADVENTISTA GEDEÓN,PICHINCHA,17,QUITO,1701,"Educación Inicial, Educación General Básica y Bachillerato",Particular,59
2023-2024 Inicio,17H01748,UNIDAD EDUCATIVA PARTICULAR JOHANNES KEPLER,PICHINCHA,17,QUITO,1701,"Educación Inicial, Educación General Básica y Bachillerato",Particular,54
2023-2024 Inicio,07H00002,COLEGIO DE BACHILLERATO  JUAN MONTALVO,EL ORO,7,MACHALA,701,"Educación General Básica, Bachillerato y Ofertas Intensivas",Fiscal,197
2023-2024 Inicio,07H00167,COLEGIO DE BACHILLERATO  KLÉBER FRANCO CRUZ,EL ORO,7,MACHALA,701,"Educación General Básica, Bachillerato y Ofertas Intensivas",Fiscal,192
2023-2024 Inicio,07H00013,COLEGIO DE BACHILLERATO  UNIÓN NACIONAL DE EDUCADORES,EL ORO,7,MACHALA,701,"Educación General Básica, Bachillerato y Ofertas Intensivas",Fiscal,120
2023-2024 Inicio,11H01046,COLEGIO DE BACHILLERATO MACARA,LOJA,11,MACARA,1108,Educación General Básica y Bachillerato,Fiscal,89
2023-2024 Inicio,07H00762,COLEGIO DE BACHILLERATO MARCABELÍ,EL ORO,7,MARCABELI,708,"Educación General Básica, Bachillerato y Ofertas Intensivas",Fiscal,106
2023-2024 Inicio,07H00807,COLEGIO DE BACHILLERATO PCEI MONSEÑOR VICENTE MAYA,EL ORO,7,MACHALA,701,"Educación General Básica, Bachillerato y Alfabetización",Fiscomisional,72
2023-2024 Inicio,10H00030,LINCOLN LARREA,IMBABURA,10,IBARRA,1001,Educación General Básica y Bachillerato,Fiscal,25
2023-2024 Inicio,17H01551,LUXEMBURGO,PICHINCHA,17,QUITO,1701,"Educación Inicial, Educación General Básica y Bachillerato",Fiscal,323
2023-2024 Inicio,17H00210,MANUEL ABAD,PICHINCHA,17,QUITO,1701,"Educación Inicial, Educación General Básica y Bachillerato",Fiscal,30
2023-2024 Inicio,17H01254,TARQUI,PICHINCHA,17,QUITO,1701,Educación General Básica y Bachillerato,Fiscal,255
2023-2024 Inicio,17H02160,UNIDAD EDUCATIVA  CAYAMBE,PICHINCHA,17,CAYAMBE,1702,"Educación Inicial, Educación General Básica, Bachillerato y Ofertas Intensivas",Fiscal,243
2023-2024 Inicio,09H00098,UNIDAD EDUCATIVA ALBERTO AVELLAN VITE,GUAYAS,9,GUAYAQUIL,901,"Educación Inicial, Educación General Básica, Bachillerato y Ofertas Intensivas",Fiscal,93
2023-2024 Inicio,03H00554,UNIDAD EDUCATIVA AMAZONAS,CAÑAR,3,LA TRONCAL,304,"Educación Inicial, Educación General Básica, Bachillerato y Ofertas Intensivas",Fiscal,79
2023-2024 Inicio,06H00096,UNIDAD EDUCATIVA CARLOS CISNEROS,CHIMBORAZO,6,RIOBAMBA,601,"Educación Inicial, Educación General Básica, Bachillerato y Ofertas Intensivas",Fiscal,462
2023-2024 Inicio,11B00041,UNIDAD EDUCATIVA COMUNITARIA INTERCULTURAL BILINGÜE ABC,LOJA,11,SARAGURO,1111,"Educación Inicial, Educación General Básica y Bachillerato",Fiscal,40
2023-2024 Inicio,01H01613,UNIDAD EDUCATIVA CONTINENTAL,AZUAY,1,CUENCA,101,"Educación General Básica, Bachillerato y Ofertas Intensivas",Particular,2
2023-2024 Inicio,02B00078,UNIDAD EDUCATIVA DEL MILENIO INTERCULTURAL BILINGÜE SIMIATUG,BOLIVAR,2,GUARANDA,201,"Educación Inicial, Educación General Básica y Bachillerato",Fiscal,71
2023-2024 Inicio,12H01395,UNIDAD EDUCATIVA DIEZ DE AGOSTO,LOS RIOS,12,VINCES,1208,"Educación General Básica, Bachillerato y Ofertas Intensivas",Fiscal,378
2023-2024 Inicio,16H00042,UNIDAD EDUCATIVA DOCE DE MAYO,PASTAZA,16,PASTAZA,1601,"Educación Inicial, Educación General Básica y Bachillerato",Fiscal,119
2023-2024 Inicio,24H00110,UNIDAD EDUCATIVA DR FRANCISCO CAMPOS RIVADENEIRA,SANTA ELENA,24,SANTA ELENA,2401,"Educación General Básica, Bachillerato y Ofertas Intensivas",Fiscal,79
2023-2024 Inicio,08H00149,UNIDAD EDUCATIVA ELOY ALFARO,ESMERALDAS,8,ESMERALDAS,801,Educación General Básica y Bachillerato,Fiscal,212
2023-2024 Inicio,17H00209,UNIDAD EDUCATIVA FISCAL  MARIA ANGELICA CARRILLO MATA MARTINEZ,PICHINCHA,17,QUITO,1701,"Educación General Básica, Bachillerato y Ofertas Intensivas",Fiscal,42
2023-2024 Inicio,09H00651,UNIDAD EDUCATIVA FISCAL ATI II PILLAHUASO,GUAYAS,9,GUAYAQUIL,901,Educación General Básica y Bachillerato,Fiscal,401
2023-2024 Inicio,09H01057,UNIDAD EDUCATIVA FISCAL CAMILO PONCE ENRIQUEZ,GUAYAS,9,GUAYAQUIL,901,"Educación General Básica, Bachillerato y Ofertas Intensivas",Fiscal,239
2023-2024 Inicio,09H00447,UNIDAD EDUCATIVA FISCAL PCEI  DR ALBERTO CABEZAS Y CABEZAS,GUAYAS,9,GUAYAQUIL,901,"Educación General Básica, Bachillerato y Ofertas Intensivas",Fiscal,25
2023-2024 Inicio,09H00570,UNIDAD EDUCATIVA FISCAL PROF EDUARDO FLORES TORRES,GUAYAS,9,GUAYAQUIL,901,"Educación Inicial, Educación General Básica y Bachillerato",Fiscal,21
2023-2024 Inicio,11H00280,UNIDAD EDUCATIVA FISCOMISIONAL CALASANZ,LOJA,11,LOJA,1101,Educación General Básica y Bachillerato,Fiscomisional,172
2023-2024 Inicio,11H00505,UNIDAD EDUCATIVA FISCOMISIONAL SANTIAGO FERNANDEZ GARCÍA,LOJA,11,CALVAS,1102,"Educación Inicial, Educación General Básica, Bachillerato y Ofertas Intensivas",Fiscomisional,159
2023-2024 Inicio,03H00241,UNIDAD EDUCATIVA JOSE BENIGNO IGLESIAS,CAÑAR,3,BIBLIAN,302,"Educación General Básica, Bachillerato y Ofertas Intensivas",Fiscal,66
2023-2024 Inicio,13H00944,UNIDAD EDUCATIVA MAGALY MASSON DE VALLE CARRERA,MANABI,13,CHONE,1303,"Educación Inicial, Educación General Básica y Bachillerato",Fiscal,94
2023-2024 Inicio,09H05133,UNIDAD EDUCATIVA MARCELINO MARIDUEÑA,GUAYAS,9,CORONEL MARCELINO MARIDUEÑA,923,"Educación General Básica, Bachillerato y Ofertas Intensivas",Fiscal,108
2023-2024 Inicio,06H00152,UNIDAD EDUCATIVA MARTINIANO GUERRERO FREIRE,CHIMBORAZO,6,RIOBAMBA,601,"Educación Inicial, Educación General Básica y Bachillerato",Fiscal,101
2023-2024 Inicio,09H04399,UNIDAD EDUCATIVA NARANJITO,GUAYAS,9,NARANJITO,912,"Educación General Básica, Bachillerato y Ofertas Intensivas",Fiscal,334
2023-2024 Inicio,23H00815,UNIDAD EDUCATIVA PARTICULAR PICHINCHA,SANTO DOMINGO DE LOS TSACHILAS,23,SANTO DOMINGO,2301,Educación General Básica y Bachillerato,Particular,31
2023-2024 Inicio,21H00038,UNIDAD EDUCATIVA PARTICULAR QUITO,SUCUMBIOS,21,LAGO AGRIO,2101,Educación General Básica y Bachillerato,Particular,36
2023-2024 Inicio,09H01845,UNIDAD EDUCATIVA PARTICULAR SAN MARCOS,GUAYAS,9,GUAYAQUIL,901,"Educación Inicial, Educación General Básica y Bachillerato",Particular,11
2023-2024 Inicio,09H05181,UNIDAD EDUCATIVA PCEI BUCAY,GUAYAS,9,GENERAL ANTONIO ELIZALDE,927,Educación General Básica y Bachillerato,Fiscal,7
2023-2024 Inicio,18H00070,UNIDAD EDUCATIVA PCEI PICHINCHA,TUNGURAHUA,18,AMBATO,1801,Bachillerato,Particular,16
2023-2024 Inicio,24H00328,UNIDAD EDUCATIVA PCEI SALINAS INNOVA,SANTA ELENA,24,SALINAS,2403,"Educación Inicial, Educación General Básica y Bachillerato",Particular,87
2023-2024 Inicio,06H01246,UNIDAD EDUCATIVA PROVINCIA DE CHIMBORAZO,CHIMBORAZO,6,PALLATANGA,608,"Educación Inicial, Educación General Básica, Bachillerato y Ofertas Intensivas",Fiscal,65
2023-2024 Inicio,17H00921,UNIDAD EDUCATIVA SUCRE,PICHINCHA,17,QUITO,1701,Educación General Básica y Bachillerato,Fiscal,303
2023-2024 Inicio,22H00016,UNIDAD EDUCATIVA FISCOMISIONAL PCEI YACHANA INTI,ORELLANA,22,ORELLANA,2201,Educación General Básica y Bachillerato,Fiscomisional,214
2023-2024 Inicio,17H00725,UNIDAD EDUCATIVA PARTICULAR JULIO CORTÁZAR,PICHINCHA,17,QUITO,1701,Educación General Básica y Bachillerato,Particular,1
2023-2024 Inicio,17H03570,JOSE MARIA VELAZ EXT 42 D LUZ Y VIDA,PICHINCHA,17,QUITO,1701,Bachillerato y Ofertas Intensivas,Fiscomisional,7
2023-2024 Inicio,17H03566,U E FISCOMISIONAL JOSE MARIA VELAZ EXTENSION 14 SAN GABRIEL,PICHINCHA,17,QUITO,1701,"Educación General Básica, Bachillerato y Ofertas Intensivas",Fiscomisional,242
2023-2024 Inicio,17H04362,COLEGIO DE BACHILLERATO PARTICULAR PCEI VALLE,PICHINCHA,17,QUITO,1701,Bachillerato,Particular,2
2023-2024 Inicio,17H00156,UNIDAD EDUCATIVA PARTICULAR  PCEI DAVID P AUSUBEL,PICHINCHA,17,QUITO,1701,Educación General Básica y Bachillerato,Particular,3
2023-2024 Inicio,17H03459,UNIDAD EDUCATIVA PARTICULAR PCEI SOLIDARIDAD POPULAR,PICHINCHA,17,QUITO,1701,Educación General Básica y Bachillerato,Particular,107
2023-2024 Inicio,19H00622,UNIDAD EDUCATIVA SULTANA DEL ORIENTE PCEI,ZAMORA CHINCHIPE,19,ZAMORA,1901,Educación General Básica y Bachillerato,Particular,78
2023-2024 Inicio,17H01177,ANGEL POLIBIO CORDOVA  SANTANDER,PICHINCHA,17,QUITO,1701,"Educación General Básica, Bachillerato y Alfabetización",Fiscal,159
2023-2024 Inicio,13H04905,CENTEBAD                                                                                                                           ,MANABI,13,EL CARMEN,1304,Educación General Básica y Bachillerato,Particular,25
2023-2024 Inicio,08H01263,COLEGIO DE BACHILERATO PCEI 21 DE NOVIEMBRE,ESMERALDAS,8,ATACAMES,806,Educación General Básica y Bachillerato,Fiscal,138
2023-2024 Inicio,11H01848,COLEGIO DE BACHILLERATO PARTICULAR PCEI AMAZONAS,LOJA,11,LOJA,1101,Educación General Básica y Bachillerato,Particular,13
2023-2024 Inicio,11H01378,COLEGIO DE BACHILLERATO PCEI  ÑUKANCHIK KAWSAY,LOJA,11,SARAGURO,1111,Educación General Básica y Bachillerato,Fiscal,5
2023-2024 Inicio,18H00348,COLEGIO DE BACHILLERATO PCEI AGOYÁN,TUNGURAHUA,18,BAÑOS DE AGUA SANTA,1802,Educación General Básica y Bachillerato,Fiscal,24
2023-2024 Inicio,07H01306,COLEGIO DE BACHILLERATO PCEI ARENILLAS,EL ORO,7,ARENILLAS,702,Bachillerato y Ofertas Intensivas,Fiscal,34
2023-2024 Inicio,11H00204,COLEGIO DE BACHILLERATO PCEI DOCTOR BENJAMIN CARRION,LOJA,11,LOJA,1101,Educación General Básica y Bachillerato,Fiscal,39
2023-2024 Inicio,06H01911,COLEGIO DE BACHILLERATO PCEI JOHANN HERBART,CHIMBORAZO,6,RIOBAMBA,601,Educación General Básica y Bachillerato,Particular,5
2023-2024 Inicio,06H00053,COLEGIO DE BACHILLERATO PCEI LIBERTADOR,CHIMBORAZO,6,RIOBAMBA,601,Educación General Básica y Bachillerato,Particular,29
2023-2024 Inicio,10H00793,COLEGIO DE BACHILLERATO PCEI NELSON MANDELA,IMBABURA,10,IBARRA,1001,Educación General Básica y Bachillerato,Particular,41
2023-2024 Inicio,10H00790,COLEGIO DE BACHILLERATO PCEI NIKOLAS TESLA,IMBABURA,10,IBARRA,1001,Educación General Básica y Bachillerato,Particular,118
2023-2024 Inicio,11H00158,COLEGIO DE BACHILLERATO PCEI PRESIDENTE ISIDRO AYORA,LOJA,11,LOJA,1101,Educación General Básica y Bachillerato,Fiscal,14
2023-2024 Inicio,06H00081,COLEGIO DE BACHILLERATO PCEI SAN PEDRO DE RIOBAMBA,CHIMBORAZO,6,RIOBAMBA,601,Bachillerato y Ofertas Intensivas,Particular,9
2023-2024 Inicio,10H00586,COLEGIO DE BACHILLERATO PCEI SIMON BOLIVAR,IMBABURA,10,IBARRA,1001,Educación General Básica y Bachillerato,Particular,57
2023-2024 Inicio,10H00801,COLEGIO DE BACHILLERATO PCEI SINDICATO DE CHOFERES PROFESIONALES DE IMBABURA ,IMBABURA,10,IBARRA,1001,Educación General Básica y Bachillerato,Particular,1
2023-2024 Inicio,09H05524,DR  ALFREDO BAQUERIZO MORENO,GUAYAS,9,GUAYAQUIL,901,Educación General Básica y Bachillerato,Fiscal,23
2023-2024 Inicio,09H06061,DR. LUIS ALFONSO SALTOS ESPINOZA EXTENCION MANUEL MESTANZA ONOFRE,GUAYAS,9,GUAYAQUIL,901,Educación General Básica y Bachillerato,Particular,24
2023-2024 Inicio,17H00812,GABRIELA MISTRAL,PICHINCHA,17,QUITO,1701,Educación General Básica y Bachillerato,Fiscal,99
2023-2024 Inicio,17H00755,GENERAL RUMIÑAHUI,PICHINCHA,17,QUITO,1701,Educación General Básica y Bachillerato,Fiscal,25
2023-2024 Inicio,17H01680,IRFEYAL-UNIDAD EDUCATIVA FISCOMISIONAL JOSE MARIA VELAZ SJ EXTENSION 100-CENTRO DEL MUCHACHO TRABAJADOR,PICHINCHA,17,QUITO,1701,Bachillerato y Ofertas Intensivas,Fiscomisional,11
2023-2024 Inicio,01H00665,JOSE MARIA VELAZ,AZUAY,1,CUENCA,101,Educación General Básica y Bachillerato,Fiscomisional,4
2023-2024 Inicio,13H03860,JOSE MARIA VELAZ,MANABI,13,PEDERNALES,1317,Educación General Básica y Bachillerato,Fiscomisional,40
2023-2024 Inicio,17H03532,JOSE MARIA VELAZ  S.J.EXTENSION,PICHINCHA,17,MEJIA,1703,Educación General Básica y Bachillerato,Fiscomisional,32
2023-2024 Inicio,01H01786,JOSE MARIA VELAZ SJ NO 62 PADRE LEONARDO MENTLEY,AZUAY,1,OÑA,110,Educación General Básica y Bachillerato,Fiscomisional,13
2023-2024 Inicio,09H03556,JUAN LEON MERA,GUAYAS,9,DURAN,907,Educación General Básica y Bachillerato,Particular,28
2023-2024 Inicio,13H00020,MONSEÑOR LEONIDAS PROAÑO,MANABI,13,PORTOVIEJO,1301,Bachillerato y Ofertas Intensivas,Fiscal,14
2023-2024 Inicio,17H00888,OCTAVIO PAZ,PICHINCHA,17,QUITO,1701,Bachillerato,Particular,70
2023-2024 Inicio,13H02827,PADRE JORGE UGALDE PALADINES,MANABI,13,PORTOVIEJO,1301,"Educación General Básica, Bachillerato y Ofertas Intensivas",Fiscomisional,259
2023-2024 Inicio,17H04258,PCEI PRIMERO DE MAYO,PICHINCHA,17,QUITO,1701,Bachillerato y Ofertas Intensivas,Particular,17
2023-2024 Inicio,17H01222,SEIS DE DICIEMBRE,PICHINCHA,17,QUITO,1701,Educación General Básica y Bachillerato,Fiscal,205
2023-2024 Inicio,14H00641,U ED DR CAMILO GALLEGOS DOMINGUEZ  EXTENSION HUAMBOYA,MORONA SANTIAGO,14,HUAMBOYA,1407,Educación General Básica y Bachillerato,Fiscomisional,12
2023-2024 Inicio,14H00700,U ED DR CAMILO GALLEGOS DOMINGUEZ  EXTENSION SUCUA,MORONA SANTIAGO,14,SUCUA,1406,Educación General Básica y Bachillerato,Fiscomisional,75
2023-2024 Inicio,14H00649,U ED DR CAMILO GALLEGOS DOMINGUEZ EXTENSION GENERAL PLAZA,MORONA SANTIAGO,14,LIMON INDANZA,1403,Educación General Básica y Bachillerato,Fiscomisional,41
2023-2024 Inicio,14H00631,U ED DR CAMILO GALLEGOS DOMINGUEZ EXTENSION GUALAQUIZA,MORONA SANTIAGO,14,GUALAQUIZA,1402,Educación General Básica y Bachillerato,Fiscomisional,32
2023-2024 Inicio,14H00688,U ED DR CAMILO GALLEGOS DOMINGUEZ EXTENSION MENDEZ,MORONA SANTIAGO,14,SANTIAGO,1405,Educación General Básica y Bachillerato,Fiscomisional,36
2023-2024 Inicio,17H03577,UE FISCOMISIONAL JOSE MARIA VELAZ SJ IRFEYAL EXT ED 111 PACTO,PICHINCHA,17,QUITO,1701,Educación General Básica y Bachillerato,Fiscomisional,9
2023-2024 Inicio,17H01842,UE FISCOMISIONAL JOSE MARIA VELAZ SJ IRFEYAL EXT ED 23 D NANEGAL,PICHINCHA,17,QUITO,1701,Educación General Básica y Bachillerato,Fiscomisional,5
2023-2024 Inicio,17H03576,UE FISCOMISIONAL JOSE MARIA VELAZ SJ IRFEYAL EXT ED 43 B NANEGALITO,PICHINCHA,17,QUITO,1701,Educación General Básica y Bachillerato,Fiscomisional,24
2023-2024 Inicio,21H00185,UE PCEI  FISCOMIS JUAN RAMON JIMENEZ HERRERA EXTENSIÓN SIN FRONTERAS,SUCUMBIOS,21,LAGO AGRIO,2101,Bachillerato,Fiscomisional,3
2023-2024 Inicio,21H00838,UE PCEI FISCOMISION JUAN RAMON JIMENEZ HERRERA EXTENSION 25 DE OCTUBRE,SUCUMBIOS,21,LAGO AGRIO,2101,Educación General Básica y Bachillerato,Fiscomisional,24
2023-2024 Inicio,21H00031,UE PCEI FISCOMISIONAL JUAN RAMON JIMENEZ HERRERA EXT ABDON CALDERON,SUCUMBIOS,21,LAGO AGRIO,2101,Bachillerato y Ofertas Intensivas,Fiscomisional,4
2023-2024 Inicio,21H00852,UE PCEI FISCOMISIONAL JUAN RAMON JIMENEZ HERRERA EXT ALFONSO YEPEZ A,SUCUMBIOS,21,LAGO AGRIO,2101,Bachillerato y Ofertas Intensivas,Fiscomisional,9
2023-2024 Inicio,21H00043,UE PCEI FISCOMISIONAL JUAN RAMON JIMENEZ HERRERA EXT NUEVA CREACION,SUCUMBIOS,21,LAGO AGRIO,2101,Bachillerato y Ofertas Intensivas,Fiscomisional,4
2023-2024 Inicio,10B00071,UECIB PCEI SANTA MARIANITA,IMBABURA,10,OTAVALO,1004,Educación General Básica y Bachillerato,Particular,35
2023-2024 Inicio,17H04408,UEP PCEI CONTINENTAL ,PICHINCHA,17,QUITO,1701,Bachillerato,Particular,48
2023-2024 Inicio,02H00755,UNIDAD  EDUCATIVA  PCEI  DE BOLIVAR EXTENSION SALINAS,BOLIVAR,2,GUARANDA,201,Educación General Básica y Bachillerato,Fiscomisional,4
2023-2024 Inicio,09H00514,UNIDAD EDUCATIVA  FISCAL PCEI REAL AUDIENCIA DE QUITO,GUAYAS,9,GUAYAQUIL,901,Educación General Básica y Bachillerato,Fiscal,54
2023-2024 Inicio,17H02809,UNIDAD EDUCATIVA  FISCOMISIONAL PCEI DE PICHINCHA,PICHINCHA,17,SAN MIGUEL DE LOS BANCOS,1707,Educación General Básica y Bachillerato,Fiscomisional,18
2023-2024 Inicio,06B00360,UNIDAD EDUCATIVA  INTERCULTURAL BILINGÜE PCEI PACHAYACHACHIK,CHIMBORAZO,6,RIOBAMBA,601,Educación General Básica y Bachillerato,Fiscomisional,28
2023-2024 Inicio,08H00690,UNIDAD EDUCATIVA  PCEI REPÚBLICA DEL ECUADOR,ESMERALDAS,8,QUININDE,804,Bachillerato y Ofertas Intensivas,Fiscal,80
2023-2024 Inicio,17H02814,UNIDAD EDUCATIVA  PIO JARAMILLO ALVARADO,PICHINCHA,17,PUERTO QUITO,1709,Educación General Básica y Bachillerato,Fiscal,15
2023-2024 Inicio,05H00326,UNIDAD EDUCATIVA A DISTANCIA DE COTOPAXI   EXT PUCAYACU,COTOPAXI,5,LA MANA,502,Educación General Básica y Bachillerato,Fiscal,13
2023-2024 Inicio,05H00814,UNIDAD EDUCATIVA A DISTANCIA DE COTOPAXI  EXTENSION LA ESPERANZA,COTOPAXI,5,PUJILI,504,Educación General Básica y Bachillerato,Fiscal,47
2023-2024 Inicio,03H00634,UNIDAD EDUCATIVA A DISTANCIA DEL CAÑAR EXT SUSCAL,CAÑAR,3,SUSCAL,307,"Educación General Básica, Bachillerato y Ofertas Intensivas",Fiscomisional,7
2023-2024 Inicio,17H03711,UNIDAD EDUCATIVA A DISTANCIA SEGUNDO TORRES,PICHINCHA,17,QUITO,1701,Educación General Básica y Bachillerato,Particular,10
2023-2024 Inicio,06H01306,UNIDAD EDUCATIVA CHIMBORAZO PCEI,CHIMBORAZO,6,CUMANDA,610,Educación General Básica y Bachillerato,Fiscomisional,33
2023-2024 Inicio,06B00245,UNIDAD EDUCATIVA COMUNITARIA INTERCULTURAL BILINGÜE CIENCIA Y BIBLIA ,CHIMBORAZO,6,COLTA,603,Bachillerato,Particular,4
2023-2024 Inicio,05B00013,UNIDAD EDUCATIVA COMUNITARIA INTERCULTURAL BILINGÜE EL CHAQUIÑAN,COTOPAXI,5,LATACUNGA,501,Educación General Básica y Bachillerato,Fiscal,16
2023-2024 Inicio,05B00114,UNIDAD EDUCATIVA COMUNITARIA INTERCULTURAL BILINGÜE JATARI UNANCHA,COTOPAXI,5,PUJILI,504,Educación General Básica y Bachillerato,Fiscal,185
2023-2024 Inicio,16B00231,UNIDAD EDUCATIVA COMUNITARIA INTERCULTURAL PCEI CARLOS LUIS PLAZA ARAY,PASTAZA,16,PASTAZA,1601,Educación General Básica y Bachillerato,Fiscal,7
2023-2024 Inicio,08H02256,UNIDAD EDUCATIVA ELOY ALFARO,ESMERALDAS,8,SAN LORENZO,805,Bachillerato,Fiscal,12
2023-2024 Inicio,17H03578,UNIDAD EDUCATIVA EXTENSIÓN EDUCATIVA 24-D PUERTO QUITO,PICHINCHA,17,PUERTO QUITO,1709,Educación General Básica y Bachillerato,Fiscomisional,5
2023-2024 Inicio,17H03377,UNIDAD EDUCATIVA EXTENSION EDUCATIVA 54-A-PEDRO V MALDONADO,PICHINCHA,17,PEDRO VICENTE MALDONADO,1708,Educación General Básica y Bachillerato,Fiscomisional,14
2023-2024 Inicio,13H02369,UNIDAD EDUCATIVA FISCAL NOCTURNA MAR TERRITORIAL,MANABI,13,MANTA,1308,Educación General Básica y Bachillerato,Fiscal,110
2023-2024 Inicio,09H05352,UNIDAD EDUCATIVA FISCAL PCEI EUGENIO ESPEJO,GUAYAS,9,GUAYAQUIL,901,Bachillerato y Ofertas Intensivas,Fiscal,44
2023-2024 Inicio,23H00745,UNIDAD EDUCATIVA FISCOM PCEI DE PICHINCHA EXT PADRE JUAN DE VELASCO,SANTO DOMINGO DE LOS TSACHILAS,23,SANTO DOMINGO,2301,Educación General Básica y Bachillerato,Fiscal,13
2023-2024 Inicio,21H00847,UNIDAD EDUCATIVA FISCOMISIONAL  JUAN RAMÓN JIMENEZ HERRERA EXTENSIÓN 8 DE ENERO,SUCUMBIOS,21,SHUSHUFINDI,2104,Bachillerato y Ofertas Intensivas,Fiscomisional,15
2023-2024 Inicio,21H00596,UNIDAD EDUCATIVA FISCOMISIONAL  JUAN RAMÓN JIMENEZ HERRERA EXTENSIÓN FRANCISCO FEBRES CORDERO,SUCUMBIOS,21,SHUSHUFINDI,2104,Bachillerato y Ofertas Intensivas,Fiscomisional,2
2023-2024 Inicio,01H01307,UNIDAD EDUCATIVA FISCOMISIONAL JOSÉ MARÍA VELAZ,AZUAY,1,SANTA ISABEL,108,Educación General Básica y Bachillerato,Fiscomisional,27
2023-2024 Inicio,23H00767,UNIDAD EDUCATIVA FISCOMISIONAL JOSE MARIA VELAZ EXT 93 A,SANTO DOMINGO DE LOS TSACHILAS,23,LA CONCORDIA,2302,Educación General Básica y Bachillerato,Fiscomisional,81
2023-2024 Inicio,17H00892,UNIDAD EDUCATIVA FISCOMISIONAL JOSE MARIA VELAZ S.J IRFEYAL- EXTENSION 36 SANTA EUFRASIA,PICHINCHA,17,QUITO,1701,"Educación General Básica, Bachillerato y Ofertas Intensivas",Fiscomisional,14
2023-2024 Inicio,11H00274,UNIDAD EDUCATIVA FISCOMISIONAL JOSE MARIA VELAZ S.J. EXTENSION 1 - LOJA,LOJA,11,LOJA,1101,Educación General Básica y Bachillerato,Fiscomisional,11
2023-2024 Inicio,07H00839,UNIDAD EDUCATIVA FISCOMISIONAL JOSE MARIA VELAZ S.J. EXTENSION 21 PASAJE,EL ORO,7,PASAJE,709,Educación General Básica y Bachillerato,Fiscomisional,49
2023-2024 Inicio,09H05953,UNIDAD EDUCATIVA FISCOMISIONAL JOSÉ MARÍA VÉLAZ SJ EXTENSIÓN NO 13,GUAYAS,9,GUAYAQUIL,901,Educación General Básica y Bachillerato,Fiscomisional,6
2023-2024 Inicio,09H05954,UNIDAD EDUCATIVA FISCOMISIONAL JOSÉ MARÍA VÉLAZ SJ EXTENSION NO 50,GUAYAS,9,GUAYAQUIL,901,Educación General Básica y Bachillerato,Fiscomisional,16
2023-2024 Inicio,01H00301,UNIDAD EDUCATIVA FISCOMISIONAL JOSE MARIA VELAZ SJ IRFEYAL EXTENSION 105- CUENCA,AZUAY,1,CUENCA,101,Bachillerato y Ofertas Intensivas,Fiscomisional,14
2023-2024 Inicio,01H01663,UNIDAD EDUCATIVA FISCOMISIONAL JOSE MARIA VELAZ SJ IRFEYAL EXTENSION 49- A- CASHAPUGRO,AZUAY,1,SIGSIG,109,Educación General Básica y Bachillerato,Fiscomisional,8
2023-2024 Inicio,01H01659,"UNIDAD EDUCATIVA FISCOMISIONAL JOSE MARIA VELAZ, SJ  IRFEYAL  EXTENSION 15-B GUALACEO",AZUAY,1,GUALACEO,103,Educación General Básica y Bachillerato,Fiscomisional,10
2023-2024 Inicio,01H00075,"UNIDAD EDUCATIVA FISCOMISIONAL JOSE MARIA VELAZ, SJ  IRFEYAL  EXTENSION 3- Cuenca",AZUAY,1,CUENCA,101,"Educación General Básica, Bachillerato y Ofertas Intensivas",Fiscomisional,13
2023-2024 Inicio,06H01131,"UNIDAD EDUCATIVA FISCOMISIONAL JOSE MARIA VELAZ, SJ  IRFEYAL  EXTENSION 31-A-SANTA LUCIA",CHIMBORAZO,6,GUANO,607,Educación General Básica y Bachillerato,Fiscomisional,6
2023-2024 Inicio,13H04868,"UNIDAD EDUCATIVA FISCOMISIONAL JOSE MARIA VELAZ, SJ  IRFEYAL  EXTENSION 40- D- EL ALTILLO",MANABI,13,PORTOVIEJO,1301,Bachillerato y Ofertas Intensivas,Fiscomisional,1
2023-2024 Inicio,13H04855,"UNIDAD EDUCATIVA FISCOMISIONAL JOSE MARIA VELAZ, SJ  IRFEYAL  EXTENSION 45-PORTOVIEJO",MANABI,13,PORTOVIEJO,1301,Bachillerato y Ofertas Intensivas,Fiscomisional,8
2023-2024 Inicio,01H01675,"UNIDAD EDUCATIVA FISCOMISIONAL JOSE MARIA VELAZ, SJ  IRFEYAL  EXTENSION 53-A-PAUTE",AZUAY,1,PAUTE,105,Educación General Básica y Bachillerato,Fiscomisional,14
2023-2024 Inicio,01H01660,"UNIDAD EDUCATIVA FISCOMISIONAL JOSE MARIA VELAZ, SJ  IRFEYAL  EXTENSION 58-A-SIGCHO",AZUAY,1,CUENCA,101,Educación General Básica y Bachillerato,Fiscomisional,5
2023-2024 Inicio,13H04862,"UNIDAD EDUCATIVA FISCOMISIONAL JOSE MARIA VELAZ, SJ  IRFEYAL  EXTENSION 64-D-PIEDRA DE PLATA",MANABI,13,BOLIVAR,1302,Educación General Básica y Bachillerato,Fiscomisional,6
2023-2024 Inicio,01H00204,"UNIDAD EDUCATIVA FISCOMISIONAL JOSE MARIA VELAZ, SJ  IRFEYAL  EXTENSION 68- B- GAPAL",AZUAY,1,CUENCA,101,Bachillerato y Ofertas Intensivas,Fiscomisional,9
2023-2024 Inicio,09H03848,"UNIDAD EDUCATIVA FISCOMISIONAL JOSE MARIA VELAZ, SJ  IRFEYAL  EXTENSION 70-EL EMPALME",GUAYAS,9,EL EMPALME,908,Educación General Básica y Bachillerato,Fiscomisional,31
2023-2024 Inicio,01H01674,"UNIDAD EDUCATIVA FISCOMISIONAL JOSE MARIA VELAZ, SJ  IRFEYAL  EXTENSION 87-D-CHAGRACASHCA",AZUAY,1,SIGSIG,109,Bachillerato,Fiscomisional,3
2023-2024 Inicio,08H00766,"UNIDAD EDUCATIVA FISCOMISIONAL JOSE MARIA VELAZ, SJ  IRFEYAL  EXTENSION ROSA ZARATE",ESMERALDAS,8,QUININDE,804,Educación General Básica y Bachillerato,Fiscomisional,56
2023-2024 Inicio,10H00066,"UNIDAD EDUCATIVA FISCOMISIONAL JOSE MARIA VELAZ, SJ  IRFEYAL - EXTENSION SAN MIGUEL DE IBARRA",IMBABURA,10,IBARRA,1001,Bachillerato,Fiscomisional,4
2023-2024 Inicio,17H02810,UNIDAD EDUCATIVA FISCOMISIONAL PCEI DE PICHINCHA,PICHINCHA,17,QUITO,1701,Educación General Básica y Bachillerato,Fiscomisional,53
2023-2024 Inicio,23H00747,UNIDAD EDUCATIVA FISCOMISIONAL PCEI DE PICHINCHA EXT SANTO DOMINGO,SANTO DOMINGO DE LOS TSACHILAS,23,SANTO DOMINGO,2301,Educación General Básica y Bachillerato,Fiscomisional,34
2023-2024 Inicio,09H05643,UNIDAD EDUCATIVA FISCOMISIONAL PCEI DON BOSCO,GUAYAS,9,GUAYAQUIL,901,"Educación General Básica, Bachillerato y Alfabetización",Fiscomisional,303
2023-2024 Inicio,23H00726,UNIDAD EDUCATIVA FISCOMISIONAL PCEI JOSE MARIA VELAZ S J EXT ED 47,SANTO DOMINGO DE LOS TSACHILAS,23,SANTO DOMINGO,2301,Educación General Básica y Bachillerato,Fiscomisional,8
2023-2024 Inicio,21H00835,UNIDAD EDUCATIVA FISCOMISIONAL PCEI JUAN RAMÓN JIMÉNEZ EXTENSIÓN CUYABENO,SUCUMBIOS,21,CUYABENO,2107,Bachillerato y Ofertas Intensivas,Fiscomisional,11
2023-2024 Inicio,21H00837,UNIDAD EDUCATIVA FISCOMISIONAL PCEI JUAN RAMÓN JIMÉNEZ EXTENSIÓN HONDA,SUCUMBIOS,21,CUYABENO,2107,Educación General Básica y Bachillerato,Fiscomisional,5
2023-2024 Inicio,03H00497,UNIDAD EDUCATIVA FISCOMISIONAL SEMIPRESENCIAL PCEI DEL CAÑAR,CAÑAR,3,LA TRONCAL,304,"Educación General Básica, Bachillerato y Ofertas Intensivas",Fiscomisional,26
2023-2024 Inicio,03H00686,UNIDAD EDUCATIVA FISCOMISIONAL SEMIPRESENCIAL PCEI DEL CAÑAR,CAÑAR,3,LA TRONCAL,304,Bachillerato y Ofertas Intensivas,Fiscomisional,16
2023-2024 Inicio,10H00117,UNIDAD EDUCATIVA IMBABURA PCEI UNEDI,IMBABURA,10,IBARRA,1001,Educación General Básica y Bachillerato,Fiscomisional,165
2023-2024 Inicio,18B00006,UNIDAD EDUCATIVA INTERCULTURAL  BILINGÜE PCEI PUCARA,TUNGURAHUA,18,AMBATO,1801,Educación General Básica y Bachillerato,Particular,9
2023-2024 Inicio,24H00414,UNIDAD EDUCATIVA JOSE MARIA VELAZ S J EXTENSION 57 SANTA ELENA,SANTA ELENA,24,SANTA ELENA,2401,Bachillerato,Fiscomisional,3
2023-2024 Inicio,01H01673,UNIDAD EDUCATIVA JOSE MARIA VELAZ S.J. EXT. 73 PATADEL,AZUAY,1,NABON,104,Bachillerato,Fiscomisional,7
2023-2024 Inicio,21H00706,UNIDAD EDUCATIVA JUAN RAMON JIMENEZ HERRERA EXTENSION AMERICANO,SUCUMBIOS,21,CASCALES,2106,Bachillerato y Ofertas Intensivas,Fiscomisional,9
2023-2024 Inicio,21H00392,UNIDAD EDUCATIVA JUAN RAMON JIMENEZ HERRERA EXTENSION BAJO SUCUMBIOS,SUCUMBIOS,21,GONZALO PIZARRO,2102,Bachillerato y Ofertas Intensivas,Fiscomisional,2
2023-2024 Inicio,21H00113,UNIDAD EDUCATIVA JUAN RAMÓN JIMENEZ HERRERA EXTENSIÓN JUAN MONTALVO,SUCUMBIOS,21,SHUSHUFINDI,2104,Bachillerato y Ofertas Intensivas,Fiscomisional,12
2023-2024 Inicio,13H00156,UNIDAD EDUCATIVA NOCTURNA PCEI SAN GREGORIO,MANABI,13,PORTOVIEJO,1301,Bachillerato y Ofertas Intensivas,Fiscal,27
2023-2024 Inicio,01H01681,UNIDAD EDUCATIVA PARTICULAR INTERANDINO PCEI,AZUAY,1,CUENCA,101,Educación General Básica y Bachillerato,Particular,19
2023-2024 Inicio,23H00327,UNIDAD EDUCATIVA PARTICULAR PCEI ALFREDO PEREZ CHIRIBOGA,SANTO DOMINGO DE LOS TSACHILAS,23,SANTO DOMINGO,2301,Educación General Básica y Bachillerato,Particular,67
2023-2024 Inicio,23H00734,UNIDAD EDUCATIVA PARTICULAR PCEI CENTRAL,SANTO DOMINGO DE LOS TSACHILAS,23,SANTO DOMINGO,2301,Educación General Básica y Bachillerato,Particular,43
2023-2024 Inicio,17H03637,UNIDAD EDUCATIVA PARTICULAR PCEI DAVID P AUSUBEL,PICHINCHA,17,QUITO,1701,Bachillerato,Particular,8
2023-2024 Inicio,23H00724,UNIDAD EDUCATIVA PARTICULAR PCEI LATINO,SANTO DOMINGO DE LOS TSACHILAS,23,SANTO DOMINGO,2301,Educación General Básica y Bachillerato,Particular,22
2023-2024 Inicio,09H05700,UNIDAD EDUCATIVA PARTICULAR PCEI SANTA CRUZ,GUAYAS,9,GUAYAQUIL,901,Educación General Básica y Bachillerato,Particular,11
2023-2024 Inicio,17H00916,UNIDAD EDUCATIVA PARTICULAR PCEI SEGUNDO TORRES,PICHINCHA,17,QUITO,1701,Educación General Básica y Bachillerato,Particular,8
2023-2024 Inicio,23H00742,UNIDAD EDUCATIVA PARTICULAR PCEI SIMON BOLIVAR,SANTO DOMINGO DE LOS TSACHILAS,23,SANTO DOMINGO,2301,Educación General Básica y Bachillerato,Particular,17
2023-2024 Inicio,23H00720,UNIDAD EDUCATIVA PARTICULAR PCEI TOMAS ALVA EDISON,SANTO DOMINGO DE LOS TSACHILAS,23,SANTO DOMINGO,2301,Bachillerato y Ofertas Intensivas,Particular,14
2023-2024 Inicio,09H06016,UNIDAD EDUCATIVA PARTICULAR PCEI VICENTE ROCAFUERTE,GUAYAS,9,GUAYAQUIL,901,Educación General Básica y Bachillerato,Particular,20
2023-2024 Inicio,17H01306,UNIDAD EDUCATIVA PARTICULAR PCEI VIDA NUEVA,PICHINCHA,17,QUITO,1701,Bachillerato y Ofertas Intensivas,Particular,32
2023-2024 Inicio,17H04328,UNIDAD EDUCATIVA PARTICULAR PCEI VIDA NUEVA,PICHINCHA,17,QUITO,1701,Bachillerato y Ofertas Intensivas,Particular,62
2023-2024 Inicio,13H04903,UNIDAD EDUCATIVA PARTICULAR SEMIPRESENCIAL DR JOSÉ JOAQUÍN DE OLMEDO,MANABI,13,MANTA,1308,Educación General Básica y Bachillerato,Particular,14
2023-2024 Inicio,21H00307,UNIDAD EDUCATIVA PCEI  FISCOMISIONAL JUAN RAMON JIMENEZ HERRERA EXTENSIÓN JUVENTUD PROGRESISTA,SUCUMBIOS,21,LAGO AGRIO,2101,Bachillerato y Ofertas Intensivas,Fiscomisional,32
2023-2024 Inicio,21H00250,UNIDAD EDUCATIVA PCEI  FISCOMISIONAL JUAN RAMON JIMENEZ HERRERA EXTENSIÓN MANUELITA SAENZ,SUCUMBIOS,21,LAGO AGRIO,2101,Bachillerato y Ofertas Intensivas,Fiscomisional,12
2023-2024 Inicio,21H00165,UNIDAD EDUCATIVA PCEI  FISCOMISIONAL JUAN RAMON JIMENEZ HERRERA EXTENSIÓN NUEVO RUMBO,SUCUMBIOS,21,LAGO AGRIO,2101,Bachillerato y Ofertas Intensivas,Fiscomisional,3
2023-2024 Inicio,21H00126,UNIDAD EDUCATIVA PCEI  FISCOMISIONAL JUAN RAMON JIMENEZ HERRERA MATRIZ,SUCUMBIOS,21,LAGO AGRIO,2101,Bachillerato y Ofertas Intensivas,Fiscomisional,40
2023-2024 Inicio,16H00099,UNIDAD EDUCATIVA PCEI 15 DE NOVIEMBRE,PASTAZA,16,PASTAZA,1601,Educación General Básica y Bachillerato,Fiscomisional,107
2023-2024 Inicio,02H00019,UNIDAD EDUCATIVA PCEI 23 DE ABRIL,BOLIVAR,2,GUARANDA,201,Educación General Básica y Bachillerato,Fiscal,7
2023-2024 Inicio,10H00412,UNIDAD EDUCATIVA PCEI 31 DE OCTUBRE,IMBABURA,10,OTAVALO,1004,Educación General Básica y Bachillerato,Fiscal,20
2023-2024 Inicio,05H00288,UNIDAD EDUCATIVA PCEI CARLOS LOZADA QUINTANA,COTOPAXI,5,LA MANA,502,Bachillerato,Particular,7
2023-2024 Inicio,06H00027,UNIDAD EDUCATIVA PCEI CHIMBORAZO,CHIMBORAZO,6,RIOBAMBA,601,Educación General Básica y Bachillerato,Fiscomisional,134
2023-2024 Inicio,06H00154,UNIDAD EDUCATIVA PCEI CRUZADA SOCIAL,CHIMBORAZO,6,RIOBAMBA,601,Educación General Básica y Bachillerato,Fiscal,10
2023-2024 Inicio,02H00023,UNIDAD EDUCATIVA PCEI DE BOLIVAR,BOLIVAR,2,GUARANDA,201,Educación General Básica y Bachillerato,Fiscomisional,58
2023-2024 Inicio,02H00751,UNIDAD EDUCATIVA PCEI DE BOLIVAR EXTENSION SAN PABLO ,BOLIVAR,2,SAN MIGUEL,205,Educación General Básica y Bachillerato,Fiscomisional,10
2023-2024 Inicio,02H00728,UNIDAD EDUCATIVA PCEI DE BOLIVAR EXTENSION SANTA ROSA DE TOTORAS ,BOLIVAR,2,SAN MIGUEL,205,Bachillerato,Fiscomisional,2
2023-2024 Inicio,13H02686,UNIDAD EDUCATIVA PCEI EL ARROYO,MANABI,13,MONTECRISTI,1309,Educación General Básica y Bachillerato,Fiscal,34
2023-2024 Inicio,18H00987,UNIDAD EDUCATIVA PCEI EUCLIDES BARRERA,TUNGURAHUA,18,SAN PEDRO DE PELILEO,1807,Educación General Básica y Bachillerato,Fiscal,15
2023-2024 Inicio,18H00062,UNIDAD EDUCATIVA PCEI EUGENIO ESPEJO,TUNGURAHUA,18,AMBATO,1801,Educación General Básica y Bachillerato,Particular,3
2023-2024 Inicio,17H00215,UNIDAD EDUCATIVA PCEI FISCAL SALAMANCA,PICHINCHA,17,QUITO,1701,Bachillerato y Ofertas Intensivas,Fiscal,12
2023-2024 Inicio,14H00036,UNIDAD EDUCATIVA PCEI FISCOMISIONAL DR CAMILO GALLEGOS DOMINGUEZ ,MORONA SANTIAGO,14,MORONA,1401,Educación General Básica y Bachillerato,Fiscomisional,31
2023-2024 Inicio,21H00091,UNIDAD EDUCATIVA PCEI FISCOMISIONAL JUAN RAMON JIMENEZ HERRERA EXTENSIÓN  LUZ Y VIDA,SUCUMBIOS,21,LAGO AGRIO,2101,Educación General Básica y Bachillerato,Fiscomisional,8
2023-2024 Inicio,09H05820,UNIDAD EDUCATIVA PCEI HISPANOAMERICANO,GUAYAS,9,GUAYAQUIL,901,Educación General Básica y Bachillerato,Particular,542
2023-2024 Inicio,10H00434,UNIDAD EDUCATIVA PCEI JAIME ROLDOS AGUILERA,IMBABURA,10,OTAVALO,1004,Bachillerato y Ofertas Intensivas,Particular,28
2023-2024 Inicio,06H01922,UNIDAD EDUCATIVA PCEI JAIME ROLDóS AGUILERA,CHIMBORAZO,6,ALAUSI,602,Educación General Básica y Bachillerato,Fiscal,20
2023-2024 Inicio,18H00068,UNIDAD EDUCATIVA PCEI JOSE MARIA VELAZ,TUNGURAHUA,18,AMBATO,1801,Educación General Básica y Bachillerato,Fiscomisional,4
2023-2024 Inicio,18H00986,UNIDAD EDUCATIVA PCEI JUAN FRANCISCO MONTALVO,TUNGURAHUA,18,AMBATO,1801,Educación General Básica y Bachillerato,Fiscal,27
2023-2024 Inicio,05H01053,UNIDAD EDUCATIVA PCEI JUAN JOSÉ FLORES,COTOPAXI,5,LA MANA,502,Educación General Básica y Bachillerato,Particular,6
2023-2024 Inicio,18H00155,UNIDAD EDUCATIVA PCEI JUAN LEON MERA,TUNGURAHUA,18,AMBATO,1801,Educación General Básica y Bachillerato,Fiscal,10
2023-2024 Inicio,12H01990,UNIDAD EDUCATIVA PCEI LOS RIOS,LOS RIOS,12,BABAHOYO,1201,Educación General Básica y Bachillerato,Fiscomisional,90
2023-2024 Inicio,12H02617,UNIDAD EDUCATIVA PCEI LOS RÍOS EXTENSIÓN VINCES,LOS RIOS,12,VINCES,1208,Educación General Básica y Bachillerato,Fiscomisional,14
2023-2024 Inicio,09H01348,UNIDAD EDUCATIVA PCEI MANUELA CAÑIZARES,GUAYAS,9,GUAYAQUIL,901,Educación General Básica y Bachillerato,Fiscal,52
2023-2024 Inicio,16H00033,UNIDAD EDUCATIVA PCEI MONSEÑOR ALBERTO ZAMBRANO PALACIOS,PASTAZA,16,PASTAZA,1601,"Educación General Básica, Bachillerato y Alfabetización",Fiscomisional,53
2023-2024 Inicio,05H00002,UNIDAD EDUCATIVA PCEI MONSEÑOR LEONIDAS PROAÑO,COTOPAXI,5,LATACUNGA,501,"Educación General Básica, Bachillerato y Ofertas Intensivas",Fiscomisional,289
2023-2024 Inicio,02H00444,UNIDAD EDUCATIVA PCEI MONSEÑOR LEONIDAS PROAÑO - ECHEANDIA,BOLIVAR,2,ECHEANDIA,204,Educación General Básica y Bachillerato,Fiscomisional,27
2023-2024 Inicio,02H00666,UNIDAD EDUCATIVA PCEI MONSEÑOR LEONIDAS PROAÑO - LAS NAVES,BOLIVAR,2,LAS NAVES,207,Educación General Básica y Bachillerato,Fiscomisional,14
2023-2024 Inicio,05H00848,UNIDAD EDUCATIVA PCEI MONSEÑOR LEONIDAS PROAÑO EXTENSIÓN SALCEDO,COTOPAXI,5,SALCEDO,505,Educación General Básica y Bachillerato,Fiscomisional,14
2023-2024 Inicio,05H00261,UNIDAD EDUCATIVA PCEI MONSEÑOR LEONIDAS PROAÑO LA MANA,COTOPAXI,5,LA MANA,502,Educación General Básica y Bachillerato,Fiscomisional,47
2023-2024 Inicio,15H00027,UNIDAD EDUCATIVA PCEI PADRE MARTÍN FERNÁNDEZ,NAPO,15,TENA,1501,Educación General Básica y Bachillerato,Fiscomisional,137
2023-2024 Inicio,13H00948,UNIDAD EDUCATIVA PCEI POLIVIO LOPEZ PANTA,MANABI,13,CHONE,1303,"Educación General Básica, Bachillerato y Ofertas Intensivas",Fiscal,9
2023-2024 Inicio,05H01049,UNIDAD EDUCATIVA PCEI SAN MIGUEL DE SALCEDO,COTOPAXI,5,SALCEDO,505,"Educación General Básica, Bachillerato y Alfabetización",Fiscal,87
2023-2024 Inicio,18H00049,UNIDAD EDUCATIVA PCEI TUNGURAHUA,TUNGURAHUA,18,AMBATO,1801,"Educación General Básica, Bachillerato y Ofertas Intensivas",Fiscomisional,12
2023-2024 Inicio,19H00025,UNIDAD EDUCATIVA PCEI ZAMORA CHINCHIPE,ZAMORA CHINCHIPE,19,ZAMORA,1901,Educación General Básica y Bachillerato,Fiscomisional,101
2023-2024 Inicio,06H01913,COLEGIO DE BACHILLERATO PCEI MANUELITA SáENZ,CHIMBORAZO,6,RIOBAMBA,601,Bachillerato,Particular,4
2023-2024 Inicio,13H04753,UE PARTICULAR SEMIPRESENCIAL INTERNACIONAL OCEANO  PACIFICO,MANABI,13,MANTA,1308,Bachillerato,Particular,137
2023-2024 Inicio,23H00735,UNIDAD EDUCATIVA PARTICULAR PCEI CENTEBAD,SANTO DOMINGO DE LOS TSACHILAS,23,SANTO DOMINGO,2301,Educación General Básica y Bachillerato,Particular,27
2023-2024 Inicio,23H00738,UNIDAD EDUCATIVA PARTICULAR PCEI JEAN PIAGET,SANTO DOMINGO DE LOS TSACHILAS,23,SANTO DOMINGO,2301,Educación General Básica y Bachillerato,Particular,38
2023-2024 Inicio,17H03138,UNIDAD EDUCATIVA PARTICULAR PCEI JOSÉ MARTÍ,PICHINCHA,17,QUITO,1701,Educación General Básica y Bachillerato,Particular,38
2023-2024 Inicio,17H04117,UNIDAD EDUCATIVA PARTICULAR PCEI JOSÉ MARTÍ,PICHINCHA,17,QUITO,1701,Educación General Básica y Bachillerato,Particular,24
2023-2024 Inicio,06H01917,UNIDAD EDUCATIVA PCEI EVEREST,CHIMBORAZO,6,RIOBAMBA,601,Educación General Básica y Bachillerato,Particular,105
2023-2024 Inicio,24H00526,UNIDAD EDUCATIVA PCEI JAMES SMITHSON,SANTA ELENA,24,LA LIBERTAD,2402,Bachillerato y Ofertas Intensivas,Particular,103
2023-2024 Inicio,18H00125,UNIDAD EDUCATIVA PCEI JAPON,TUNGURAHUA,18,AMBATO,1801,Educación General Básica y Bachillerato,Particular,180
2023-2024 Inicio,21H00013,UNIDAD EDUCATIVA PCEI PARTICULAR SUCUMBIOS,SUCUMBIOS,21,LAGO AGRIO,2101,Bachillerato y Ofertas Intensivas,Particular,31
